doc_id,page_number,char_count,text_sha1,page_load_error
DOC_0001,1,0,da39a3ee5e6b4b0d3255bfef95601890afd80709,1
DOC_0001,2,0,da39a3ee5e6b4b0d3255bfef95601890afd80709,1
DOC_0001,3,0,da39a3ee5e6b4b0d3255bfef95601890afd80709,1
DOC_0001,4,0,da39a3ee5e6b4b0d3255bfef95601890afd80709,1
DOC_0001,5,0,da39a3ee5e6b4b0d3255bfef95601890afd80709,1
DOC_0001,6,0,da39a3ee5e6b4b0d3255bfef95601890afd80709,1
DOC_0001,7,0,da39a3ee5e6b4b0d3255bfef95601890afd80709,1
DOC_0001,8,0,da39a3ee5e6b4b0d3255bfef95601890afd80709,1
DOC_0001,9,0,da39a3ee5e6b4b0d3255bfef95601890afd80709,1
DOC_0001,10,0,da39a3ee5e6b4b0d3255bfef95601890afd80709,1
DOC_0001,11,0,da39a3ee5e6b4b0d3255bfef95601890afd80709,1
DOC_0001,12,0,da39a3ee5e6b4b0d3255bfef95601890afd80709,1
DOC_0001,13,0,da39a3ee5e6b4b0d3255bfef95601890afd80709,1
DOC_0001,14,0,da39a3ee5e6b4b0d3255bfef95601890afd80709,1
DOC_0001,15,0,da39a3ee5e6b4b0d3255bfef95601890afd80709,1
DOC_0001,16,0,da39a3ee5e6b4b0d3255bfef95601890afd80709,1
DOC_0001,17,0,da39a3ee5e6b4b0d3255bfef95601890afd80709,1
DOC_0001,18,0,da39a3ee5e6b4b0d3255bfef95601890afd80709,1
DOC_0001,19,0,da39a3ee5e6b4b0d3255bfef95601890afd80709,1
DOC_0001,20,0,da39a3ee5e6b4b0d3255bfef95601890afd80709,1
DOC_0001,21,0,da39a3ee5e6b4b0d3255bfef95601890afd80709,1
DOC_0001,22,0,da39a3ee5e6b4b0d3255bfef95601890afd80709,1
DOC_0001,23,0,da39a3ee5e6b4b0d3255bfef95601890afd80709,1
DOC_0001,24,0,da39a3ee5e6b4b0d3255bfef95601890afd80709,1
DOC_0001,25,0,da39a3ee5e6b4b0d3255bfef95601890afd80709,1
DOC_0001,26,0,da39a3ee5e6b4b0d3255bfef95601890afd80709,1
DOC_0001,27,0,da39a3ee5e6b4b0d3255bfef95601890afd80709,1
DOC_0001,28,0,da39a3ee5e6b4b0d3255bfef95601890afd80709,1
DOC_0001,29,0,da39a3ee5e6b4b0d3255bfef95601890afd80709,1
DOC_0001,30,0,da39a3ee5e6b4b0d3255bfef95601890afd80709,1
DOC_0001,31,0,da39a3ee5e6b4b0d3255bfef95601890afd80709,1
DOC_0001,32,0,da39a3ee5e6b4b0d3255bfef95601890afd80709,1
DOC_0001,33,0,da39a3ee5e6b4b0d3255bfef95601890afd80709,1
DOC_0001,34,0,da39a3ee5e6b4b0d3255bfef95601890afd80709,1
DOC_0001,35,0,da39a3ee5e6b4b0d3255bfef95601890afd80709,1
DOC_0001,36,0,da39a3ee5e6b4b0d3255bfef95601890afd80709,1
DOC_0001,37,0,da39a3ee5e6b4b0d3255bfef95601890afd80709,1
DOC_0001,38,0,da39a3ee5e6b4b0d3255bfef95601890afd80709,1
DOC_0001,39,0,da39a3ee5e6b4b0d3255bfef95601890afd80709,1
DOC_0001,40,0,da39a3ee5e6b4b0d3255bfef95601890afd80709,1
DOC_0001,41,0,da39a3ee5e6b4b0d3255bfef95601890afd80709,1
DOC_0001,42,0,da39a3ee5e6b4b0d3255bfef95601890afd80709,1
DOC_0001,43,0,da39a3ee5e6b4b0d3255bfef95601890afd80709,1
DOC_0001,44,0,da39a3ee5e6b4b0d3255bfef95601890afd80709,1
DOC_0001,45,0,da39a3ee5e6b4b0d3255bfef95601890afd80709,1
DOC_0001,46,0,da39a3ee5e6b4b0d3255bfef95601890afd80709,1
DOC_0001,47,0,da39a3ee5e6b4b0d3255bfef95601890afd80709,1
DOC_0001,48,0,da39a3ee5e6b4b0d3255bfef95601890afd80709,1
DOC_0001,49,0,da39a3ee5e6b4b0d3255bfef95601890afd80709,1
DOC_0001,50,0,da39a3ee5e6b4b0d3255bfef95601890afd80709,1
DOC_0001,51,0,da39a3ee5e6b4b0d3255bfef95601890afd80709,1
DOC_0001,52,0,da39a3ee5e6b4b0d3255bfef95601890afd80709,1
DOC_0001,53,0,da39a3ee5e6b4b0d3255bfef95601890afd80709,1
DOC_0001,54,0,da39a3ee5e6b4b0d3255bfef95601890afd80709,1
DOC_0001,55,0,da39a3ee5e6b4b0d3255bfef95601890afd80709,1
DOC_0001,56,0,da39a3ee5e6b4b0d3255bfef95601890afd80709,1
DOC_0001,57,0,da39a3ee5e6b4b0d3255bfef95601890afd80709,1
DOC_0001,58,0,da39a3ee5e6b4b0d3255bfef95601890afd80709,1
DOC_0001,59,0,da39a3ee5e6b4b0d3255bfef95601890afd80709,1
DOC_0001,60,0,da39a3ee5e6b4b0d3255bfef95601890afd80709,1
DOC_0001,61,0,da39a3ee5e6b4b0d3255bfef95601890afd80709,1
DOC_0001,62,0,da39a3ee5e6b4b0d3255bfef95601890afd80709,1
DOC_0001,63,0,da39a3ee5e6b4b0d3255bfef95601890afd80709,1
DOC_0001,64,0,da39a3ee5e6b4b0d3255bfef95601890afd80709,1
DOC_0001,65,0,da39a3ee5e6b4b0d3255bfef95601890afd80709,1
DOC_0001,66,0,da39a3ee5e6b4b0d3255bfef95601890afd80709,1
DOC_0001,67,0,da39a3ee5e6b4b0d3255bfef95601890afd80709,1
DOC_0001,68,0,da39a3ee5e6b4b0d3255bfef95601890afd80709,1
DOC_0001,69,0,da39a3ee5e6b4b0d3255bfef95601890afd80709,1
DOC_0001,70,0,da39a3ee5e6b4b0d3255bfef95601890afd80709,1
DOC_0001,71,0,da39a3ee5e6b4b0d3255bfef95601890afd80709,1
DOC_0001,72,0,da39a3ee5e6b4b0d3255bfef95601890afd80709,1
DOC_0001,73,0,da39a3ee5e6b4b0d3255bfef95601890afd80709,1
DOC_0001,74,0,da39a3ee5e6b4b0d3255bfef95601890afd80709,1
DOC_0001,75,0,da39a3ee5e6b4b0d3255bfef95601890afd80709,1
DOC_0001,76,0,da39a3ee5e6b4b0d3255bfef95601890afd80709,1
DOC_0001,77,0,da39a3ee5e6b4b0d3255bfef95601890afd80709,1
DOC_0001,78,0,da39a3ee5e6b4b0d3255bfef95601890afd80709,1
DOC_0001,79,0,da39a3ee5e6b4b0d3255bfef95601890afd80709,1
DOC_0001,80,0,da39a3ee5e6b4b0d3255bfef95601890afd80709,1
DOC_0001,81,0,da39a3ee5e6b4b0d3255bfef95601890afd80709,1
DOC_0001,82,0,da39a3ee5e6b4b0d3255bfef95601890afd80709,1
DOC_0001,83,0,da39a3ee5e6b4b0d3255bfef95601890afd80709,1
DOC_0001,84,0,da39a3ee5e6b4b0d3255bfef95601890afd80709,1
DOC_0001,85,0,da39a3ee5e6b4b0d3255bfef95601890afd80709,1
DOC_0001,86,0,da39a3ee5e6b4b0d3255bfef95601890afd80709,1
DOC_0001,87,0,da39a3ee5e6b4b0d3255bfef95601890afd80709,1
DOC_0001,88,0,da39a3ee5e6b4b0d3255bfef95601890afd80709,1
DOC_0001,89,0,da39a3ee5e6b4b0d3255bfef95601890afd80709,1
DOC_0001,90,0,da39a3ee5e6b4b0d3255bfef95601890afd80709,1
DOC_0001,91,0,da39a3ee5e6b4b0d3255bfef95601890afd80709,1
DOC_0001,92,0,da39a3ee5e6b4b0d3255bfef95601890afd80709,1
DOC_0001,93,0,da39a3ee5e6b4b0d3255bfef95601890afd80709,1
DOC_0001,94,0,da39a3ee5e6b4b0d3255bfef95601890afd80709,1
DOC_0001,95,0,da39a3ee5e6b4b0d3255bfef95601890afd80709,1
DOC_0001,96,0,da39a3ee5e6b4b0d3255bfef95601890afd80709,1
DOC_0001,97,0,da39a3ee5e6b4b0d3255bfef95601890afd80709,1
DOC_0001,98,0,da39a3ee5e6b4b0d3255bfef95601890afd80709,1
DOC_0001,99,0,da39a3ee5e6b4b0d3255bfef95601890afd80709,1
DOC_0001,100,0,da39a3ee5e6b4b0d3255bfef95601890afd80709,1
DOC_0001,101,0,da39a3ee5e6b4b0d3255bfef95601890afd80709,1
DOC_0001,102,0,da39a3ee5e6b4b0d3255bfef95601890afd80709,1
DOC_0001,103,0,da39a3ee5e6b4b0d3255bfef95601890afd80709,1
DOC_0001,104,0,da39a3ee5e6b4b0d3255bfef95601890afd80709,1
DOC_0001,105,0,da39a3ee5e6b4b0d3255bfef95601890afd80709,1
DOC_0001,106,0,da39a3ee5e6b4b0d3255bfef95601890afd80709,1
DOC_0001,107,0,da39a3ee5e6b4b0d3255bfef95601890afd80709,1
DOC_0001,108,0,da39a3ee5e6b4b0d3255bfef95601890afd80709,1
DOC_0001,109,0,da39a3ee5e6b4b0d3255bfef95601890afd80709,1
DOC_0001,110,0,da39a3ee5e6b4b0d3255bfef95601890afd80709,1
DOC_0001,111,0,da39a3ee5e6b4b0d3255bfef95601890afd80709,1
DOC_0001,112,0,da39a3ee5e6b4b0d3255bfef95601890afd80709,1
DOC_0001,113,0,da39a3ee5e6b4b0d3255bfef95601890afd80709,1
DOC_0001,114,0,da39a3ee5e6b4b0d3255bfef95601890afd80709,1
DOC_0001,115,0,da39a3ee5e6b4b0d3255bfef95601890afd80709,1
DOC_0001,116,0,da39a3ee5e6b4b0d3255bfef95601890afd80709,1
DOC_0001,117,0,da39a3ee5e6b4b0d3255bfef95601890afd80709,1
DOC_0001,118,0,da39a3ee5e6b4b0d3255bfef95601890afd80709,1
DOC_0001,119,0,da39a3ee5e6b4b0d3255bfef95601890afd80709,1
DOC_0001,120,0,da39a3ee5e6b4b0d3255bfef95601890afd80709,1
DOC_0001,121,0,da39a3ee5e6b4b0d3255bfef95601890afd80709,1
DOC_0001,122,0,da39a3ee5e6b4b0d3255bfef95601890afd80709,1
DOC_0001,123,0,da39a3ee5e6b4b0d3255bfef95601890afd80709,1
DOC_0001,124,0,da39a3ee5e6b4b0d3255bfef95601890afd80709,1
DOC_0001,125,0,da39a3ee5e6b4b0d3255bfef95601890afd80709,1
DOC_0001,126,0,da39a3ee5e6b4b0d3255bfef95601890afd80709,1
DOC_0001,127,0,da39a3ee5e6b4b0d3255bfef95601890afd80709,1
DOC_0001,128,0,da39a3ee5e6b4b0d3255bfef95601890afd80709,1
DOC_0001,129,0,da39a3ee5e6b4b0d3255bfef95601890afd80709,1
DOC_0001,130,0,da39a3ee5e6b4b0d3255bfef95601890afd80709,1
DOC_0002,1,102,f1442cd7d354455694f228856aa4d6baf6f9a0a6,0
DOC_0002,2,1192,58fbc164ca1fe049a81880afd4d9f1db141a42e6,0
DOC_0002,3,1253,e45eb07a57b95ddd5ff5c954fb622040b418a74c,0
DOC_0002,4,482,f204b460d8b7c1a41efd460cc84678935d3f72f9,0
DOC_0002,5,2280,d87314ae29d8ec565a20860bf050ff68231c2131,0
DOC_0002,6,2735,d5f20b100f2df1be120c8b4a04ffeccbf89b85c8,0
DOC_0002,7,2100,ee243cc7712357e7c9df7c1f1f934f8980b879de,0
DOC_0002,8,2228,6e4fdef09cfecce0a7923aef662ac73068b253cb,0
DOC_0002,9,3568,12ec8b803539d1a93d0dc6155fcb92b7001ad29b,0
DOC_0002,10,2152,8b065cdf0c89c175915f2cdd78d858642325a51a,0
DOC_0002,11,3506,9c4d7e8bb3f83def009fb72bd0e4687071fec2f0,0
DOC_0002,12,3788,38a5b5e83151f64946a05810b3b213c99daf6621,0
DOC_0002,13,3479,0956aef53db43aa88f111203142dc9fe3985eeb8,0
DOC_0002,14,2820,59a8d4267c690c4b52ff8caeeef1636bc3e2b142,0
DOC_0002,15,4124,bbb784804d722fbd412b3701f6d42c672e0dcebe,0
DOC_0002,16,2571,d1b68a55f15f1d19968b9f83fe8c268e72595ea3,0
DOC_0002,17,3186,1086b1ce5f2a063960ec3a3b10f4f4952216ba94,0
DOC_0002,18,3115,0638f845b3237c4fe90bfcbfa5ea6752e8914ec7,0
DOC_0002,19,2675,c6183dfbf622e23ccc15b7f1d2dee1b7f639d277,0
DOC_0002,20,3452,29f849dddaea50a4dd60c3870bc17282bd69b63d,0
DOC_0002,21,1249,9483cfe116170da1e167b96751a860ab881db661,0
DOC_0002,22,2923,d6120649344675ceeaf5286f3e2117e884bbd3de,0
DOC_0002,23,2341,6b83bbea4a64b24a542a519388f4d793642ffac6,0
DOC_0002,24,2814,7becef6fcdeeff8d2f60cace08fc2c7881152ccb,0
DOC_0002,25,3200,225f07787288490580b3578bd6eacbc7104e7e31,0
DOC_0002,26,3344,5b214f987be3a174fc78e2f786a51e7119527baa,0
DOC_0002,27,914,681882b536b55045b620f3702e97835063034824,0
DOC_0002,28,2222,c7c70f6a80b74c8fc6fbf0b467242f1a6754d85e,0
DOC_0002,29,46,96546e0b77c1b3b8ab2b816f5d1d31c6852cf0bc,0
DOC_0003,1,812,fd844af9e40369dc69cef3d31ff4d320346323b9,0
DOC_0003,2,2540,6db56d6f66078f2734d699c39ac7f4221e5df1e5,0
DOC_0003,3,2599,81675c2e9974593beaf0457d3e14cb330c1c9c4d,0
DOC_0003,4,2585,0bd88c2b13978cce7cc92ed9aa3ec8069cb10b11,0
DOC_0003,5,2697,7088435b02e714aa28f55af624c2011a91b3df81,0
DOC_0003,6,2716,c9dcb4da82f5ec6a0cadcb6c00ada390c68d2613,0
DOC_0003,7,2645,3f929060bbf99372194502030b7d5f16ede2c8bb,0
DOC_0003,8,2574,1dd45bfd2a0d2221516f407ce1be2f8d67cb894a,0
DOC_0003,9,2724,d85c6ed5c92a5b1a088e64ba802c442598fdd7a4,0
DOC_0003,10,3039,b4fdd5544b2483affd43e122e7739b902e47edab,0
DOC_0003,11,2820,5b3f77cc9a52d52cab5c835afeda9cba9137b7e0,0
DOC_0003,12,3540,4ded1c8985e196f19d285e4a4f5bd6bdb1115634,0
DOC_0004,1,51,9e7efb23197d175b3d02b2e68ece6a5dad73945c,0
DOC_0004,2,0,da39a3ee5e6b4b0d3255bfef95601890afd80709,0
DOC_0004,3,114,49c9fb94f8d257e58e89255b64586155eb729d3f,0
DOC_0004,4,1670,d00eed6d6f5a4c555a90ede016776073b85e10c5,0
DOC_0004,5,2114,56fd8030ba79c6b12e87e03d189ffb87491c27d0,0
DOC_0004,6,2235,7462bdb7fed1200b7f961a54f7ac1197ac3006cf,0
DOC_0004,7,2213,7c84177002928eba304413b79e2c97fb9a9e8107,0
DOC_0004,8,1932,992f8efc37ddddcaab3590699f55c949e1eba3b8,0
DOC_0004,9,2208,35114ce8fa95c6470b05b75a92b445db19385bdc,0
DOC_0004,10,1614,a247b6662834d781815b51916664c06e3788db4d,0
DOC_0004,11,1970,a6426a73ebec91abfbff959b292eee7a02c23bf2,0
DOC_0004,12,2189,e8c68203bac3b2b9a74cabf1e6d71ab169c1ff07,0
DOC_0004,13,1747,d8301ed2bf942d2322434f88ebefb2999a16a6ab,0
DOC_0004,14,1833,c732ca1e6df094f8d2b7a4f4d31cbce8509d0195,0
DOC_0004,15,2406,881eacd06f15e05e0ea456ae65ddb6d34214f5fc,0
DOC_0004,16,2981,a97c80e011f9dee1b280f2f4b66da6381260adce,0
DOC_0004,17,2714,bd689c9c1ecba37ddf21706c49d379677c63d1dc,0
DOC_0004,18,2607,53caac34906cc5c4bb28353022693a8adb25df51,0
DOC_0004,19,2878,a79cdee61b1b093556a66f085271afdbbd429594,0
DOC_0004,20,2797,a7bff4f4bc283fc2b6040401c1ddead4d1fb7d1a,0
DOC_0004,21,2219,81fd428a8c1bce635b67625427daaa0106719d86,0
DOC_0004,22,2071,8a8b2417eeee0b8bad10de1cbc88a756cba43a05,0
DOC_0004,23,2342,f8d97aa40e571c59003c060463a19f2c939a9044,0
DOC_0004,24,1854,33f3e7053586e326077de0bfa6aab13b31f15c0b,0
DOC_0004,25,2500,a5d3cf146af401f3c5b7b91aeccbcb7b72c07d79,0
DOC_0004,26,2532,0575a8aa57e23d340198a747c96494ff40a4f193,0
DOC_0004,27,2222,eb8d71b5600d9eb79eda4929796da86078777327,0
DOC_0004,28,2351,3863c9651cfc881a2d4c2aa29c07c3ba3210db11,0
DOC_0004,29,1705,40c3f9193c0c4377cd0ccbd81ec15629e3599af7,0
DOC_0004,30,603,0a7b602bd042abc0c208c508e0b3341d2fdeb4b5,0
DOC_0004,31,2523,28d16e9ca80dc2d1aac4b37da7794699593a0615,0
DOC_0004,32,1981,f39a864e3741762d3457a565525639cecc435039,0
DOC_0004,33,2386,4a4f45aa591923e3624ead13d4809559a34676bc,0
DOC_0004,34,776,99527a25d69d3feced3d90320fe7797e498afa2b,0
DOC_0004,35,0,da39a3ee5e6b4b0d3255bfef95601890afd80709,0
DOC_0004,36,64,0b0788ff5ee831cc884e09e2e10c895025c8a856,0
DOC_0005,1,3172,61af818a499c62596cd2c20e0696769249697713,0
DOC_0005,2,0,da39a3ee5e6b4b0d3255bfef95601890afd80709,0
DOC_0005,3,2449,8179acec85f7a3a21314be58e1ebaca50066b727,0
DOC_0005,4,3038,1be56c33ea2b507fa1725f2f08c65d2182dd9e6d,0
DOC_0005,5,3299,c834cc19d540af4b3167936ab71f1ac94d08bbd2,0
DOC_0005,6,3283,0d35d369458b67bcc901024ca74459a466418c2b,0
DOC_0005,7,3478,17f60a214abbef86fc8778433eb13dc3774c73f0,0
DOC_0005,8,3653,6cd1f12fc67bcb0d64ce95c63261ccb5b5a8a269,0
DOC_0005,9,2491,e23e78a2ffd80d788a7f2192aae299a0bf6c1b04,0
DOC_0005,10,3088,bf81a83fab5cac2738350a6f8f645ab2301e802f,0
DOC_0005,11,3170,7de415e0d74821ed2de77e9aff393bb41c77e6a1,0
DOC_0005,12,3796,ca74c1d7268467d49cbb5c39a12203cb595f5b23,0
DOC_0005,13,3568,3fc4e775a3e6ec43fa5f864822ce990740c02d98,0
DOC_0005,14,2582,595224ad7e7cb61a3732b895b20421ee8b710c90,0
DOC_0005,15,2969,00a81009498cf84f97b94002c82de502461190f8,0
DOC_0005,16,2217,ab9548cee3bf06d86af49b7a2867ee1785bd3bec,0
DOC_0006,1,40,83b623acc9063d00e0ca21c51223de8043a4b126,0
DOC_0006,2,525,ca62a0c3bb6651730d4a9adb22be1f97534a2e29,0
DOC_0006,3,40,83b623acc9063d00e0ca21c51223de8043a4b126,0
DOC_0006,4,0,da39a3ee5e6b4b0d3255bfef95601890afd80709,0
DOC_0006,5,1973,deeb6341d90e5d07676d1d3796ebdfe28236f973,0
DOC_0006,6,1337,a651c214d2ca3a46575c3a283bdeb360f4d3edf4,0
DOC_0006,7,12,9669201cb04cf28867686135ea49fc410dd04766,0
DOC_0006,8,0,da39a3ee5e6b4b0d3255bfef95601890afd80709,0
DOC_0006,9,1138,66d8c5e08a19b0dc3a076fc572c107975622f713,0
DOC_0006,10,1176,63bae9223c17026a65470f045eb102e67ae15737,0
DOC_0006,11,606,7f40a2f6c4651de124e85d99ac4c8e1e5dce259e,0
DOC_0006,12,1023,066de523f101418868edbe901242324024011094,0
DOC_0006,13,1206,4ce6776033c40d3f65e630a8f2f79bcaf671c89e,0
DOC_0006,14,1119,d8a1a9d8b675f7a10c77ba199255d943a253816b,0
DOC_0006,15,1018,d317aa0a571dcab7ccee0241557010ece5c0cf49,0
DOC_0006,16,678,d577b9995f41c91b4d542663848594660e735e66,0
DOC_0006,17,825,72ef97941bfa38279e1e92007b0db19139b48850,0
DOC_0006,18,756,6e00f654e560cf023fe758361bb4c9daedab815a,0
DOC_0006,19,1173,5b0664f62ce789ebe01b0d875c84628f1aeb598a,0
DOC_0006,20,1127,b189afc7b9b8f4c5caf6a4f57d9934f080d6f843,0
DOC_0006,21,806,5c73ae65c5d9773955d9d166556a8a2503e427c1,0
DOC_0006,22,1196,6fd8e9ca28b0a37793b74c29c68089039357e6fe,0
DOC_0006,23,885,a46898ca610161074f361837171f6d1921a07667,0
DOC_0006,24,977,d53a9425c6642e070a5dc3d3a476b69bcc1cc2bb,0
DOC_0006,25,1127,f3a1112531edad5ac7615769219b8744c1716e03,0
DOC_0006,26,1013,a98a946e9396fb182ff42d7a933d763d0e889a33,0
DOC_0006,27,1145,485a11964becb49ae16cef3c61599c49467bcebd,0
DOC_0006,28,0,da39a3ee5e6b4b0d3255bfef95601890afd80709,0
DOC_0006,29,33,4bc704976eb325fcfca72c7c6e6348b329540d57,0
DOC_0006,30,0,da39a3ee5e6b4b0d3255bfef95601890afd80709,0
DOC_0006,31,891,d04d705f7dbed42f4b08ffb90d72e6aa29a6031b,0
DOC_0006,32,779,bc2df2f6cf16c12203294a544ed53e0892cde726,0
DOC_0006,33,684,b78fa1488cd296cb6accc819e505362353af0852,0
DOC_0006,34,877,fe709a111044eda2ebd61885425044fda08039fb,0
DOC_0006,35,700,132730188b1a3535a9b4d06056a28b56ca3f7a07,0
DOC_0006,36,894,b0908293f0a79029751e92548f2ade0b94765d3b,0
DOC_0006,37,855,2fe9369566dd2e545ceffc8044206216e63c7f57,0
DOC_0006,38,1107,05cf3cda6680f115a3747fabd9ddd82bd5972209,0
DOC_0006,39,955,910442831092aecd578be98e90a8350865754941,0
DOC_0006,40,1124,12c68d5f318f54e0af12023abc3fa60f467bd599,0
DOC_0006,41,1155,342bbc6c207dc487e4b226bdc301a3f5d2cdfc8e,0
DOC_0006,42,870,3030bde71b95a3322394c4ec12d6cadfe3ce25b0,0
DOC_0006,43,879,05c66b323fa013c9b6fe5829fb90524c9411aa41,0
DOC_0006,44,1007,41e03fcc34a3edf719598056787eecf23ea6cacb,0
DOC_0006,45,919,3b9f1dc643819b3f78ce72638932f208cdc1e939,0
DOC_0006,46,1279,03910e4d805bd2d99ab2b070b5ede3d29414353e,0
DOC_0006,47,1063,ad02931ef2d814c1fe5fd0e6018a0fad29f17ff6,0
DOC_0006,48,673,9817386e9952616b329c8b3fa513c664b19ea035,0
DOC_0006,49,514,f246af8e3a6729d91e48d48db841994121de5f56,0
DOC_0006,50,0,da39a3ee5e6b4b0d3255bfef95601890afd80709,0
DOC_0006,51,70,f223c553cb79d0280da29a0f75c79eca32cc7a84,0
DOC_0006,52,0,da39a3ee5e6b4b0d3255bfef95601890afd80709,0
DOC_0006,53,1091,934e6e84168651918de13fd1dd5bab7e9a4cb93b,0
DOC_0006,54,675,631e5961bccb47810c9e81f7cb67ce17e7bd93e7,0
DOC_0006,55,71,af11102bf339d838193518c6110fc10630e751ed,0
DOC_0006,56,0,da39a3ee5e6b4b0d3255bfef95601890afd80709,0
DOC_0006,57,822,a6bb5bec2bbea6d9a951561146d4dee907d8c423,0
DOC_0006,58,750,04339545aa64c82af7538a065b4463904332da2a,0
DOC_0006,59,759,85a0715715069371c5ef2e053103b7419f0b1c98,0
DOC_0006,60,657,e898e34e51f3669860a5e6854417b08547bbce81,0
DOC_0006,61,940,b49b477fd2b17574fb3d30fbf0d3ed30b65de2c5,0
DOC_0006,62,795,0c85994c32ffbf52cfd5e253c9be14886d615051,0
DOC_0006,63,739,c5202bed736b68b0e72e9a3e41012688b890c93f,0
DOC_0006,64,675,794098d8d1cb23981b5b9c88dc795c4078ec816b,0
DOC_0006,65,113,a52ce847e96b23082c97a566d2de06499ae7f433,0
DOC_0006,66,0,da39a3ee5e6b4b0d3255bfef95601890afd80709,0
DOC_0006,67,1123,d29c1ae1d9803ae11bdc0fd1a1628dc74e83d83c,0
DOC_0006,68,1403,c5b4457c4027a59227272444e32e2ecdcca06ba8,0
DOC_0006,69,1200,9e1edacdf2d1ad239d59910d56d5962f08ab4da8,0
DOC_0006,70,1317,b2a35130ca086d5ee2b7690b52ade9ab0b545646,0
DOC_0006,71,1281,fae87987a6b99793c84a5abbaa34db26a47082a5,0
DOC_0006,72,1039,97371a97d436e506b31b8fc5285968b088b2efcc,0
DOC_0006,73,1261,8ad86dda70e4db4d7ca679d9ae29d4d48017d44c,0
DOC_0006,74,1251,e867ea64a0bf4e40fd3e1b44074587590f5b6b15,0
DOC_0006,75,1203,27ca813566e574c584e577ba53db54e797472def,0
DOC_0006,76,1142,d6c7c6d2c13bd9b4a1020f80de9ade33c95a06b0,0
DOC_0006,77,1183,1cf108b06ec9a47121051bc9de72c0952c5d65d7,0
DOC_0006,78,1180,3709753f81c057703ab5534ef1be03bfc80fd3fb,0
DOC_0006,79,1012,a789bced7417fdc92f677e8605798d7f7f5624cc,0
DOC_0006,80,1150,4e441f2ae95e70021ddbb8ac1be083e2dfdcbab9,0
DOC_0006,81,1138,63ed6c0349a8975313d2b8ba24ec881a71caa021,0
DOC_0006,82,728,94962f5c80ab15ff57777a371873be50799771b5,0
DOC_0006,83,0,da39a3ee5e6b4b0d3255bfef95601890afd80709,0
DOC_0006,84,40,83b623acc9063d00e0ca21c51223de8043a4b126,0
DOC_0007,1,208,5f38189cc649e70c780223cbc8edb5ae6e9366b8,0
DOC_0007,2,0,da39a3ee5e6b4b0d3255bfef95601890afd80709,0
DOC_0007,3,1030,19ba17ce157236e4a5c2b79ed7f8ce243d78ba3d,0
DOC_0007,4,1556,98ef907f33467d689dee967d350af99148db0fef,0
DOC_0007,5,1446,7ec81537bfd0281c19349bc18efaf2948fa82c17,0
DOC_0007,6,1105,bd45d9e658884582bedb46bf867ab076df999ae8,0
DOC_0007,7,1418,6884ab87b1596e41c5060a09778ba251575f10ec,0
DOC_0007,8,1356,ec01f2dfd320a93039f5ceecf26a22f962196097,0
DOC_0007,9,1109,a0e977173a1bd8dc648111b6f66befb42c907ae6,0
DOC_0007,10,1244,84939acb53594c04e1a8698dfaeb271905c1b020,0
DOC_0007,11,1246,0ffa373a6298f59e28c3a8b509790ccda4f5711c,0
DOC_0007,12,1072,f1591b7a5fc3bf3b4dc5e126b00298e667586602,0
DOC_0007,13,1479,80a5bd714ba1f4d3758dfd876512aa8b3c765bae,0
DOC_0007,14,1011,27a79f6453ad4a18419907d7c819dc08247a7512,0
DOC_0007,15,1521,5fb642e718de1ac9ffb5c47bc5a4d543aac4e0ae,0
DOC_0007,16,1259,fd731baca3cba4f10160395becd98fddc552f721,0
DOC_0007,17,1158,32e18f5246b382c9f48d230b5667aeee66ec92bc,0
DOC_0007,18,1189,19da79ad6c86ccd35ae2100e1913529bd6e3cbab,0
DOC_0007,19,1239,d549f9e7084b25049ef4e1c243e9f093a8376de4,0
DOC_0007,20,921,964ef2d4ea16db3b51452e088940472f963c4d0c,0
DOC_0007,21,1528,74ade49103b95f5abc3c60988dcbc14bfe47a6c4,0
DOC_0007,22,1462,bad29695d789afe97f9bfac38d893d39f26992e9,0
DOC_0007,23,1501,59e909fd6d7c5d3fd83096482b88272a62522f60,0
DOC_0007,24,345,28d6842ecf62c2aaafb0145cf9ff637468334ab9,0
DOC_0007,25,1179,63988b9b5cf3e7065b7d20a6718d70a20a0aee2a,0
DOC_0007,26,1305,e7d5eef8defa4c85ff8a936e9e29470e10769798,0
DOC_0007,27,405,8740ba815e48d63537c6f6316d93ec62bac07d59,0
DOC_0007,28,1302,4a09bc8425b54d9aefd53a06ce5fdba4f6d4038a,0
DOC_0007,29,1578,cee877215e7ac3779d342b631e5e70e59499641c,0
DOC_0007,30,1035,ef2abf880b0c8f91409bdb0915c87bbba54ed4d2,0
DOC_0007,31,1422,b20f2e1a76adbae3b5e4595223baba40d626cd9b,0
DOC_0007,32,385,efebe9a3bea86b4c8937782dfea2e872609b520b,0
DOC_0007,33,525,df4c872b31b608da09e8c49959db4c6a923989c8,0
DOC_0007,34,1154,2531e48b652e8522979dbe8937a1ddca5a550951,0
DOC_0007,35,1593,2f37a7cb14a2b0a5d6be1abfb7a40727a826e104,0
DOC_0007,36,1335,85dc58db1c90e5a9cddaee32bef345136608b4be,0
DOC_0007,37,1390,2f8d71db3d8d84920240ec3cc597bd04e618fca9,0
DOC_0007,38,1465,526caab878d77416fe213c2fbc156231ec7a92ac,0
DOC_0007,39,1230,5becb93030b4863b87fd28b5bb20c826b7c322fc,0
DOC_0007,40,1634,7f5c4f0cb938374edf402c6c6b1740ed5c45cc6f,0
DOC_0007,41,1198,c630fb7714b73b6fbd447e57e1e883a1939f24b3,0
DOC_0007,42,1315,e451b01309d8a8a327f394fd1c84176de3878cb7,0
DOC_0007,43,1182,90473dceda1653ef324bae4fb5e0eec8ae4cbd0a,0
DOC_0007,44,577,963a93eb58e29e368766fb13ae88b3582ab643a8,0
DOC_0007,45,1223,e7f33f640687136f441f4100af67fba7fee2dca8,0
DOC_0007,46,1218,6a900ccaa6569074f90f1aa8b9ee11fede6814e9,0
DOC_0007,47,1059,4a22b520aa8a98d137fc5462f18c5c86be25db50,0
DOC_0007,48,428,f350bc1e7a3088ec6fdaf54d53820f4a8da8f70c,0
DOC_0007,49,1015,eaf6cd1a47b831329edb34b1ccef41dc2a8213d7,0
DOC_0007,50,1210,cd8a5b99ae15568b566c85acc51bb245a7bec539,0
DOC_0007,51,1183,acc40fdef1a385bc8f168e3ad961ff3f06a9dcb0,0
DOC_0007,52,597,92189d47b934fae718f69d0ddb125a987dede499,0
DOC_0007,53,630,c0b0cd2e9075f1337c89dbb35753adc9bfc49ecd,0
DOC_0007,54,1501,9a70523bd6328e57162d1613ecc7af6778b45250,0
DOC_0007,55,1199,2d22c102b53c437c9ef9f5956fb3eef784e86704,0
DOC_0007,56,1417,d466f719bb10cbb4a6b47cd60d1918682f3766f5,0
DOC_0007,57,1798,504562c9a8693c54c2383991516c9de6cd3f4717,0
DOC_0007,58,1118,eb4216672cf7bd8a2b70cfe78b53b56629214e6d,0
DOC_0007,59,1538,18bf5240912beb910c9c21f780cf01b617b2ad64,0
DOC_0007,60,1203,1f74ae969c47a503b683e5a39ec7b97c2c818b50,0
DOC_0007,61,1392,c4013de9efc9f233a12b8cb973793987bcb201be,0
DOC_0007,62,1419,6de41dd43d1835cec69da78c96bc14eeb7b478c5,0
DOC_0007,63,1332,01ca3800645cf452c49734ebea13440189157cc6,0
DOC_0007,64,1494,872fb7cf085e2565e083901b52376d1d10d5de4a,0
DOC_0007,65,1338,b59683202e5d94a7e610e7783e43e250e88e774b,0
DOC_0007,66,569,99d3ab3d38126e98c50dd903913f599e3aa44a6c,0
DOC_0008,1,204,5a2de6cea095ec75c4b38ca92e4db4a62e9c627b,0
DOC_0008,2,0,da39a3ee5e6b4b0d3255bfef95601890afd80709,0
DOC_0008,3,1020,14830138df99f7cf9058d1fa837ee97ec6221a21,0
DOC_0008,4,1537,9e62aebee2d05ae49adb2a7fd3c19c2b003d39ed,0
DOC_0008,5,1758,1a7aa4eec7334c04ac45906adec594a387a2154a,0
DOC_0008,6,1490,532c0acc65d692a2cb2b94a06f461dfa0245811b,0
DOC_0008,7,1403,0c6fc66a7185c46fadcbf385491f200c0c3dc25e,0
DOC_0008,8,1276,0b33a338816ed5a8bbf12b1d4a363298bcb366c1,0
DOC_0008,9,1569,4e02120f4cb5d147ef0786d18e596f0a5c915760,0
DOC_0008,10,1384,af36593180644b74ece21211f0db83009ecef732,0
DOC_0008,11,1307,2c3f17566b6db41a35146f062a0b61e2dac1d7ee,0
DOC_0008,12,1569,cbacf3171ded7e9000927ef9a90628881258cfe9,0
DOC_0008,13,1551,d5ef9bfc64a5226e4a97e269016c8452c3349045,0
DOC_0008,14,1634,49b16c3386b7edf33789f05846b6e5063da84a64,0
DOC_0008,15,1975,e2114d79bf524cbf61b3a41f756cfda38394267a,0
DOC_0008,16,1381,d0e036da7b436379d553ef525905b4da1140e275,0
DOC_0008,17,1343,b855318e7be7cb73de76c59053c2d7e6f4c950cd,0
DOC_0008,18,1508,9b2bae682c0a5fa3a0042f02b6fdc174126ac117,0
DOC_0008,19,1338,1e0bf2cd0fae6d7ab3ad7a2b7701c7ada0e40591,0
DOC_0008,20,1582,2ef15a041a771b76c5cd3ce1453f09ae2bad7a28,0
DOC_0008,21,1636,df265864c30d4a51fd3e535b352cc187b0c0b2af,0
DOC_0008,22,1130,ae28b9b610e6bfd43a07679b4b8c6d2194c0e061,0
DOC_0008,23,1285,0d59bf500f65771d0489dc1cafdfa477302b8b38,0
DOC_0008,24,1118,0fe6dc116ac8f4b70dc2063a90e4135ed42dd5aa,0
DOC_0008,25,1547,06193a65f47865bf864818545c77678616b250b8,0
DOC_0008,26,1213,e924e97882881185cfa5ee629dcd15168d246966,0
DOC_0008,27,1273,e9169f742246ba7373b9a72d15ec54c992d1b418,0
DOC_0008,28,1287,974e5d7af7e0c68c25bfdf8b1967ff5bd070f1dc,0
DOC_0008,29,1366,616dd2c41bb541236966efe5c437065237047f9e,0
DOC_0008,30,1722,5db3515523fef2db2b58ec3f0bfd8126e8dc552d,0
DOC_0008,31,1265,7bfd2e0382304d7155493a46fcb6a40d53971ec1,0
DOC_0008,32,1309,718ba06bceb19d739119bd84fb72b1bbf99981fb,0
DOC_0008,33,1780,1fe2a8918de4d742a222f579ec99c5c1e80b7186,0
DOC_0008,34,1426,b700fc70d44297e4c1bc97decf479c8fba6204c3,0
DOC_0008,35,1148,418c6e546e8c005e8d0a9aada714cbcf01316b54,0
DOC_0008,36,1432,a9c604388f47c7b18ea1141338d4cb6906235f28,0
DOC_0008,37,1445,5eb65d99df8cb6fd694b43cdc7fbd027e84d9099,0
DOC_0008,38,1528,5fa14c3f11ff246094c127aa7aa52df28527b4fb,0
DOC_0008,39,1231,8de192c69af3d165ed426a3e41a2805bf4d0821b,0
DOC_0008,40,1253,bcd43ad0982b45109ac29f87af0505f1232d1f8f,0
DOC_0008,41,1648,0f3f514fd591de370c95c365c46b4da313cddfd4,0
DOC_0008,42,1282,ac1cda0b547f8b51d7a60fb90834b448ad05b4e3,0
DOC_0008,43,1854,072d8b0eabd9b8d55dc4c346314df2492ed5af2c,0
DOC_0008,44,1373,83a9ee0d395f552aa0a8d3cc216e665c86036391,0
DOC_0008,45,1431,975a5bb3f8bb82ef3d5c893dc5fd0298bb687bd6,0
DOC_0008,46,1270,4d5852df059673e5ff06ad713b31f3ee8bdeef5d,0
DOC_0008,47,1458,3900d6c0f3231b47993c9cbccab23de5114d09c4,0
DOC_0008,48,1238,f87a508014ac01d260a99c76910293345ce68977,0
DOC_0008,49,1713,2e3a14d3857a2d94a63337fa3964ebfa0b373155,0
DOC_0008,50,1195,84eb72694d1ca22111ceeda796b81ad58526593f,0
DOC_0008,51,1329,f832f8b2bc2b03aec1b62453a9bcf9b480ff9b3a,0
DOC_0008,52,1391,5f3a4e486a233c8a8446beab5de341ff54afb6a7,0
DOC_0008,53,1673,fec2c179e3b09d8d5f7e6654e55b69e618b8f6a8,0
DOC_0008,54,1634,3eb267254118b1330cdb04dae24fb3b68ad4376a,0
DOC_0008,55,1276,9ace894a7786990cbae62ce372212eb1c99b3274,0
DOC_0008,56,1633,82c8c66a2ab88ce0ea31b9ad0b84f1018635a2f1,0
DOC_0008,57,1679,f2e651cff164cc399e8dcd580c060e6de2c18bc4,0
DOC_0008,58,1561,65f1714a38bd22c918e5d972484b9fffb1bcf1b5,0
DOC_0008,59,1170,2c103b74a0ddbfe8fa4c92e179c46e064d668e37,0
DOC_0008,60,1442,508cbabb48ab1fbc2602d90e22e30ee73b3efb8c,0
DOC_0008,61,1751,ccf618256d9a3ea676b0ae1715d7ec65dc937199,0
DOC_0008,62,1468,e17f9d6f5b9d4d27206b6d335f645164d43be6ad,0
DOC_0008,63,870,6ec10d8d0c1cfa1167e5334767392a435fb6b17b,0
DOC_0008,64,1254,c9a6041dcf7a11fea23777f81d9295b2c1b38bf4,0
DOC_0008,65,900,9e1e68627bb863c4abb46c2b37d5134676cf1cc0,0
DOC_0008,66,938,da6559487c62577e6ea3753c4acd6a5387026d25,0
DOC_0008,67,956,836470f3315a69bec9aa50eeb9e72e0a48a06725,0
DOC_0008,68,1320,fbc34cc910405aad73d7bb9ca4907d47de772d74,0
DOC_0008,69,1390,70fa20098cffd233acaa4553bae4aaee22b7d4ac,0
DOC_0008,70,1565,4fb0b0483b9a45968cff0d5310c7d538c9e08bd8,0
DOC_0008,71,658,63a80fa842038a106bfdfb611acbcf22947c0776,0
DOC_0008,72,1102,5bb057621e31a4657e9b5fb24ed48242176292f2,0
DOC_0008,73,1215,a4d2d96f9b29f4f6c17b72230330fdec4cc64c83,0
DOC_0008,74,914,4a56877d6b174a78fcb49ebb3af6537c6d99575f,0
DOC_0008,75,1198,315cded9b7ec95f761cc16c65b3087b0912f2e99,0
DOC_0008,76,1260,dc4d924ec48a49f4811febb9d72c23b5f68a0276,0
DOC_0008,77,1703,d6857afa141b04be48f4715626282d25d5024170,0
DOC_0008,78,1687,9a7bcafb1285364cdedf32ee099a9ff338758742,0
DOC_0008,79,1276,586a217ee50a6276f7f1b2a511092bfe691c7af8,0
DOC_0008,80,1225,c5f78e466d4806ab57a729f7faa366eb096d4384,0
DOC_0008,81,1082,261f3865f2e43ba9dd9737c18caa2316a6dd343b,0
DOC_0008,82,1069,747ff5274b69d7347ae65e3d25205d72eaceff63,0
DOC_0008,83,1258,d4adcd46a9e45f0df7f2784a17d9357b7097feff,0
DOC_0008,84,1319,cebd39613a1b436356760bce08e811f73b609e19,0
DOC_0008,85,1807,22d4715645f3aae094beeb708850d38a37662cd4,0
DOC_0008,86,1303,efd1d2c3b9e7ba803e701d05ff71c895122fa456,0
DOC_0008,87,1704,b4031afaac1f0f3514e516db7976402ec01c4f74,0
DOC_0008,88,330,8865cacc74896479880cf43d3b8efe296af1ee83,0
DOC_0008,89,1233,c8d424e873104fc14d9094b9923ffa3c31f7a6f6,0
DOC_0008,90,964,fc849310a7195725222c4f4d657d831905750a1d,0
DOC_0009,1,5499,a9bb859ac22ab786edbdf249ae541e43e8e9261e,0
DOC_0009,2,5185,0b7a6a7708ed383316885c3c696ad50bda2a1cb2,0
DOC_0009,3,5298,9e0a8aaaa10489f3a12ac44dd709d90b3f32afd6,0
DOC_0009,4,5554,2a4754b77e077ea58489e27b2881f16c3810a32c,0
DOC_0009,5,5524,72abde4c6a4a8f952035803de17e12167f6dee1f,0
DOC_0009,6,2604,cfd205f98016c379b2deb0734592c816be276d57,0
DOC_0010,1,150,f1ed42dc671b88572d6752b4836bc07a51fb6386,0
DOC_0010,2,155,37ed2b6e7088aff8639298f5f06ddf1123cc2f20,0
DOC_0010,3,3279,5da5d7b6990f9a98069a66d59635c3809db6d6d0,0
DOC_0010,4,155,73872db65c6f99e07c9ac9626cd399f13162a4a2,0
DOC_0010,5,1373,6a647bf93ae286831f5621a903ee3282ba0db0ca,0
DOC_0010,6,1,c1dfd96eea8cc2b62785275bca38ac261256e278,0
DOC_0010,7,1884,a99acc31f02f2d273152e8e364e111faead88183,0
DOC_0010,8,2945,5db1aadccf216a671da26e2fa30d480ce54365ee,0
DOC_0010,9,3006,f6290f87e5e50a8706ec5799540416ca64b88480,0
DOC_0010,10,2307,fec17a45e4c590c02f09a03bf8ac76c2a580ae3f,0
DOC_0010,11,2455,a95e042f9700bddbe6caef8e2839bb903332efd4,0
DOC_0010,12,2693,7314ebd10eee85621f90ee076d16b93b9753c1e6,0
DOC_0010,13,1218,a293d0d37d0e53808e48d5fb561666b6aa221891,0
DOC_0010,14,664,3ea58e29893f0be45373b33b421c51dc7325361e,0
DOC_0011,1,103,03cfc4c9f10178ce83648ab3043bf904cb23509d,0
DOC_0011,2,1107,5e0cfbadb652bf4b5e0a938f4cc1776189fafbe6,0
DOC_0011,3,3676,87af800bc6892e4c8351080021a4198669645aab,0
DOC_0011,4,471,8bf941b3dfa3dae7382cdb4d03dfa496569425a8,0
DOC_0011,5,8,56c61246062078152b112a9aa6c803ba9b94d1eb,0
DOC_0011,6,0,da39a3ee5e6b4b0d3255bfef95601890afd80709,0
DOC_0011,7,2282,59f46e5d0ae901587e754f6a8f90198bc9503636,0
DOC_0011,8,3052,9ddbf359a8167a87ae57662791498a7d0cf25f49,0
DOC_0011,9,3432,1973321356d695d843d4ff79ffd8bc7ad6e6bf9b,0
DOC_0011,10,2613,3b17628c9a412f910496bb98d40a6ac9b470e6c0,0
DOC_0011,11,3129,76c21148f2fe9362ff85356899204e199bd0c9a7,0
DOC_0011,12,3704,816e5b04a9ecb5c242cf6b8274ea13376860bffa,0
DOC_0011,13,3105,f8add2a0c6f988667dd4bc0b0d33fd9168ff131e,0
DOC_0011,14,2878,ce54ee86d171f4fbdc626378a3077d7207294246,0
DOC_0011,15,2878,68e735d989e59d278efe9307a678d05ffc827f53,0
DOC_0011,16,3673,96e707b70697c6945171b06c8a0b1d36d174c1c8,0
DOC_0011,17,2710,ec444edb079fb9e1a6135f5602f21a9c9becb6b5,0
DOC_0011,18,3007,2a092a685d0a21ead8f0d47667a6b5310745f445,0
DOC_0011,19,1771,46195ca826e4e7bc7e76cf07b58cd781b7b00977,0
DOC_0011,20,544,debdc15a746bfd621ac829530e8a20a0c81c68fa,0
DOC_0011,21,2535,a38d0e0e39f98c7c73e481f8b28b8dc5cb2549aa,0
DOC_0011,22,2529,f8be14e2c93c28c8898215cbdf4189d552930c8c,0
DOC_0011,23,3486,5226e57ca323032bf41ae64970ba060d852319a7,0
DOC_0011,24,3379,5512f3bf0345b37d9d6bc8adee72c9dd58c621c9,0
DOC_0011,25,2458,dc3e0311a7a218fe51ee8d5728ae122cf4bcc302,0
DOC_0011,26,3121,6543db8cf50af1c0ed3ecef1129f7c7d81949c6b,0
DOC_0011,27,3041,dac82f46892e9e91ad90685cca257cf2b84698d5,0
DOC_0011,28,3175,a8ac2b1c86e1f3884f2427524f132f6356543ab4,0
DOC_0011,29,2920,0f6f939f6c2b8ad7d78b6445aad57f92b68a8ce2,0
DOC_0011,30,3140,e5da7b04d939198a4d235dc63af1bc97ec15442a,0
DOC_0011,31,3144,75f447078d3cf095e85e65235268fdce14c62082,0
DOC_0011,32,2865,41840e3a8e8ae85aa807a4a317fb1170fc9f2b39,0
DOC_0011,33,3344,362bc6ef5143a548b954debaea2d7ae3c2fe3c1a,0
DOC_0011,34,3168,4212672f7d2ae143b799ad352d17a4661182efda,0
DOC_0011,35,3010,630462c74c68ea0c08bca0d9cc0b9c837d7d632c,0
DOC_0011,36,3037,26f281f0ed108b5cd90bb015afa4e6ceb1f9705b,0
DOC_0011,37,2760,e5f16f0f7f6182dfed941610b76a3b6c662b6ccb,0
DOC_0011,38,3476,b811d743a3de3abf27981eb56947c806d808bf1a,0
DOC_0011,39,2755,1db23c0fb56331c34f23e86a83e1c1626ce84008,0
DOC_0011,40,3420,f05899911491a766f62b1d5d35d3abf51581e21c,0
DOC_0011,41,3172,d1c6ff330ee8714df5d7587d6d07deaaff555d1b,0
DOC_0011,42,2795,47d921495af5926cdf94de98c9ed2093fea04169,0
DOC_0011,43,2592,bbe817234588c83037fbbbc9ed2a272bae3e8072,0
DOC_0011,44,2316,7e701d71f7139e6fca2c24d05eca2d7774e2b571,0
DOC_0011,45,3073,88d26985896a5222e2118cdf06097085641c2621,0
DOC_0011,46,3629,1379d780cb4629eb53113d2fb57449eabf04b875,0
DOC_0011,47,3172,68bca9811fb2ecb73748af5b54209ef2a514823d,0
DOC_0011,48,2711,e0165f42fc435816fd7627490c23c236619d13ff,0
DOC_0011,49,3151,10b8d3e75239da4e5da83bed212b95d35962375b,0
DOC_0011,50,3170,925dcca69964964c0f5398811fa7b752309c15ba,0
DOC_0011,51,2881,52a380031bf100b7b57998316c6cc3b98a432ecb,0
DOC_0011,52,2828,d6ce465ad9596930911679dd4b62c364362ea9d9,0
DOC_0011,53,2968,fbd0213ded255cdc63b7018fd8ed681bb3f07287,0
DOC_0011,54,3340,25b2d3eca7cc8fa6c3826828a5720112cb6b925c,0
DOC_0011,55,3098,367aa43da11e8e5832807ab168c74fcc6bbc8b19,0
DOC_0011,56,2830,fc9dda9bb5bce9ce5aaf1ac4988a9ad3ef0daba5,0
DOC_0011,57,3188,d97544acadf31328498760863aaebade15026f91,0
DOC_0011,58,3307,c068bc88f4e82e0b4fff627645ef96ecba64fc12,0
DOC_0011,59,3444,fba4a13ff082ad8ed2cf88aa85ae20142b9e4af0,0
DOC_0011,60,3303,a0ae12b773f08e5f67143c0be5bce68a3eabebea,0
DOC_0011,61,3535,f20c1e4e73ec2c52d186eed50b86782cdf5bf78e,0
DOC_0011,62,2914,c0f1f6dab018d596e9b654f42b7cc225d7efee62,0
DOC_0011,63,3454,0a95425713be842b3aa5ef17f22ba7bcc85fdaa3,0
DOC_0011,64,3308,803af9a02b24fa648616f95b7e1d138610d92af4,0
DOC_0011,65,2798,06052fcee4e729805bfbef0d87ce63ee294a1823,0
DOC_0011,66,2969,f74c0a29f6a15cd4eb471e458fbd3cbab191588d,0
DOC_0011,67,2277,9bddbd818ac338ebbeba74ce0480bac07fdea22e,0
DOC_0011,68,3473,e5920f98b05065ab7cc66853779878c4aeec6af7,0
DOC_0011,69,3348,d0c48c77d9741e7d7bf1b74e5ef5c18dc9bf847c,0
DOC_0011,70,2501,ffef6738e2632edd0c4ef783903dcca42c0ced1a,0
DOC_0011,71,2810,279c41b077c06cec6e90038dc4d405596e0158e3,0
DOC_0011,72,2939,ce37052fa272c6606cba8be3036a4311fcea60dc,0
DOC_0011,73,2436,fe81848e90e232cc89037a001a1b668f1b4ad28f,0
DOC_0011,74,1276,3cd86ba40d741e97abb623c43f09f15d6915ed55,0
DOC_0011,75,2056,adc2868e1392ac84712f3dc896a4b874d34df8af,0
DOC_0011,76,3059,82991c98bf4357e2089f427bc96fb43118d703b2,0
DOC_0011,77,2933,bf4d04380686d2a34fe2cab9cad7e608ebd5a82f,0
DOC_0011,78,3541,ca01a594ecd45d6747f1c5fe299b979d5ea4ca1b,0
DOC_0011,79,2941,7bc8ac7299475a9db41b709e71d1529f398def99,0
DOC_0011,80,2981,5c8b34765943f1a4ae81ddd1330b8b3271817dca,0
DOC_0011,81,3226,6bc3f17ef175cdbdfecae4a21917cc97314526f5,0
DOC_0011,82,2746,e977f65d0d73367901dc4314464b9ab664070d80,0
DOC_0011,83,2550,414459002f3cfae96f11885fb631391441e6ec9d,0
DOC_0011,84,2695,01cbf236d2561a70005382cf2583d696be926431,0
DOC_0011,85,2218,9970d451214558f9ec909ad9191ae5d758a07867,0
DOC_0011,86,2633,a2a69136b24c1461263d0406805396a2e118dc60,0
DOC_0011,87,892,33a397c845b7a514c017873a0919962823fac78a,0
DOC_0011,88,2959,6b07971b82b7d49cfcd4aa340be5174ea0c33d18,0
DOC_0011,89,2204,1890940ca8250363d76409ba3782f308895956e5,0
DOC_0011,90,1700,991e1c37efa22c005dd1dde2fee4ae2a95499e2c,0
DOC_0011,91,2387,c0f15cdcb4293a93e28359589e8f7b76f32fba67,0
DOC_0011,92,2467,606ec56a23735d46a40ff79d7b464480a4f8e001,0
DOC_0011,93,427,c343bad19b94df86f31d64b0fa533c5759f61159,0
DOC_0011,94,0,da39a3ee5e6b4b0d3255bfef95601890afd80709,0
DOC_0011,95,2505,324bd81ae046960425b21c7489a37c5b76e844b7,0
DOC_0011,96,2679,cddbe8fb8d00f7ef4b8ccdc405a5e748ad913e35,0
DOC_0011,97,1938,ae29e485288cd083fe5206f49bacda620388c06e,0
DOC_0011,98,0,da39a3ee5e6b4b0d3255bfef95601890afd80709,0
DOC_0011,99,2894,c5350cc784b91af54bdf5fae1d9fa36a08ee8189,0
DOC_0011,100,2499,6932b95f4502b301fecfbf318add83804ad11932,0
DOC_0011,101,1473,c87ea581cb255fe39ef01330da0a46a76510c4f7,0
DOC_0011,102,0,da39a3ee5e6b4b0d3255bfef95601890afd80709,0
DOC_0011,103,2994,cc45068f703d08c842196b1136d5769e7a29e708,0
DOC_0011,104,2745,3b617f4c2a8b6d16bf158ced64c83ec08218fd08,0
DOC_0011,105,1007,04fb06c2bdc7bdd91acbfa9bee0e57d26f1847d9,0
DOC_0011,106,0,da39a3ee5e6b4b0d3255bfef95601890afd80709,0
DOC_0011,107,2857,c19e7c60b9a3c713e0d68e542ea9027809322a02,0
DOC_0011,108,2911,e38946e9d39b191c6a5c8ff22afaa2f6139199d8,0
DOC_0011,109,2699,40d55d01f4beaaf4d54f7b7ebd0395bb57fa5e28,0
DOC_0011,110,3155,0e3cbbc7321e11dea432874a3ef225b7dcddf0cf,0
DOC_0011,111,513,8576d3859ae63b1c45de67843602d23e9a96b8dc,0
DOC_0011,112,0,da39a3ee5e6b4b0d3255bfef95601890afd80709,0
DOC_0011,113,2689,2f72acc71e9f6a33dabfd3a86216ef2f88d78b86,0
DOC_0011,114,2791,03adbf00692883250fd4aa45309b486fdb9cc51e,0
DOC_0011,115,2793,bffbcfabd9de41692e595c638c82b1c682e8af45,0
DOC_0011,116,2191,d894c8129137e5fe3625e1aded9d0a8766f57119,0
DOC_0011,117,2636,b1c48fd73ea9db807101d73cdadb495a99e3f203,0
DOC_0011,118,2984,534408264b106a6dde502a2c114f52613b64d08c,0
DOC_0011,119,2863,68011ad8a17b382bd5a6323b6fdcaf6d61bb1e73,0
DOC_0011,120,1637,59cef07d6181d901a86124ccb0b5af2b8a4eee7e,0
DOC_0011,121,2850,9ff3ca547dca673b17abbc7c49cca838b795f3d3,0
DOC_0011,122,2888,210ee87eef4264a9a2c014f6263058926f1a6eb9,0
DOC_0011,123,2926,d7f876865c318c565f2ab3e89d80cc23097e2fd4,0
DOC_0011,124,3105,714da2f0dacfac032aa4c9d853115a7ae04b74b5,0
DOC_0011,125,3106,a44d456c70f8591df8ed18255f2ff27e2b679233,0
DOC_0011,126,3199,a394494330b5f53f244ebfa5c805fda458f00e48,0
DOC_0011,127,3344,a8f4bca7f7043815da4cff6e355fe7a738c51dc5,0
DOC_0011,128,3274,29db16ab61da9d5d4faa4bd881c45b61078ee0e3,0
DOC_0011,129,3287,d31e4685c5163312eb6774ddeb249421433d0797,0
DOC_0011,130,2713,8b5b98eb0b51646fb5fa61a73bad0993948bf373,0
DOC_0011,131,1917,b0fb171154de3ee3cb858d03b6a61c3e01a6f1b7,0
DOC_0011,132,0,da39a3ee5e6b4b0d3255bfef95601890afd80709,0
DOC_0011,133,9,78a8bae171fecd853c794666f7d8fdcf61e9eb4e,0
DOC_0011,134,0,da39a3ee5e6b4b0d3255bfef95601890afd80709,0
DOC_0011,135,1030,e7445c1f04f037bfd3d848e407b9e005e75b95d4,0
DOC_0011,136,0,da39a3ee5e6b4b0d3255bfef95601890afd80709,0
DOC_0011,137,1105,df597d556276ae83b4c76a94bc53029bc3c5ec7f,0
DOC_0011,138,0,da39a3ee5e6b4b0d3255bfef95601890afd80709,0
DOC_0011,139,2353,244bf9ec5b2dc105128dd2d0c01f17bc98ab6f36,0
DOC_0011,140,0,da39a3ee5e6b4b0d3255bfef95601890afd80709,0
DOC_0011,141,2594,2432a05fddcad4caaac6c7579612aed248c057de,0
DOC_0011,142,940,aae59db95b87736359c1e0c0fe885985d5891190,0
DOC_0011,143,2886,7d6271e5a4dc4a3a14628115e6869d58afaf004c,0
DOC_0011,144,1465,4cf90d31dd0f00b228d4808b2b3e09e64e0ca5bf,0
DOC_0011,145,2926,b1d170eac04e054347c7802b61c6f531e61c1528,0
DOC_0011,146,3218,19bf12fcb4f7d8a66380f39cbd3b1a89473645bf,0
DOC_0011,147,933,5e3a1d9560d7c52ab9b71d436e2675c7e8a5d1d3,0
DOC_0011,148,0,da39a3ee5e6b4b0d3255bfef95601890afd80709,0
DOC_0011,149,1792,12a6ea70adb3af48de5ef5e81c3fdb398945ded6,0
DOC_0011,150,0,da39a3ee5e6b4b0d3255bfef95601890afd80709,0
DOC_0011,151,2789,36907407e73ccc231730407afc8bc4643458311b,0
DOC_0011,152,3753,dbb3ae891c0fd02f2ba63346670779d4ae960d60,0
DOC_0011,153,3065,dd96848278825b0978c397b8f9d77dd1bb6735df,0
DOC_0011,154,3326,f5dfaf4f63d589378cfe751072075e4f35182b38,0
DOC_0011,155,2896,bc4fa8487b7384729697da1e52c534916b71ff53,0
DOC_0011,156,2729,947e7737c72b3c27bf34baf486d6e4a3af7a4475,0
DOC_0011,157,3168,c270cce08aaf41d4301709f167dd25fbb64c5aa8,0
DOC_0011,158,2733,d14595cf5f6a2ae150c4f071179d9cf9a928b59a,0
DOC_0011,159,2441,97cfa557d67dc579c92175d36640a724f4f00c84,0
DOC_0011,160,393,31c28fca22a9952a5238e9126caf8011d8465cd0,0
DOC_0011,161,2980,474e09d1d872ca4ad0bd737eac9a6ebe42d0ed93,0
DOC_0011,162,3193,f7b84f5e82328d8cca7e59d1fd65c065024705e7,0
DOC_0011,163,1552,31ac43a89fcb554c3444454f6170a7954a5a2db9,0
DOC_0011,164,0,da39a3ee5e6b4b0d3255bfef95601890afd80709,0
DOC_0011,165,1738,f7a94433a38dcbb38c809dc25fb9a70f82556619,0
DOC_0011,166,0,da39a3ee5e6b4b0d3255bfef95601890afd80709,0
DOC_0011,167,2731,157152e5ee687953c9711929ab298790b493f893,0
DOC_0011,168,2195,093d851579e902409309da4f6b0e0f97b55b3331,0
DOC_0011,169,2478,5ce9f0c05be243c24c33c6441dc90f97c8e94d37,0
DOC_0011,170,521,b4e0391dcfc5e8764ed6a7af2b6f14718c820d7e,0
DOC_0011,171,2122,cb7c4aed3859916aea568254db89c9e55b5c6714,0
DOC_0011,172,0,da39a3ee5e6b4b0d3255bfef95601890afd80709,0
DOC_0011,173,2440,1a13c320fb39d75aa52e27d0bccc10cc25240883,0
DOC_0011,174,2312,73beea90f93fe050a80e08da039d6b87d9512111,0
DOC_0011,175,2596,2e17ae914f5418314e05623998b4272f6d9777a2,0
DOC_0011,176,2946,78b6e00577effb25635aa4dbdd38c3b860db6093,0
DOC_0011,177,3071,0411b7a65f633980bdae04286f0501c8be2922a0,0
DOC_0011,178,1653,dbb99d1cbbab226ba961633089320f3fde42a0b8,0
DOC_0011,179,2110,7edfe237d27b266b0f1fc4e7b447e180d990a495,0
DOC_0011,180,0,da39a3ee5e6b4b0d3255bfef95601890afd80709,0
DOC_0011,181,3135,d806cb7f6c0efc9722f72587d034eebb006bd9c2,0
DOC_0011,182,2928,9eb766ca9161e83d8f790849a07183887467f862,0
DOC_0011,183,2600,a6f71f759024332f66051b13ee8e096a1f0fe31e,0
DOC_0011,184,389,78af0203be74cd166694f77213b6382522eb0982,0
DOC_0011,185,2493,8b7790a161dac87564fb646466413cfae079b7d4,0
DOC_0011,186,3084,3ee8c24f1bf4fd3d3c05aa22ba584a1508e246ab,0
DOC_0011,187,3138,4b95072469e825aa9148d27fc503d1841383f654,0
DOC_0011,188,2915,b6386fdca3dfab41bc78e38fb846241e60aa8f63,0
DOC_0011,189,2975,8bc6cc79b7ff2e1d8022630efa723697c1103dc7,0
DOC_0011,190,2949,909f56841c02063272b0d0d2e3e95319c2916156,0
DOC_0011,191,2923,ed59c23218fa10af8bf8aa4d2a015b5eb642078b,0
DOC_0011,192,2755,d3c4f874bd045468e2b06bde1c8333bf437be534,0
DOC_0011,193,2540,e1fa4a26ce278b1e53702abfedb480839d576bd8,0
DOC_0011,194,0,da39a3ee5e6b4b0d3255bfef95601890afd80709,0
DOC_0011,195,2721,226a17f842a1dc92a676894f23a8cd666efae0aa,0
DOC_0011,196,2924,52e5b790ea6d686330036d8ef4a6f25dc76b3fa4,0
DOC_0011,197,2816,7ac217898d49be9d60e8725aac82e38599aa0f9f,0
DOC_0011,198,1072,87a6ab1a4fcf30c161f3607129e7f093f95a068e,0
DOC_0011,199,2641,576fc0a48386d47253c14bb2a71ad3d4df1e20c4,0
DOC_0011,200,2470,f272d950af489876da8583ab006d468331a8f570,0
DOC_0011,201,2977,c7c8a289568e99375b1c68c14cb5990ca47c2c59,0
DOC_0011,202,2140,f1eb3b235129f3bd82d205288a9d310d0825a87a,0
DOC_0011,203,3144,8bff9d350a9ad2fe3de6b8aa74d0a4ea0fbf2938,0
DOC_0011,204,839,f529348b0d9fa346be83ed41043c8c935c3f8a2e,0
DOC_0011,205,2655,2b7617199a2381ea9b8cf7a97103fdb19fd7417b,0
DOC_0011,206,3344,774d1755e28bd85476481701460c58e6e78629a6,0
DOC_0011,207,3712,7c11c796ed2d2fc8070ace7be4484fd99153a09a,0
DOC_0011,208,2039,6dbc58ff292e63c1dfef024572f7b65f92c7cf6b,0
DOC_0011,209,2710,c02db611407702430190d2236ec3afa7ae60055b,0
DOC_0011,210,2927,f6e0d9cb3944c81358897c359e56f1255b796860,0
DOC_0011,211,2989,681164f327b51073cf9362848356c916ac157235,0
DOC_0011,212,2096,248e969ef407578c703a11752a626c3800c079b9,0
DOC_0011,213,3170,3bdf79fa7d04678a817b2d761027e1cfbe862c58,0
DOC_0011,214,3215,277e1fd1cfdf2129ffbde22e62d6d2286fa120dc,0
DOC_0011,215,3487,6cfa8179dbdf4d679f2975f448c52d28604a6279,0
DOC_0011,216,3207,3e567cef3049f8441d6ba52af33b09ddfc6046a8,0
DOC_0011,217,3117,bb7347f5c08888ab9a8ce67fdc5954dbcd060bae,0
DOC_0011,218,2832,e2e41fc76f105ad288fee722019a0f5e154b8609,0
DOC_0011,219,3707,48242cdf0811bf8408a59fd09494e8438b76e56a,0
DOC_0011,220,3201,d900761ce1c70c3fb42312208fe0d9cedd00b79a,0
DOC_0011,221,2774,ec3a746c7f4773ca9ff6da50bc38310e67aa7193,0
DOC_0011,222,2823,5d11fcba5eb855690705ca91b3f2838bd6f4799d,0
DOC_0011,223,2671,b581f469e7de6752f2afc424ac8858597b8838f6,0
DOC_0011,224,1044,19d6ec108c98c40969ad6fb2439c4c6017545226,0
DOC_0011,225,2022,bdc2713903a8ab51693e0c9a88d4f9ebe1aea677,0
DOC_0011,226,2645,06035900c88cfb9fc20adb604b7c9580c6117abc,0
DOC_0011,227,2451,63bc16f5ee40d4b857fd144f4bbccc5c9050042d,0
DOC_0011,228,2304,9c4a2010b3855cc7aa363d2fefd336ed6baecdf0,0
DOC_0011,229,2357,c46d18870cd96f16ebbdd65284dc9e0106e4c3df,0
DOC_0011,230,2628,0d245b5055b8846b41c1bee92bd26544b3367c5a,0
DOC_0011,231,2713,83022ae50bf1613d485916cb09b0ade82b14949f,0
DOC_0011,232,2786,0324dde715ad4f4e5f3695ccac714bd01620583e,0
DOC_0011,233,2743,4d1c0aeaa7e9f776982be546eb4ebdedb09681a0,0
DOC_0011,234,2305,1b5c766332e8bc935781c4948ac0417c89376123,0
DOC_0011,235,2258,0f73aa43b4e462d0c47dc67f87800f9193b1b176,0
DOC_0011,236,2015,7ef36810463e3a863f5538593381aee3dbc1248a,0
DOC_0011,237,2477,44c015e1411c0d8b533c14c85e303830b90e90b8,0
DOC_0011,238,2448,8366fe1d2979cb9027cd3a64939f69566fa182b5,0
DOC_0011,239,3320,d5e2a4cb3ee5216ac9a26abc01bb39137f9dfc09,0
DOC_0011,240,2189,1b6913e4b767d18e55336a6d9a342ce5ef12913b,0
DOC_0011,241,1566,4b99cefd8a95364693b26cedb7c25d4e0042527a,0
DOC_0011,242,2104,14530c48b0bc7b68ca5189b48788da1ca03ac93c,0
DOC_0011,243,1315,f10c3768afd9f605dceb71c8244b57998ab19b69,0
DOC_0011,244,2225,a90f8461b6d8a9f55379e14551b6062b29b92fdf,0
DOC_0011,245,0,da39a3ee5e6b4b0d3255bfef95601890afd80709,0
DOC_0012,1,7,b239a83c6a42214bc15101c29cbb252dfa545554,0
DOC_0012,2,99,d7e1d55f430567a2258c4e297be5f7835f106087,0
DOC_0012,3,993,e834a7230ab90b95b253d8da5fc7c56b1f8fc504,0
DOC_0012,4,1304,a1ac2b10cc611321e5115b50e23b79addc92293a,0
DOC_0012,5,268,27dc2efadd5bd1119dda715b8178c5234442f5b0,0
DOC_0012,6,875,807224d424f9fed43fa1ab609d1334e77005bf7e,0
DOC_0012,7,1397,1e515aad09f910ad2b0b58576abe1348e8bc5320,0
DOC_0012,8,1397,e828c7a4cc5c980f624a23a28891ac0f4145920f,0
DOC_0012,9,1396,32ab302f5a9d21143a7a6fb88b92bcdefbcb09b3,0
DOC_0012,10,1269,9a6e84920dbae8a5b8ce5887aedc1893ecf9a4fc,0
DOC_0012,11,1248,a9094187bde47a0996c8235674fd4ae10f9dc09a,0
DOC_0012,12,1142,fb97f619ed15f35c698f8d8d91ee6a1e60034ff8,0
DOC_0012,13,1207,0b212fc6d7d6a1bad4d4fc9c830df4c5e1532276,0
DOC_0012,14,1002,b25780ceada8c40788c66e519da19a7d03bb9f3a,0
DOC_0012,15,1200,2c6b9fac551f63587dadd08e4fdd960132e1dfed,0
DOC_0012,16,1305,3dbc7d590052c958e1a8909e0c9496b6f90f8fd2,0
DOC_0012,17,1220,50be6a68d0e3a2ebdbce53f341df66894ee8b270,0
DOC_0012,18,1348,908035bc0572376e2f5794ad7e3109a40f57c761,0
DOC_0012,19,1101,c4533c24ac8e17191da1a27fb02f832621a4980c,0
DOC_0012,20,1269,5b4555ebcafbdb1cbbd85503626dc3ce3a1ad2db,0
DOC_0012,21,1402,6b65bbbcd2cc53d550e740757be0c7f5527f562d,0
DOC_0012,22,1263,a519e7e3ad984ed8333e4f051dd3c1ab6d84c541,0
DOC_0012,23,1068,2ae13729147cdf094f34c1bdabc64ac7ed5ac554,0
DOC_0012,24,1298,e789edbefe167b341302ee8a6f1576b883bdc09c,0
DOC_0012,25,1215,47376709683448ec054469a62cb9a7d8cf1e35fa,0
DOC_0012,26,1242,f0a3fc5e9ae2091220216aa803a7045d05f8ede2,0
DOC_0012,27,1372,7635b244f1ae85ac5ded32ce08708e0a6d1b6e02,0
DOC_0012,28,1534,3369ab78bf720390358f42fb52249b1741d36149,0
DOC_0012,29,1515,3fef2bfd6c3c27329a4c8ed3391040958a19ef40,0
DOC_0012,30,1279,3ae07420d3068f8ace39e88b50b6529550eef7e0,0
DOC_0012,31,1361,730047672385431f637520fd7a77e3efaa2021d0,0
DOC_0012,32,1454,3eba91d26e7185940984db3d970e5ce701ca2e29,0
DOC_0012,33,1125,91fd4667e1dbd9748be6575fc2a7dfdaf601e8c8,0
DOC_0012,34,1281,85383ca572e0ee2bc22ee86a3467a6846de3ed91,0
DOC_0012,35,1078,0cacf3f04f6af134a8affc8ca16d1484c7f11ec0,0
DOC_0012,36,1375,66862b7f2042a50b1985c2a1b2ec6c80b6e95e8f,0
DOC_0012,37,1193,6b68720832bf4d4820c46b6da979ccb5378044eb,0
DOC_0012,38,1151,b94c26b6fa488592657ca7f13f4dd5bef101caff,0
DOC_0012,39,1236,d375bea4317648db5e6cae642b4f1a665e6b0d30,0
DOC_0012,40,1123,69c46b4c07b4e78298a229081a5c3e0fd3927399,0
DOC_0012,41,658,79b171f946afdd8360ea3130b697a2171a4ad9d8,0
DOC_0012,42,1656,4d5babe10ee430a1e7f777f7e2bd9aa581c2151c,0
DOC_0012,43,1707,4aea164691b3ed276fcf6317500779d96198a16f,0
DOC_0012,44,1021,b37849ec82c12124d3953b0541fe16574500884f,0
DOC_0012,45,1441,2ab50912688de8f37a419169750bdb708d17574b,0
DOC_0012,46,1357,050e775901af80ce2847f2d59f5b0f2fdf6d6da8,0
DOC_0012,47,1644,f745a76a7281b38f464bcb318656f732ff1654c3,0
DOC_0012,48,1013,c43d1c730907e3dbe361242d822b3d5b7c5db5ec,0
DOC_0012,49,1079,9a9f8745b5f678ebd7ef9d894cbb9c5f17ae3916,0
DOC_0012,50,1397,a0fd13cbbcc3ea1c9b45db647d2ec9bdbbefc9ad,0
DOC_0012,51,1177,902c1476775ec25a4ef876768332c859a973ee03,0
DOC_0012,52,1436,65bff06501c238223a46ae2d6d1f448d2d622f30,0
DOC_0012,53,1209,c7a048d84d82835a2ea970693604e740817c0873,0
DOC_0012,54,1528,ff559f7a450e4a61ac44b1f144d2629fd996286c,0
DOC_0012,55,1549,0b3f0e0aa15db07af85c0c16c4f4c8b73b8b2ca0,0
DOC_0012,56,1511,c6e09a14f6aa45708432927b54c516b4e13a6c52,0
DOC_0012,57,1178,f7155d49e39f5b222636d60d2ca623b6951d79e4,0
DOC_0012,58,1263,828bef814fc13a3f091abb5e383b289cda957366,0
DOC_0012,59,968,8e0b91231dbf02acae0e498cf98023b2dfeac73b,0
DOC_0012,60,1694,d786a2f9e84edd9ec4bf1fc5b20d2de231c515f4,0
DOC_0012,61,1530,2d9696bfefe0d5e097142b96c54a1a51838f7f67,0
DOC_0012,62,1097,f19d0ec1823ae0b5248468c7a6ed07ab9c7d4c88,0
DOC_0012,63,950,d1a52fe40233e04b3cae84525140b51267daa361,0
DOC_0012,64,1428,7859186740b821fdb7ee7b891b2b3da3fa7b4c40,0
DOC_0012,65,1775,4db05ac7b4fb9d2a34e361d15a4fbeecb41bb678,0
DOC_0012,66,999,24b241badcf699e3f2c93dd53d19e84e8fcb8996,0
DOC_0012,67,1342,7d53b9fb2c7d29b73d4f204f642fcdfcd532e832,0
DOC_0012,68,1343,b4674cd6374e0a7a40b5dda05e062979f92b16f8,0
DOC_0012,69,1308,fa4b333027d8e70b68bb852fe94ed2972befa8ca,0
DOC_0012,70,1296,ef23d2ea013ef654ef01dc78c067a3d8dc9f67fb,0
DOC_0012,71,1204,99dd15367610b69a7410ccf3e91a096b1fe2a41b,0
DOC_0012,72,1661,ded3938a97ee953c0521ef58c352b6575335fdbf,0
DOC_0012,73,1491,9d9cfc53acab2983b2910b0c93c757d8e64273ae,0
DOC_0012,74,1071,1c642ff3ef70b93d19d89015835a2ba4f0ecade9,0
DOC_0012,75,1465,c40c89f333b9ee02e98a85b1195a524b30d9f0e0,0
DOC_0012,76,1150,dfeeec91fdf6df71c2282e195990a8735e774813,0
DOC_0012,77,1120,6b1a7cc03e9d5be21903dea5dbb61158a19b68c4,0
DOC_0013,1,1356,24eda84b53643d26f788c9a723bf1c34f492a65a,0
DOC_0013,2,2373,f22822bc43e3f51ed2cb1020b06e855fc11612b2,0
DOC_0013,3,3052,fac3ccd6ba4651bb5cd83ef9dd580b17fac80c40,0
DOC_0013,4,3325,a71d7cd28ff764b25f8b99f51bfdb19f2a8cde06,0
DOC_0014,1,361,f93833cc70ac0b3df20b57c113daf53e08050713,0
DOC_0014,2,0,da39a3ee5e6b4b0d3255bfef95601890afd80709,0
DOC_0014,3,1118,96796a5fb6ed1f9585203165109cadf75d1b8a85,0
DOC_0014,4,131,1a025d422284bc79df27496db2641f68271f1dd5,0
DOC_0014,5,150,014d4778517e128cc1efacfdf7a6181c8daba8e5,0
DOC_0014,6,155,73872db65c6f99e07c9ac9626cd399f13162a4a2,0
DOC_0014,7,786,708f8431040ca560f2ce668c0a2bfdba0aaf53a0,0
DOC_0014,8,1,c1dfd96eea8cc2b62785275bca38ac261256e278,0
DOC_0014,9,1358,40275ad0cbf186a97edd51b27e541b8e0d09257b,0
DOC_0014,10,1,fe5dbbcea5ce7e2988b8c69bcfdfde8904aabc1f,0
DOC_0014,11,1758,0b8a43fa2ea57939e9fbd4fe8533ae7d0a247a64,0
DOC_0014,12,2917,c31e88c81f31cd667941d4caae4c09102cdc162c,0
DOC_0014,13,2764,3229f493b4e4ae0f7523a2cf0241e3253c042679,0
DOC_0014,14,2272,e3a137d708fecb28b4513141ff04e1313543b165,0
DOC_0014,15,2105,db241515833ea3050905ec8bb2b6565670027879,0
DOC_0014,16,2361,9e7aafe64c3a808a1f04f1f2bcb73381feadfd10,0
DOC_0014,17,1719,591a17cb416826b5e475a6d237a2268b7400da82,0
DOC_0014,18,806,b701efdb85094960ddd1a5f5042545973f2c9dd5,0
DOC_0014,19,70,3d45bd0edc1d9b06b989ac640949c0ba83a40386,0
DOC_0014,20,334,984387563af542de98f246aa6ddbe1dfe1e8d0b4,0
DOC_0014,21,479,50d7a559043a7d0ec98d38d0a2abd6db91ec835a,0
DOC_0014,22,2,91032ad7bbcb6cf72875e8e8207dcfba80173f7c,0
DOC_0014,23,1915,81514d3f49c209aba8a9fddd30d5f5360ae29efd,0
DOC_0014,24,2738,25d1b412120667cfed0be1803e76fd8ea8bdba54,0
DOC_0014,25,2410,0e546999ceadb9ad236e8461d645fc302d3dc7d1,0
DOC_0014,26,2116,8134c159875116aa4649840a3a7a188d82820c32,0
DOC_0014,27,3231,33defd1bdf43a49c47e5321b76e17f5cd06ef476,0
DOC_0014,28,2076,c52ca1eade5884a82b17f236e783ef6ca620c404,0
DOC_0014,29,2790,1260ecfbeae96b0ffb3c7142f4f8b4f2edeb1153,0
DOC_0014,30,1001,fbe71dc5fc0035d229181aad71fa7fd29aaca810,0
DOC_0014,31,944,a8eda1d0b1d86e9b17739d78a49e121d6d1f06b0,0
DOC_0014,32,2,22d200f8670dbdb3e253a90eee5098477c95c23d,0
DOC_0014,33,72,e0ae15d09d2d3bb3f3acc9dffc0c90c3ea8ceedb,0
DOC_0014,34,271,020bd6b890bd6cc2e5cb4505a304087756c22166,0
DOC_0014,35,278,f8c27c47b821b4726c0bbf6dbb6ecf8fac855b2f,0
DOC_0014,36,2,f1f836cb4ea6efb2a0b1b99f41ad8b103eff4b59,0
DOC_0014,37,1703,a1fae552a7c77874d6416da964256d592a65fe93,0
DOC_0014,38,2465,e007e949e3bc39270eefd1bceedcd682b6e34c55,0
DOC_0014,39,2037,b355488d8c75e577e9f50ccddba048bcf3af00d7,0
DOC_0014,40,1935,fa699d0e2c0fe6c9c39d0939b212c81cb5e80f7f,0
DOC_0014,41,483,2d9921cd40cd3b5a4e04f7a426b58c4135e3982a,0
DOC_0014,42,2,af3e133428b9e25c55bc59fe534248e6a0c0f17b,0
DOC_0014,43,42,b978f6c730583aad4e549a5e01bd8a3438d9744a,0
DOC_0014,44,199,deecb028c7747175f9ab5eaa33ccbe3711f42463,0
DOC_0014,45,464,6c735825052105d3ea758056cde96ffc0b694980,0
DOC_0014,46,2,98fbc42faedc02492397cb5962ea3a3ffc0a9243,0
DOC_0014,47,1750,2dd0b3eba11c46d2cf6ba34e679c9e2d84e25f36,0
DOC_0014,48,1917,0673966a3d3e37dc4e3c7c7101978ffe616a2315,0
DOC_0014,49,2196,bde2211cf839770ca768874b62e1dc33f25fad3a,0
DOC_0014,50,2342,ae30bb839ab01c1d08501f413aa3d1fda40044b2,0
DOC_0014,51,1910,8a140bf0be8b4ff809c0388c43eb0f2dbf9c1aac,0
DOC_0014,52,2352,1bf87be80294947e73085f653fa9e68da0ce812a,0
DOC_0014,53,1240,b64952909c6195aef2ee750bc24ccebacedcaad0,0
DOC_0014,54,2,a9334987ece78b6fe8bf130ef00b74847c1d3da6,0
DOC_0014,55,41,1bceb853b879d10fb84348ea735de46c8d27b1fd,0
DOC_0014,56,199,f42b3b0d7dda7446891689a4535836891c7b5126,0
DOC_0014,57,374,63bb6cf5a2028bab33855c4106b378762288a9db,0
DOC_0014,58,2,54ceb91256e8190e474aa752a6e0650a2df5ba37,0
DOC_0014,59,1498,fe34479c71857c705d59a4aab945aff5cf9d87a9,0
DOC_0014,60,1943,7ccfb6d34ffa1716a04602125ff8378b7581af55,0
DOC_0014,61,2410,30b754854f23c402864680623c6aa70bb86cee65,0
DOC_0014,62,2187,ac5831456bc2f5297ab3711182b215b29b6e314f,0
DOC_0014,63,1533,558abd26a898214b2e124cc675d405a636cb5bc5,0
DOC_0014,64,2,511a418e72591eb7e33f703f04c3fa16df6c90bd,0
DOC_0014,65,51,5d6fab46f86873c4892e9df6b243e432cc7e04ce,0
DOC_0014,66,265,e880ce9d36e2a02dc7852ab391f54b11aeae01e3,0
DOC_0014,67,389,228cf6d59388c02535c5f617cffc553e433d0778,0
DOC_0014,68,2,59129aacfb6cebbe2c52f30ef3424209f7252e82,0
DOC_0014,69,1922,e1d9267a43e908a8220fbfbbe5b4916e1cb6263f,0
DOC_0014,70,2322,43baf0b884b16a54ed83fd80e7f4a1fd08e56abd,0
DOC_0014,71,2310,e91105373913811b925dfeeba0c9f7196777ba7b,0
DOC_0014,72,2107,5f0f4373f97b2bae1e27dba34bd54fedbcc5b5d8,0
DOC_0014,73,483,5f9ad30489a2c1dc42be28e9e8c59dc3386ba982,0
DOC_0014,74,2,c097638f92de80ba8d6c696b26e6e601a5f61eb7,0
DOC_0014,75,235,a9640f5a42fafe8bb44fb45b2b7051e1202af28e,0
DOC_0014,76,365,2c391f121622d61257d1917d5b67767c44f5b171,0
DOC_0014,77,2352,f2fbc6cdf2f27e051acc509d6878b2de45feb751,0
DOC_0014,78,3028,e00a1e0c989ff832d9c43ddd6ca9e149098f8adb,0
DOC_0014,79,2665,3fa3769122922384c2d9aedcf7f2196d1c5c1221,0
DOC_0014,80,3086,f123e4d017ebb8ee7b55757b19566c21818afa4f,0
DOC_0014,81,1902,205ef8780b0d70def7958f10c676b449c29eda66,0
DOC_0014,82,2,b888b29826bb53dc531437e723738383d8339b56,0
DOC_0014,83,2199,4ef5a4393c977416163742d7e5303b949811a9c4,0
DOC_0014,84,2637,f8553b3a182f67f06ac73f4010b5ce7a1b3847a6,0
DOC_0014,85,2491,ed2d149e320ddc5e3ea9080a9657929a65eb06b2,0
DOC_0014,86,1066,9432091c904c39876c184a1f5549bc055d56925b,0
DOC_0014,87,2434,564d2c50a44119756fc47f2a9d1e3dd98e42acde,0
DOC_0014,88,2647,5cf216db417ceb5f7e315ae634da9c0ad30bf079,0
DOC_0014,89,1197,068e1c1aca76962d04edde143f1d9e2483493237,0
DOC_0015,1,16,fff40fde9d65c652902ca1b99f0df610e8b2e5ec,0
DOC_0015,2,0,da39a3ee5e6b4b0d3255bfef95601890afd80709,0
DOC_0015,3,430,7b2855fec466407cce6228928d2573a995bd5a02,0
DOC_0015,4,1664,2b206c83d77d3a4e1e033636f7dd575447fe6e7f,0
DOC_0015,5,1749,8556826ac10125965a35e3e31dfe1a999e2d017a,0
DOC_0015,6,1362,2359d813126b2005542f10a72f73d5dc1d126971,0
DOC_0015,7,1553,497194b70d1a905c739b7a3d59040c4b4be84421,0
DOC_0015,8,1107,9351ad6245dbdecf747fb1003c2222a92d95f30c,0
DOC_0015,9,1608,b4798079043eb87aaf18a056d1531ee3981c770d,0
DOC_0015,10,1636,4fb6b94b277fbaed7d04c64c382251cbf15055db,0
DOC_0015,11,1389,7a83a63fed874a7508f732ec485dc6b53df30b7c,0
DOC_0015,12,1008,e0433f3ea55e8e7a7aea959f8d34b5d86a51221c,0
DOC_0015,13,1618,9cc56258ce46febc941807c435360e643d0fdb12,0
DOC_0015,14,1051,e8f077e76bb77f2f3813cc0cfa39557139a88e65,0
DOC_0015,15,1678,6a0cc5f7c2177533cda5222f7f6766c406d9d848,0
DOC_0015,16,1461,e496a6d6d033f47eb8f35fa335a1d23a18275ede,0
DOC_0015,17,1577,e8339552aca3e71e9eaa4e9aaa6a314e51d938c8,0
DOC_0015,18,1063,b6a1dba977b1204703f0f40166126afa3a1b6e14,0
DOC_0015,19,2,0716d9708d321ffb6a00818614779e779925365c,0
DOC_0015,20,1111,f0bf3a3faf152eed30d618673ced602b848ad211,0
DOC_0015,21,1156,2ea0663fedc9b2598470450b70589057b0817c3b,0
DOC_0015,22,1028,c361bc2985c743d1b582883811bd7be9ccbee30c,0
DOC_0015,23,1597,cc0506b3a13ad56b8dbe1141a8de3a1d5f77169a,0
DOC_0015,24,1972,669c622fbb689edc43ae31d4ee875067c44765ec,0
DOC_0015,25,1730,c0eacbbe94537e895c433947cf72d631c7787019,0
DOC_0015,26,1710,edcc07562b4fb131ca449ae33fe04cb9a3063b31,0
DOC_0015,27,1885,20c7fdaf31351241c05854ad0aaeb3cc958acd7b,0
DOC_0015,28,1368,baf36d118bb7990a87db74ac6a2d750ba73b7c13,0
DOC_0015,29,1328,8ef2a1b473ca5864997b41ccc916575639837ba1,0
DOC_0015,30,1828,6192a8f119e00d90a006e8338476a214c4db3716,0
DOC_0015,31,1453,fa475f5fc2f0cd830e4530cc38c4118a69b4e4c1,0
DOC_0015,32,891,71b590148c88a2f9d4e2dbef9da4fc41f2ed7c78,0
DOC_0015,33,780,ed8deab95d2ac0563c0d1ce41c6bcea040b002b4,0
DOC_0015,34,1398,55664f04c88e82bcf7625a6f2908b27b933f3013,0
DOC_0015,35,1911,236b5ba6e28f3f709957e837d849d372b495b379,0
DOC_0015,36,1481,ab91d87fd79359d561e2a79f0d46a1aa452d5ae8,0
DOC_0015,37,1136,5c8edf075b26617dbab457c5d93d8e238eca1dba,0
DOC_0015,38,953,705f16da8e04f9b90be58e2a8c834fc720e8dfad,0
DOC_0015,39,2,cb7a1d775e800fd1ee4049f7dca9e041eb9ba083,0
DOC_0015,40,907,72bd39a77dc32a461bd320f1797853e6fd612de9,0
DOC_0015,41,1563,3bde1bce1590f14860306008b2c58e3b4b91425d,0
DOC_0015,42,1527,61837f3daee20a1467f87734247434c5feafab55,0
DOC_0015,43,1349,cff2603c1ebeb759af4f3580ab5b5f44eee29ec2,0
DOC_0015,44,658,4adc39535f41d5ea3cab74e9e0c784d1cbc390fb,0
DOC_0016,1,21,a40ea0855a26dc26e03b490ee849cebd6f44158f,0
DOC_0016,2,0,da39a3ee5e6b4b0d3255bfef95601890afd80709,0
DOC_0016,3,21,a40ea0855a26dc26e03b490ee849cebd6f44158f,0
DOC_0016,4,913,fc8b8579f33d5750b2baf9d2ce433219cf96f945,0
DOC_0016,5,1223,677a5c66ad050a80cd1c5ca97d667d08d0ae99dd,0
DOC_0016,6,0,da39a3ee5e6b4b0d3255bfef95601890afd80709,0
DOC_0016,7,2419,f341a6f29c28030136f9cbe224a3b29f4a12cfb1,0
DOC_0016,8,2450,e3fae837bafbdecf654dd82dcd259a0b3ca9f5ea,0
DOC_0016,9,2528,b237ae8cb9a3dedc556c4c644860377e90309c9f,0
DOC_0016,10,2407,c4eb495b1c4537e49df55bff6436fba4ca09a011,0
DOC_0016,11,2123,cbfc6b354a3db316179eca7c32c2a33e6a608aee,0
DOC_0016,12,756,540d575d9dfd3d9fa2f113d3442982a251abb672,0
DOC_0016,13,1009,2e10ccad54acd995d6e6e9eaf3d432c0095bfdd1,0
DOC_0016,14,1505,30f548e0f352be8a2262ea70815c68a9c4918641,0
DOC_0016,15,1721,d4c0b6fb23bef51ae72cc4a288aec587bb28c6f6,0
DOC_0016,16,2312,f3cbe7ddb30757cd97258cbdde9272c2227bfbbb,0
DOC_0016,17,2051,a456002167266fc2f90ea2d5f1a486d71ae8e6a1,0
DOC_0016,18,2209,aafe8a947bcdaf7cd50bdd1abe84c27e78904520,0
DOC_0016,19,2411,ba6fc13bf94b34f00d6a63ea9510c7030cd7e9ef,0
DOC_0016,20,2092,fc8167a8180e95f41133556644ff1459f044afe3,0
DOC_0016,21,2299,160c5cfdbcff0f4c6874868b8db2c5537dfaea05,0
DOC_0016,22,2278,99d84b652b82e762c9b8f79967e636804a00b3cf,0
DOC_0016,23,2170,55fd8d348caafb80d81d76a4b78ee8d4be82aa5f,0
DOC_0016,24,2435,bb695866fb7d1b86b50ea33cbf972262ab0737f2,0
DOC_0016,25,2164,2fe1f50275698978d9af3ecbb03fd48bd9de1eb6,0
DOC_0016,26,2029,2dba45e3b0a62a98c581ad7455a8e6d376cf8982,0
DOC_0016,27,2014,e8ee5f8a78916eb7d7712beb126c19fe8f976104,0
DOC_0016,28,1960,e209b847008e898268e08d0f4cea01de0accaf99,0
DOC_0016,29,2673,47867614b6acefb5b8c24aded5bc69e80b47ad7f,0
DOC_0016,30,2329,14015a5d754c07fa9f38fba45b560e5089380f7c,0
DOC_0016,31,2552,af81bb7871c6544ea4ab8882804d7c1f6dd0aee6,0
DOC_0016,32,1562,223d4d7f8546678f8f6a429582397c189fd75ec5,0
DOC_0016,33,1887,db50d5478fe4ab2558170f606f12ec092557a343,0
DOC_0016,34,1880,d5840528dfa026f77ac758d3b08e543db31cff77,0
DOC_0016,35,1940,b8190f48f0f158e60251422f6195466ed6d7e0f4,0
DOC_0016,36,1709,4c0fbace171017952b666dbeaf4a72a64c03e08e,0
DOC_0016,37,1820,5ffe1830bea18047a4f1585b60f755734f44813b,0
DOC_0016,38,1708,9c0e4a36ef2bcd10214434234f98fab620c8c09e,0
DOC_0016,39,1781,c3dafd24e6dfd0f0871bcc4f3540ec217f504d72,0
DOC_0016,40,1631,a80dff94c03571dae568c92621d5b68607d6f35a,0
DOC_0016,41,1787,78f01cd92d875cae2a7ee2c2bf3fb154f83f4ee7,0
DOC_0016,42,1997,2fd3edd9869ad09002882fd33f2ed1b6283f5982,0
DOC_0016,43,2119,8741dc9c6874159ad228d04d4e601c79579bee64,0
DOC_0016,44,2317,a519747e0585ce25edac2e4df077c46842ea8209,0
DOC_0016,45,2144,99d8831ed403eed0785e715a88d5a43395aeee5c,0
DOC_0016,46,1962,ec32673f58830098bc54eaec17aac83d27af2963,0
DOC_0016,47,2091,861bbe5a08f10afed444f4a1c56c7508c5bd70ad,0
DOC_0016,48,2092,656dfb78875cd42edc3b777519bec44b329f8180,0
DOC_0016,49,2032,5213da65f91dd9fe4c3dbc52c6037dbf298278d6,0
DOC_0016,50,2324,0ac1d9612cdef440c5d80f48840543ddb96cb943,0
DOC_0016,51,1726,1728725d99959096c6af37d128d6284b86e9a085,0
DOC_0016,52,2151,8293d19c30f90caa56f985a98fa10cae87fab75b,0
DOC_0016,53,1495,9d19de6f0606197e8192af8c52a79df9f1ecb5f1,0
DOC_0016,54,2050,bce3d13d3da02c4539ac142156d09479400546a5,0
DOC_0016,55,2357,b5af11fed7f240a271b432f3cd262447cfb358e3,0
DOC_0016,56,2232,ca6cb1f5a9febcddb49f4647a58417f5aad4dc13,0
DOC_0016,57,1964,41cebdeec8c176cf6d6a914055e1201fa7b50ba0,0
DOC_0016,58,2361,bfdb3ed84e8228664dcf6456ad1f633e5bba9cf9,0
DOC_0016,59,2152,fd3665379714a3de5dc86e38c1d4279001282511,0
DOC_0016,60,1687,a3d8c1e1f6cfe53aa15b37645db9a87b9f18a6b1,0
DOC_0016,61,2151,01b97ccf8811b013e672d8b579bdf9c9ec11f53c,0
DOC_0016,62,2451,274342c0723d9fd4b89d76cd93c802e2880cbcc0,0
DOC_0016,63,1648,ec7e3922faad0efebe47e98a9469545be2cc32ab,0
DOC_0016,64,2046,5b8cf340cdb3ed9fa720ed549c7fb8a26e77f50d,0
DOC_0016,65,2308,e791dbac0fb0ebbd4c0752e2f954ff22b644d1ee,0
DOC_0016,66,2151,071fca180a1aebede359b049d47f9d01425834e5,0
DOC_0016,67,2139,e2fa15ae4e965ebb06bcf961cfe1a3da997d8ecb,0
DOC_0016,68,2151,26dd10752800add51dd2eed94f3e70b5ad0ae8ca,0
DOC_0016,69,1604,1396d617cdaed082fee99c68cc44c0f2e733ed9e,0
DOC_0016,70,1838,a159a577bbb3f118eab0d4cfc1d448ed423b91c2,0
DOC_0016,71,2116,b17f504cd996a514e297f6d73f94d23e26214990,0
DOC_0016,72,2005,3987dcb52394ad6ba1402d2e035f87fec2cbd85c,0
DOC_0016,73,1841,9e41f8dc94874722e71e13dff52c0bd95b5531b6,0
DOC_0016,74,2234,1a864ce90cfbbb3d9f2cf40e539f9a9bd825a4a8,0
DOC_0016,75,367,537a60b37443669d540ac35a848936c12f1765c6,0
DOC_0016,76,2316,00740f61bebf68cd6c66600af488b0913b9b30e6,0
DOC_0016,77,1920,c02a6a665c08c7c0cf4fab6bf9e6d5aefe52cc0d,0
DOC_0016,78,2216,452509403a5c5f690f18428637f895d14d736b60,0
DOC_0016,79,1949,ec828df9e92e5ee00f546896b1ded953e3ef1ed9,0
DOC_0016,80,2427,32c04391e0a3dc80641532897f407bf7b41808f7,0
DOC_0016,81,1925,2db0ba2aa7242bcae477052f11e249ec5f26e928,0
DOC_0016,82,2010,939e24a43b0a54543a9d6b0c945c3c416d35dd13,0
DOC_0016,83,1772,db4dc179b70edc0fd4e60b7df6dcb51c12176e42,0
DOC_0016,84,1222,ca8d0df4927ef1d0bbc844bba918feb395fb0fde,0
DOC_0016,85,1932,c6033a77514fc1e17f4b3e5018777e65e46882e8,0
DOC_0016,86,2140,2fca41b6009bd31bc533131bc976448daa2b1d17,0
DOC_0016,87,2138,60beb5de8d2d1e164fb28cd6b6dadb674c2765ff,0
DOC_0016,88,2179,48b08a74f973290ebd8282fc3f85efa5e60d7d18,0
DOC_0016,89,2179,462a85c7f9c24c4d1ec5af040a3c1af82cb7387e,0
DOC_0016,90,2520,6d49e1d6b0f8b2d6a2b9b882db236a3ea669b9f4,0
DOC_0016,91,2254,977119626f0f6fe94a7c43b9fe8c43d00510bdbe,0
DOC_0016,92,1652,e69d716e3db9c53e82907bd833f82f82e2a440e7,0
DOC_0016,93,2081,c5dcc4c44c1d6935d64011386dad1d3db79bc936,0
DOC_0016,94,1995,dfe8a44e04ccc5d5fb45655b66150ba56b24e868,0
DOC_0016,95,1906,3fea71bfaa597c7de3841d55f09056c028eae1f1,0
DOC_0016,96,1889,945275ac9aaac534a55228cf746750ca1e55c0fc,0
DOC_0016,97,2099,1dc9af0f4f3aaced26d9621d4bb48352df946ad2,0
DOC_0016,98,2085,16a3fb6bf17138d109c9f66bc7ffd59755db6615,0
DOC_0016,99,826,bfc22486c18c3a4295c7a5f79fe56e8a257b0567,0
DOC_0016,100,0,da39a3ee5e6b4b0d3255bfef95601890afd80709,0
DOC_0016,101,5,2704c1d8c3fc215c38ee176f6cc30e434a22b7d7,0
DOC_0016,102,0,da39a3ee5e6b4b0d3255bfef95601890afd80709,0
DOC_0016,103,1628,d39687977aa5e6eb401b511e35864307c3c1da11,0
DOC_0016,104,2438,89962c85d42bfec40ae4dd4675d49fb48ef5f6ff,0
DOC_0016,105,2418,6be35d8b0aecd5c646a25dffc1056f9b3d7de1fe,0
DOC_0016,106,2367,3c46c7ebd9ac112bd659f29a9973478bf5e23193,0
DOC_0016,107,2303,bf6ecc07a7607e577a02efee6e25f2b37a980414,0
DOC_0016,108,2370,211f1e845fd1979633dfa5dc8f1c11faebf29528,0
DOC_0016,109,2437,98395126e33d58b3444eece772262f301516f99f,0
DOC_0016,110,2275,ecfe9873bf57dae7f5f1d44c846f4d41c4d19f9f,0
DOC_0016,111,2415,a8eafe48793a3a7fa30a01c4654531ed96312ad9,0
DOC_0016,112,2431,0a559628ed5319c09c29d04631a11ad156a9399e,0
DOC_0016,113,2301,8ebc9d0c5047301e4d87c00c9d7cdb6d3934d7e8,0
DOC_0016,114,2434,eeede9596c0cef13adbf6049dd8ed9516f0ce5f7,0
DOC_0016,115,2408,b85566b4108ae6fd48063c9f6823ee9a6c7adb97,0
DOC_0016,116,2491,cbb2c28039923a8e4c39268a0d904e1316a6f949,0
DOC_0016,117,2397,72bb65cef1dbc7ccd7d26849722a0e54afdd5029,0
DOC_0016,118,2280,873b9896962dbd6f16d47f7c923756d537831a6c,0
DOC_0016,119,2364,afaa2f27a84a04141a29271bd78b70600f6558ba,0
DOC_0016,120,2509,f270af8410fe87e63d09d3b20ce8a03caca12500,0
DOC_0016,121,2554,dc75ec7bb7f90976c72026f922c4759a8f3f46bf,0
DOC_0016,122,2489,e79ea0d48f61152d99907ec8d47cb7080b1c91fc,0
DOC_0016,123,2229,9954feeadbe198669f70116a9e90290d79377cd1,0
DOC_0016,124,2367,8efd2fbec30447608ac77fbdf861d4b818b26b81,0
DOC_0016,125,2286,a91b836c56abe11d0e8f6facb1f83ba262277ca6,0
DOC_0016,126,2248,f79b2d30c4a2127eee9ff49d4107df41ab02bdbe,0
DOC_0016,127,2322,74eea8e9ba45aaed95eb550b7fe50edeb7ad603e,0
DOC_0016,128,2502,38e8ae4a6f280a4a7fc61efd3a02a40b1240fcee,0
DOC_0016,129,2413,0a6bc9adb39f86a1946521e541feaf872152c5e1,0
DOC_0016,130,2300,6aeece08f64ea32dae9e3a581fadb8e5969912c1,0
DOC_0016,131,2304,e264dd3d5b95ff761e11657f0678b6eb47456532,0
DOC_0016,132,2767,01dbba2ffdd201c44bd2dacba972c1489da415e9,0
DOC_0016,133,2504,fc7edcf249d56bfd1973e29029c96f14aa1085a2,0
DOC_0016,134,2284,bf71bcbe2991574d5a4dfe9e691a17451273ec19,0
DOC_0016,135,1815,8c2f87a9416571a8e83e9929d72e5fc91e7afc4c,0
DOC_0016,136,21,cfb0a3b0fb011aa7bae110ee076185ed28ff2dd5,0
DOC_0017,1,170,b752e7e59b3bb33885ccbd413bf16ef5d816a38e,0
DOC_0017,2,0,da39a3ee5e6b4b0d3255bfef95601890afd80709,0
DOC_0017,3,0,da39a3ee5e6b4b0d3255bfef95601890afd80709,0
DOC_0017,4,0,da39a3ee5e6b4b0d3255bfef95601890afd80709,0
DOC_0017,5,70,cb5aaa4138e4438c8cc0f841759353169e41c5c4,0
DOC_0017,6,0,da39a3ee5e6b4b0d3255bfef95601890afd80709,0
DOC_0017,7,1149,09837e8ae5fef2d35d06c22ebb23bf37df3226de,0
DOC_0017,8,1427,b90b0602a335a1b26376e1b3298406d316fbde9e,0
DOC_0017,9,1352,60e86a444ee802d6a68563512600ed65fb731816,0
DOC_0017,10,1281,66736faf5a38177573ed5f0ba8eb2513f272b67e,0
DOC_0017,11,1035,a0e9dfceac114e7cba9d64b457274fedaf296cb5,0
DOC_0017,12,1832,6a965590ff65b7c3840196c93d1fe1e53f3a8644,0
DOC_0017,13,1645,d8b1fb3c6a575f674121a23b69c261f05b505507,0
DOC_0017,14,1479,11b549e02d04405d82fae6e4db3285c07e8201e3,0
DOC_0017,15,1502,1ffff3b53c5df1f65eba7cfcd7e97ebba55af578,0
DOC_0017,16,1678,d136e0cbee95572fb387f62f711c570803e4a432,0
DOC_0017,17,1216,e44300811b4d240f2eddc52f3f5fb43ff0afdb45,0
DOC_0017,18,1142,18df8192b411964fdb0ad6634bf977d534eb9560,0
DOC_0017,19,1196,9d76f328f477a48d16da7e8764bdf34036604917,0
DOC_0017,20,1360,cce2f1a6d63b749797171ec25b23abbce531e9c4,0
DOC_0017,21,1486,38110fdf3bcc3d14ffbae23e48968b76a18377e5,0
DOC_0017,22,1490,0390a06412d732e2b8326590ef76602b99a3886d,0
DOC_0017,23,841,eab73feb302e2cac65a974a5a5b6ddab66eb2ce5,0
DOC_0017,24,1309,74e9aad0fa3002f63d11f90a5953c104abc3d2d7,0
DOC_0017,25,902,098133c7df3bccedaa67513135bc9688dff67ffc,0
DOC_0017,26,1589,5ecff2b728e70d3d37352c49b36ab2b24e68374a,0
DOC_0017,27,1289,5b199acccd3c9c66aedcbcf3fc41a3c7e28335f0,0
DOC_0017,28,486,3fda7be67bf3b29faf90437f50cb023c451dde74,0
DOC_0017,29,418,bfefe5706f7c7a2a0df043ac68811e153d0dd0c3,0
DOC_0017,30,525,291d8b4f7a0bf2eb9077ffd8c11094c87c8ed5c2,0
DOC_0017,31,782,6d4bffcfc679b55664e14cb10d1644595d10b63b,0
DOC_0017,32,164,fa9b4bfba42170fb71eb0c88e1c9ed7c5ba145ba,0
DOC_0017,33,703,f138671bbc7df17ed5a8252dab82a99bd1ef4be3,0
DOC_0017,34,1282,6b696085069bce0e769835145e23a19076aaeb4f,0
DOC_0017,35,96,7962667a45bea3bb36fd3043f06948106e8867db,0
DOC_0017,36,0,da39a3ee5e6b4b0d3255bfef95601890afd80709,0
DOC_0017,37,1439,7897c672bcb9e887bf801c87f6b66d5797d71b57,0
DOC_0017,38,1400,d98a0632fe2ec124fce8414ae2c5965a4fa2a55b,0
DOC_0017,39,1469,17f484d5c297df3928ae26f4a7a1c4bedf43c0d4,0
DOC_0017,40,1492,09d4556b164a41a5240a1b705dc8b45b4c4ac8fa,0
DOC_0017,41,1077,4e3cdcac1ab19334e7e0c7be2d335bd6f02a3cc5,0
DOC_0017,42,1525,9e6670e7949e213288752e7e468bc175ddd3de69,0
DOC_0017,43,1380,eda9f4592e7d8d9dee8b6ef53c7188d896036079,0
DOC_0017,44,1357,f6175499dd11d40987eddfa3da1b54ad064e0b83,0
DOC_0017,45,1433,b4711f6c7ce864fbf0626c9cb59957117c2ed12f,0
DOC_0017,46,1534,3c64fac9e99d687ce809625eb767795c595d0600,0
DOC_0017,47,1553,50fd6c593db5e143ff8c970479bf127a3c8d1013,0
DOC_0017,48,1201,bb7c284b1e6d47fd6855e08f549bdd47cb35c242,0
DOC_0017,49,1342,d08746b62ba672445177e73391513e16ec0330e2,0
DOC_0017,50,1330,1a7bdb396afea4ee3ad431ad2cda2fb0a55b7ce7,0
DOC_0017,51,1427,394d7be3422edcbda676f81ebecfa4df75a397da,0
DOC_0017,52,1422,e8887cdb004dc943e73b75a9492ce672faf13f25,0
DOC_0017,53,1412,9be6d784dbff0ad75f8cb2f84b728b41716acbab,0
DOC_0017,54,1357,97c16ca38d98d93a210eaca159ac602b0bba3155,0
DOC_0017,55,1214,98d5ee2050a1dfb7104879c10ada797130d5e89f,0
DOC_0017,56,1451,5b471c02869d52ab0735f734ba09eea6560e176f,0
DOC_0017,57,1383,21a445cabb4922bf6bb8f3c3833080078df6fc22,0
DOC_0017,58,756,db3993286512b1ceb3277f96fa7daf4a9aa72857,0
DOC_0017,59,534,82c0f1554cdd66b0178fa6ef3f05dffb3d8bd71b,0
DOC_0017,60,312,f0f3872d5543e40fb3f449ee61a698bb712a226b,0
DOC_0017,61,439,8975cebb3d414b063559fad0765c48c9e8eec427,0
DOC_0017,62,734,90c3811faf76960d2f8b4e607fb99b983f4c0771,0
DOC_0017,63,130,feb16654dc13f4e5ae638ee7733d2edb13094d76,0
DOC_0017,64,752,d75b212958f676ac865a398686e51b64bec97411,0
DOC_0017,65,1357,f2c0f763cb1cb95b5e8f7c9140f2f8beb4428aaa,0
DOC_0017,66,0,da39a3ee5e6b4b0d3255bfef95601890afd80709,0
DOC_0017,67,77,9e62ecece0c5ae3ef6b78d4cf0b0c2bcbaaa80c1,0
DOC_0017,68,0,da39a3ee5e6b4b0d3255bfef95601890afd80709,0
DOC_0017,69,1609,83ab0a1205b404c2263f45afd39a00213cc49da6,0
DOC_0017,70,1498,39c3a9920c8dbc5500a6fcbc403c6cc210a074e3,0
DOC_0017,71,1500,50ef13892cb21932f55009b4f7563552661a1a50,0
DOC_0017,72,1481,eb647bb5b50c5e9117392901d6f3ccc1a5cd2837,0
DOC_0017,73,1454,35522aa39b2f6a7b881570d50426aba8d04954fd,0
DOC_0017,74,1836,f1552c10f90951a23e87bec4f076b4672ca980ee,0
DOC_0017,75,1696,1f03c2b15993c7d83ba647564780c55535d9ed78,0
DOC_0017,76,1558,39af1d89b0c88493659b726ad78294c81b5b5a84,0
DOC_0017,77,1577,35af4116ce2b116e5a90804a4e02ea273fc0f506,0
DOC_0017,78,1518,051656af8e8745d1a376c014d68453e87812b88b,0
DOC_0017,79,1261,a66b31ead40cd32ac2568205dcfb7d5d895108a1,0
DOC_0017,80,1552,c3408602811686f74e39180720e26c027fa76b28,0
DOC_0017,81,1377,08a1c5f5a5cf0c33d78dc5bf82122c9754a8d450,0
DOC_0017,82,1704,5c952882ed1f081efa16d55e32f216fe43792227,0
DOC_0017,83,1713,542369ea71cbc051b0d4344a775a1165b4f33f2e,0
DOC_0017,84,1702,72655431996601f3dd7d217a95d7a7e656a128e9,0
DOC_0017,85,1429,955c41e688fe6d01b370431e9a961d500e6102d8,0
DOC_0017,86,1650,b061028bb9f3ebfc01cd6df4cfdab82b63f0cf0f,0
DOC_0017,87,1751,22836a7a29f333df78f3907e683deff951776abe,0
DOC_0017,88,695,ebb93f79a77cb6ee3e70544590da84d66430d99a,0
DOC_0017,89,838,2888ca212e436ca877030e906a21cc8399b2c793,0
DOC_0017,90,1341,00568ed9a6cc57a449800c772a0157aa6da17fa9,0
DOC_0017,91,735,36d977bfe63517ddd67cf07c5a7ca7f230172fdf,0
DOC_0017,92,1810,0bb425efb212d4bf54b5a2cf9d88d00d97f6cc36,0
DOC_0017,93,1008,7c99861e877fbc4917df140f9acac56622214504,0
DOC_0017,94,1938,a51251dc81d5f5b520e2b98578b21413fd5e2d0c,0
DOC_0017,95,1100,5e9f6e329bba7a775890a11a07054305d55c018d,0
DOC_0017,96,1901,0638fb72a2586a1b8c64bd4d524d47f18af893e4,0
DOC_0017,97,1111,54fd8a0eea007a086492e9479b8ba3b1660a6015,0
DOC_0017,98,1451,56cb473a9d82c3f6830f072cb7777f90bf22d797,0
DOC_0017,99,1245,1210479acfdf3ce4ad4ab4aa8da0f99ea83daa6c,0
DOC_0017,100,0,da39a3ee5e6b4b0d3255bfef95601890afd80709,0
DOC_0017,101,0,da39a3ee5e6b4b0d3255bfef95601890afd80709,0
DOC_0017,102,68,899a56ccc36157772018cfcb50e902baf347266f,0
DOC_0018,1,2069,65c0500f06856ec3ea596810542e28597aebceec,0
DOC_0018,2,3234,8fbb57dd30e15f805dadbe5d63451e61bd88d144,0
DOC_0018,3,3482,a00bbd361732db810ff2f9b22686979bf38fe34a,0
DOC_0018,4,3285,b2cc25639d48dc636e48e38fc0934b04bdcc12d7,0
DOC_0018,5,3650,ebc705e7df90b87e17455a3dc5f45863019a9d0a,0
DOC_0018,6,3171,ef4497a60ca128ddbc5d01ab87611fd864970ef1,0
DOC_0018,7,3520,a0a8cfe57ee4156cd85bdd09f39ef8f2105ecfa0,0
DOC_0018,8,2792,67f7fc6721a99b629c085911ea3bb4bad0ce6f28,0
DOC_0018,9,3111,1e9926fc3e48759b5379dcaf4ec97e1b92980118,0
DOC_0018,10,3258,bccca2a9134c83b6d76850a9c17cdba84f45feb0,0
DOC_0018,11,2841,4f4c3ef9663fc924eeb58fe71ce03dc3da7c3446,0
DOC_0018,12,3342,61a491acb205b40153850d8c9b760da67d5eafb1,0
DOC_0018,13,1946,2390d8749951209bd6578c5a549ac3fba3eaf658,0
DOC_0018,14,1635,037aef4239e9d2d40d3da69b3ba78a99f98239ce,0
DOC_0018,15,3020,f5067c13b550ddc5d8a31e8f7f1fde1c8afde1df,0
DOC_0018,16,1131,956da8c59a952f5d29b8b9342a868c1d94de4b20,0
DOC_0019,1,135,8adb91a314439ca789e629cea751b72a4474da2d,0
DOC_0019,2,222,6b21920da0f7f4fb9786ef82b24d371e06cde2fd,0
DOC_0019,3,738,18942a54cb52cf3b2e9a236755d77b13855225e3,0
DOC_0019,4,1550,d1fd12dda47028d0adf8d9711165a924b3624222,0
DOC_0019,5,1838,77dc6e6739a47717cc6c3901a7363673596df67f,0
DOC_0019,6,1697,dcb7b8eaac9b3a07bbb132626e1b41cc509e4d5f,0
DOC_0019,7,1461,d17333f988c94ab2c9eb68bc4e147bfe81fc7be4,0
DOC_0019,8,1679,b0372fc738b4bd82249d521e46d65af3f2b17b5f,0
DOC_0019,9,1500,bb91f3faa73fa963e4ab8ed150a366131020957f,0
DOC_0019,10,1594,e4c7ac8daaa6e027dcacc7366f72d0ea4f2cd756,0
DOC_0019,11,1731,e2f9079f2140e877306356ef8c4eac997127656e,0
DOC_0019,12,781,df602b1a2e0c88a41be9b4887d41d29e24baa977,0
DOC_0019,13,1657,78b1463b7a7de4ea346943f99d53f44ba3903f03,0
DOC_0019,14,1957,ded70990b88b32141b6e8c92c93b64fe69ebfd46,0
DOC_0019,15,1680,c687076a9b48e51fd79f84248fe97b8b87c30faf,0
DOC_0019,16,1505,d122cc559620a8ed469b2879b582479c21c156e0,0
DOC_0019,17,1667,7fe1032d14a3841078fe59220a6240252fc7b1dc,0
DOC_0019,18,1644,896843b23fc3ad66a63841a37334fceb2736657a,0
DOC_0019,19,1601,a67d2ea60af90d4e962090a207dad9da65eab80e,0
DOC_0019,20,1747,1509a0ba1ea5f67475312a61b0d9f15770418703,0
DOC_0019,21,345,d00f2635dc5a8fc8f3c2870e08f594234aefae4c,0
DOC_0019,22,778,7ef5941acfc05caa8fbb45ca11bd8576a54345a7,0
DOC_0019,23,1588,f01a3c0bb163773659bc8ae6ea9695de332f02e5,0
DOC_0019,24,1947,f98d03ab71307f024a6d2f2e3150f4114049ffef,0
DOC_0019,25,1661,e4b312a0e4fe36d8e0b80d745cd86972a7ec717f,0
DOC_0019,26,1423,556c0fbecc0cc264a2117ad8db62e38b4c1adce4,0
DOC_0019,27,1623,d64adacaf2bc222213b05b95bc459f3390176f23,0
DOC_0019,28,1671,8b54950d6f41a7104e3afc041253f1b8c72c518c,0
DOC_0019,29,1621,dee7c3b16be7166a3ad009e41b3bea286303ab74,0
DOC_0019,30,1855,f54eef9bb1ca5a3862061c650bbec1df553323ea,0
DOC_0019,31,462,f8eb3f4c08435febf3c028239bfcfc00d08278e4,0
DOC_0019,32,679,8b227c8ccefa30f3f310566bcde11e0b8eebd162,0
DOC_0019,33,1484,8afab531f1e04c8c3b386eefe6ba2116c81fcbfb,0
DOC_0019,34,1814,afc268925cf3a6ae2c501a7a022829583ab5e26e,0
DOC_0019,35,1570,076102b055e39442ee65a6c6af066af6d72513f1,0
DOC_0019,36,1385,3248211432495ec0490f0aff8d697073268f41b1,0
DOC_0019,37,1536,44d70ee82ada9f979f5d5fac32769741af7508fa,0
DOC_0019,38,1597,5b9835d1f0221247735a3ca01c7f84c153fbbaec,0
DOC_0019,39,1478,bb5a6fac94395db022fbbc607f59fc182528c557,0
DOC_0019,40,1749,4cf84297f8a2e6cd3658623ec926128373cc216e,0
DOC_0019,41,553,b94f384604c11b38ebdcfa57c8be20121674a685,0
DOC_0020,1,294,8f45066c9e060c7a3b913adefe9a10a6d2bacd2c,0
DOC_0020,2,2543,fc9586c421e68aa74345735ca72c437bff0175bc,0
DOC_0020,3,2273,645b2f83cb10a5759bb12f00c78055237b160e75,0
DOC_0020,4,1540,682c938520584f420172a8be353ebf6bc4cedcbc,0
DOC_0020,5,3991,cc3b33bf9c73127edcfb960b93101537b07da5b4,0
DOC_0020,6,3215,522d0bca3a8377d522dcb515f4038dfc8fdc7bfd,0
DOC_0020,7,4022,8335a70b1faeb4cb8b02c727c59492f01b622073,0
DOC_0020,8,3993,c5167c7743d48784f8c9175df9241a5a6e8bddd1,0
DOC_0020,9,3335,89411b1dc3da16f3f7ae1475fbceedbbdfece8bd,0
DOC_0020,10,3924,a027f94870ebdc947c83aa4052973bdb19d44578,0
DOC_0020,11,3233,9d880cd8000c48cd42657b9220f823e4b2890eea,0
DOC_0020,12,3624,8e06814e86da2841e3fc80438c9c494bed9036ba,0
DOC_0021,1,760,c2915459ecee32128c2fbc05b39fa815f7edca48,0
DOC_0021,2,3104,03ffde73d2e33cef31a2f231f76844d9b41470c4,0
DOC_0021,3,2935,08143b62d2227248d94be4a428942ef37036252f,0
DOC_0021,4,2190,012661a8f261aab06cb32e513add8709f23c6c35,0
DOC_0021,5,3770,6b6c42ee85cb17adc7853b19b83f3d0e3f8b7011,0
DOC_0022,1,2448,2fe744f633bcba7b50f940a723ff2ebf146aff44,0
DOC_0022,2,2584,227d28c7316271960f055e6848ff1ba960fc3905,0
DOC_0022,3,3065,a82e9b96c068110b6025da5c8d0693df0fc0c3ac,0
DOC_0022,4,3294,a3c88992b46567bb42c316c6add6ad9a96be8b4c,0
DOC_0022,5,3472,1f47455b4996b443e5103c3a87a18102a8dfb02c,0
DOC_0022,6,3005,4748cb55167282f7a694a5c6a2df85dfad815f2e,0
DOC_0022,7,2852,c2cfccf02ea775c0131a96fd906b42edf9434ade,0
DOC_0022,8,707,041a720800e806bb01d25dd9473f8a1a54a837f4,0
DOC_0022,9,2606,6fbd23cc8e290a54ac8fdc5a2190cace0d20ab22,0
DOC_0022,10,3240,e2e5bbddcb054beaa625d687d05654a56da71e2c,0
DOC_0022,11,3237,8896bd7b75332f49e468f7a8f7c3e1717a09f4c0,0
DOC_0022,12,3150,4cb2a90c028789c515628b756775130d751fe3ad,0
DOC_0022,13,3065,19c22e29694de425c932c87eb15fdb1b7ece619c,0
DOC_0022,14,3077,7a4afadf1124902c63a8ebf7e19f9a86d804f8b3,0
DOC_0022,15,358,61d5b92bf98b52ce0e5cc9a413028b120d2b0362,0
DOC_0023,1,47,f4caf699157773cb66a35023a78d87b5cf90b03f,0
DOC_0023,2,0,da39a3ee5e6b4b0d3255bfef95601890afd80709,0
DOC_0023,3,332,66347094eee2cbbf09f6d7d8b3cfedc7f8f9e636,0
DOC_0023,4,0,da39a3ee5e6b4b0d3255bfef95601890afd80709,0
DOC_0023,5,2966,4a9bff3fd7946e8379b7d6b66afcd13f9f072892,0
DOC_0023,6,0,da39a3ee5e6b4b0d3255bfef95601890afd80709,0
DOC_0023,7,2328,f0711e057efcbed6e387ff8a9c64a43cf51077e7,0
DOC_0023,8,0,da39a3ee5e6b4b0d3255bfef95601890afd80709,0
DOC_0023,9,3428,ed08797b3797cdb30aa12816ab0089639131a999,0
DOC_0023,10,0,da39a3ee5e6b4b0d3255bfef95601890afd80709,0
DOC_0023,11,3815,f72abc56589fdcd3829c6d075a0f2ec0ea77d7db,0
DOC_0023,12,1539,f1e8a21f520bfe626aba2dc548cbb3a93d672f79,0
DOC_0023,13,0,da39a3ee5e6b4b0d3255bfef95601890afd80709,0
DOC_0023,14,0,da39a3ee5e6b4b0d3255bfef95601890afd80709,0
DOC_0023,15,2047,629a91269be186b0c66d85c8c9daa18aa03eda4f,0
DOC_0023,16,1567,c6ff82c616abed4a4cf16616a5db6343fd693ea9,0
DOC_0023,17,1850,84b27b38f89c43df111f2162de9e007180d3e612,0
DOC_0023,18,1582,339592ceb4f30b4f21c1e618214fdab19375e324,0
DOC_0023,19,1968,88a3bd5d9a7f0eea471225c84ba7981d9283365f,0
DOC_0023,20,2196,732cd6ed9863a604fe421a3b78b1d738e2cfceb4,0
DOC_0023,21,2137,26afbfa777e404a5cb2d45d231a51ae701f467ee,0
DOC_0023,22,2105,21ac652e836a33e308cba35a51b354d5eb356c15,0
DOC_0023,23,1765,0c561f1f66f7d044cc25574a9fc14d30c9c8bf21,0
DOC_0023,24,2178,dfc969acea81ff00b064f0b292aafb34854bd06a,0
DOC_0023,25,1901,3020332b2a401d400f901af4e1770559b0cdbfb1,0
DOC_0023,26,1736,00cae7d77c4b3569c09cb9f3f6adcbae0bef1f8b,0
DOC_0023,27,2005,e196653caff396dc934df4c5588a7f34d8d90f2c,0
DOC_0023,28,1623,b48e1567707de488602a9f70efdbe9c0643c2875,0
DOC_0023,29,2070,7cb2737d8eaf233b59e9ccb7cd2fdd57c6846c06,0
DOC_0023,30,1879,d24e5db7efe44b1f201bf7e74b54b27d1143b1a5,0
DOC_0023,31,1773,a28a4a266852c1af7ead7292d815e45c60f93025,0
DOC_0023,32,1874,f22e80a099f0508ed43479e5e9edc0cd1d0276a1,0
DOC_0023,33,1924,ddd1d99641b501fe871051828f3ea9f44cba857c,0
DOC_0023,34,1961,9205dfe9325ecedec7832df32ce5289779f4cc35,0
DOC_0023,35,1518,a24bd01baa374cbc3f7efe26099a0fcaa2896ae9,0
DOC_0023,36,1969,f5813d366afc0cc662057a602e7428081e4ae531,0
DOC_0023,37,2397,a34f03c3516111cb10f7765ee5dcb74d2a8da744,0
DOC_0023,38,1999,ff142796292e3b38a789ad7e22c76223c2aae111,0
DOC_0023,39,1791,b085009227fcd47cb49091162d6773e82580e368,0
DOC_0023,40,1670,e6b96fe378edc9559750d13ed051053b15aff464,0
DOC_0023,41,1475,869b5befac3e186db23043eec64dfe417e9539fd,0
DOC_0023,42,1867,156f5916fd59a0b0e81000904ef1f23c19b31b7a,0
DOC_0023,43,1822,35bb057a62bd4e3fc903e4d36c558509f9a6a692,0
DOC_0023,44,1754,af21645ec3e79361c55d0823ee5e9c3fabedf763,0
DOC_0023,45,1580,da6c7e81c2f99463c19248377eb9b89546bf392a,0
DOC_0023,46,2080,79d99352cb53be2f262b7e15a98b1ae399a8280f,0
DOC_0023,47,1621,c790de370486d9993e914d5945929f4f7273500a,0
DOC_0023,48,1928,ed64c4fac5b4b00dc8238e96a430dcfbf75d7881,0
DOC_0023,49,2089,fc4b55f415936083bb26ec9545d04e6af67b1668,0
DOC_0023,50,2051,f85a099e8c3647c69d4f165807ec30da8b311565,0
DOC_0023,51,1627,ad5b1e4d02e27e54f3d3fcffb31d5c7d71ec77b0,0
DOC_0023,52,1684,2217afa6b4bf8242db05b5db90e7f387004f36cf,0
DOC_0023,53,1377,17157e1a9a1b1c7cda0aab646d3156dd4c0341d8,0
DOC_0023,54,496,a53c9a5a09de0972b4415ffeea9b5b6a61724f72,0
DOC_0023,55,7,4070d03933978e7e3b3f6e520526b6a98c942bfd,0
DOC_0023,56,1317,623f02373d53b1bf150efee8b0a7ee97294b139e,0
DOC_0023,57,1389,49a589f2fa73a476b498267b5d23486837d9b660,0
DOC_0023,58,1481,3fcc3ee088e35029453943d556b0ed2fd976ab99,0
DOC_0023,59,1261,0a521547ea521ab0640c960d2fd09d53bc5a9f8e,0
DOC_0023,60,1675,0236f42e0ff1e5860c49adfc7af8af0fb1870d2a,0
DOC_0023,61,1440,bdf7c1376a30f142e1040c4b8ee3ce527406ec0a,0
DOC_0023,62,784,047672196e0ebaeefd582cf575708cddfb9eac64,0
DOC_0023,63,477,ee2c49f7dcbc706f77470344812d35233c6594fa,0
DOC_0023,64,1805,f59474c6437322fd18c3c8beb85fc4aa0a5227d4,0
DOC_0023,65,1418,8853216550d3a497e25b1b35ee9aae10781df87e,0
DOC_0023,66,1467,6b21f31caa2d193f6abdfc39fb6be333676f5eb6,0
DOC_0023,67,1306,d77b34f60480cf835d459981a333bd3fd1d8fbdd,0
DOC_0023,68,1608,d3c31f09ddef6eee2516cc1fe973da57163e0c3b,0
DOC_0023,69,1753,fb5869015b34a523110757baa4581574f92d74c7,0
DOC_0023,70,0,da39a3ee5e6b4b0d3255bfef95601890afd80709,0
DOC_0023,71,0,da39a3ee5e6b4b0d3255bfef95601890afd80709,0
DOC_0023,72,198,10e89e5ca59ccad12a02860db94ed1c05b3f1ce5,0
DOC_0024,1,1028,50407db14088346e3a88da364297e94982dc8e14,0
DOC_0024,2,3662,c16f7a638455f2d508a69007a443146d709d4dc0,0
DOC_0024,3,2821,d40eb21a69349e46767b95df3eb75c61f47324fc,0
DOC_0024,4,2766,8f9b23d34e9eb3aee81052dcb77fab75ca682c1c,0
DOC_0024,5,3049,4ec446fb670010a8a31a7664c01eaaa6d65c025b,0
DOC_0024,6,1909,f3a4f3d5ed61c3cc1a1aaf7e9847578ee272561b,0
DOC_0024,7,831,7028aa579b029261320413fbd8a9897ecdb634a9,0
DOC_0024,8,968,c5ff07165be7a3389ea24165c8a0280a09f42a23,0
DOC_0024,9,1242,0d967754ff58154a043930f0b6a72ac21f91eed2,0
DOC_0024,10,834,4ca54c7532edf943acf3546c4dc4e849b2f07142,0
DOC_0024,11,957,b5f875a024636979c41b37318ec08308b063e0d4,0
DOC_0024,12,1937,6e273fcb1cf583531e73a97b89d70d04f31f014f,0
DOC_0024,13,951,6333f5d8633b6b7b8360fdafe24fe4bc27cc4ef8,0
DOC_0024,14,826,58a71aacc2332b4e78d3e2626ae40b5d82c9be0d,0
DOC_0025,1,3861,6d5d704490bed3f42f7c4e7e006cf6e9785a22e7,0
DOC_0025,2,3392,72d2f4581e90b9cc0b09e2a4c67080b04cfe72b8,0
DOC_0025,3,3080,f49df1d64e1383b68362f4d6a841916cd74b3949,0
DOC_0025,4,3086,26660257488d170b8ea97971ff71832d2b6e43cf,0
DOC_0025,5,4002,ddf5274e39648ff513d59e598940671962c226c8,0
DOC_0025,6,3467,6bf2455e04f5e6a0664360e9cd1ef3b3c1b4e197,0
DOC_0025,7,649,f406e33bf93fee2b4b9cf2f72018ad95bc530160,0
DOC_0026,1,293,cd93208f1acdad6b41a7dde93a4f0a095ae2f307,0
DOC_0026,2,189,2685bc1c7687180eeb722a6edcb106a2cc16dfc1,0
DOC_0026,3,134,ab5da1f7999fe168b0029d598b9274f437d0fb66,0
DOC_0026,4,246,b21e6e61be787696670158dfcdca904261480e93,0
DOC_0026,5,1333,a3343954571ba60d1f42954e21e3d0e72907637a,0
DOC_0026,6,2459,f133d968479acd34d97c5297adef434dac99d4f0,0
DOC_0026,7,1984,3f856ae2864dce5f02f88517ffec15e814cf9be4,0
DOC_0026,8,1615,cfc407d527e48f6c5725c4d9ae79818e1f2144a7,0
DOC_0026,9,1706,63a9d8a86b0cf236923a39b9cfb5d13c40625822,0
DOC_0026,10,348,2e4d6f9e0dfdcb3d1a8d97d337fcaeee3955a90f,0
DOC_0026,11,2169,fb1064b1a4fde6c942f41badc21aaca61da568f9,0
DOC_0026,12,198,b1ef5efdd8970bfce735aae13f99894dd1888f55,0
DOC_0026,13,2954,35fa75487e19d51d51e02c85ce0593fc5b9c0e24,0
DOC_0026,14,765,5a9d1154ae81f37dd2dfc1e8da970ed5937d804c,0
DOC_0026,15,2307,d182d866ff25a527481beaf534270738dca7d44b,0
DOC_0026,16,3138,7274c3b8122fb96c36144312ee3327f77f0ff1c9,0
DOC_0026,17,2861,724e05fe92e8dd70b6e675e5d11d3845b353928e,0
DOC_0026,18,2001,90f1eb954017e92d04da2544b8ed995ab064174c,0
DOC_0026,19,2830,e2fdfe3c03f083d2fc50be5104fdc72d0a4e3a9e,0
DOC_0026,20,2497,c396dc86ecb23208b1e26c96000334d63f83a9d9,0
DOC_0026,21,2812,9919ae70b7b8bdbc8ed9babc612c3677d9ce94d9,0
DOC_0026,22,2763,944b71a45a192962cef9342b3fde8050d91bd19b,0
DOC_0026,23,2976,3c71fd861aaac06c20af39c6c9500d58137bb6b3,0
DOC_0026,24,2909,f0dfadd79da0d87208c1e2b3e698b499ab39305d,0
DOC_0026,25,2960,74cf425a67fa458d906234b54941748b83078a74,0
DOC_0026,26,3262,0b7791a21cf4b7db48c7ee07f800efa1ae9dbce6,0
DOC_0026,27,2803,c35f6ff274d6d0280b64dc5af8f62ff55d34721d,0
DOC_0026,28,3330,b85658a04d255d6e4bcb59eeac3fc75e2c4f74b1,0
DOC_0026,29,3155,29da1bb28188fe0f9cc67872701f378f31b6453d,0
DOC_0026,30,3302,728299b5201729dddb03fc857a8986e5ad07834a,0
DOC_0026,31,503,2463954209fd6a6ed08eb954c6a0ae051d6c93c7,0
DOC_0026,32,3283,96f02e7da6c7593054b3dcd18149b8ddb2c90e79,0
DOC_0026,33,3318,5c8944c4d932be2abe54ac9dc8fb74931e2b0b6b,0
DOC_0026,34,3152,bd1ff85064a4d1bbefd7743573217686c8cbec14,0
DOC_0026,35,3220,12cd58262975fc86a140d4b59790c889fc926b85,0
DOC_0026,36,2870,74a142f72df3b2de6f1a8f559d2b2d8477b4f9f7,0
DOC_0026,37,2946,f789914bd7421fe52f43a9aeb77489ff11fa2044,0
DOC_0026,38,2681,41d48c90ee2616f78adacd7d3979775121269aac,0
DOC_0026,39,3394,754e38f9077ceb15c38f82c9df2bafb4b6f245a7,0
DOC_0026,40,3201,96ac886c038919c42f5e78b415d02ca21f146050,0
DOC_0026,41,3093,db888e4c5a1eeff0e4247bdd53ac7aec3caa0e6d,0
DOC_0026,42,3260,7e83e6963b50cfe97b7fd645c14ea558ccc5ca9b,0
DOC_0026,43,2972,a55fca6aca7a554405f197ec6ab9b8895a594162,0
DOC_0026,44,3193,e5d5d47b2873084a2b7816c73357b166a67e30fb,0
DOC_0026,45,3315,58b662f09d397ed8d02f88b68fa8f1640af65422,0
DOC_0026,46,2952,aa76a6e7627d8708899e1ab49169cfb7340cdef1,0
DOC_0026,47,3145,0fc9c9eeb2f1c383fa3760a4eca297f26fbdc984,0
DOC_0026,48,3173,f82fe58412ce16661664c1b1b616461afaac2741,0
DOC_0026,49,2046,18d87b1b9cfc5b5c9913fc1052161454416da67b,0
DOC_0026,50,195,f140b1c9184a3b0babcdc4cd3ed33fc93cb9aa5b,0
DOC_0026,51,2720,fc99648b337f67f4ac97f1c75f729b6c43bae302,0
DOC_0026,52,2822,73522c45ff572ce049b3d6463649e8013d2db369,0
DOC_0026,53,819,b2570b496a4219a354a2bbc99cf6ed6cd6f7e379,0
DOC_0026,54,2012,f58d4f7208963bdfde2bc989f72627f828fbdbda,0
DOC_0026,55,149,f7c293e7ac7a359547ebd24686bb0ee94220597d,0
DOC_0026,56,3028,adc0391da9c68d5dea1e64741bd3d74e4f815990,0
DOC_0026,57,3165,420de98998017281e2cc4f775747bfa3aa81453b,0
DOC_0026,58,2991,49b485d23de389cddab94173da10775d6138cfad,0
DOC_0026,59,3009,401fc82cde0693b30f5233c725d8b68675c6f5fc,0
DOC_0026,60,3590,7e761fbe2ab1781ff6eda300689e7fa50e3a1a9a,0
DOC_0026,61,2806,8611fcdfb60f214ca753835a6afbee7dd121be09,0
DOC_0026,62,3245,08923aadeed1ef02217b38fea6d1d8d7566d4728,0
DOC_0026,63,3284,80ff5fbf9b44f26f15c2a017ea63a61ebddd85f2,0
DOC_0026,64,3279,f091aec95fbd527ca5db32a4acf2f6947b10bc87,0
DOC_0026,65,3167,ce98b182ead8cfdf2f630c67c95e2cd090b76093,0
DOC_0026,66,3270,413e7ebca32460232c543e529834b1b225b0b097,0
DOC_0026,67,3501,4cc1f7ba04ff791bebeeb51fcf3fc6431495a326,0
DOC_0026,68,3514,840280b087f82c63118954675c31571e916e42bd,0
DOC_0026,69,2950,dee02b232d85b0eb0eebbbfbdbdc0d9400b377ed,0
DOC_0026,70,3386,bd06c59f8914e839defed1dd6ea9a145f62a88cc,0
DOC_0026,71,3170,a28ca31e8af6a8c45db62c2b9a491f72a9d4a8e7,0
DOC_0026,72,2559,4195dc1bb1b435dc20ae4670bd4136a7c57d4d3a,0
DOC_0026,73,3006,1b0b9b279df070808dd07d245eafdb547d72ac49,0
DOC_0026,74,2780,09911cb02c6d7d17a35f4f5da5ba632d02513ed4,0
DOC_0026,75,3233,d6b3537f71fe64c055b069bafba7c843a725112b,0
DOC_0026,76,3426,464022c0e3af8bc3753d0389daceec576f3d3b9b,0
DOC_0026,77,3380,267059403d24bd5aa3a2bf9d54be7064f673c99b,0
DOC_0026,78,2939,446c26b192cdc965ce11b8ea500e5c4e2e32ad3c,0
DOC_0026,79,3339,f08cf43686255ad168787ae0f193b44fdac15f0a,0
DOC_0026,80,3185,065e4b77c470761304c8245ff47c46ca9c496ae7,0
DOC_0026,81,2829,70fd743bf2f51c47497bc93d8647db74d318e2b8,0
DOC_0026,82,2309,0573968e1e0d05f71a60ef485199eceaeea1a1a4,0
DOC_0026,83,3477,93ab996d76e5707a1c727bf0f36e2b935b874838,0
DOC_0026,84,2927,feaf1d834d9e09907cadd9add6de80725756932f,0
DOC_0026,85,2671,ee713303fc4c441155c3a85953fed22c941074ee,0
DOC_0026,86,3129,fd9c3b574f4b24fcdd6bd3d037b2b39c89000939,0
DOC_0026,87,2763,6eeef4c243712b91e6c964429ef4fa8e46919fa4,0
DOC_0026,88,3202,f5a0c36a0482be951268dcf7232ec7206b8ff838,0
DOC_0026,89,3024,5ffe03fe965ca7fd9659314c6a40ed70607ab8bd,0
DOC_0026,90,2939,f46c05f5219b5731cf608ca74a462d7df488e936,0
DOC_0026,91,3357,c302ab59f952053e1868000953bb0be7887bc88c,0
DOC_0026,92,2908,f72cc6198290b7971ce24230109383844745edb7,0
DOC_0026,93,2980,6555425b54a58fb6ce3b60be4bcc5efa1c149899,0
DOC_0026,94,1724,dbc7e84588bedcf344a0f27e104e3258c80e7e29,0
DOC_0026,95,2618,e1cd2a9ceedea8e5da021cd2a123534d35793b20,0
DOC_0026,96,2960,c48fb23292c123e205f6d3543d8448964ebfe4b2,0
DOC_0026,97,2985,7b5182c355e15a108c76e115e84e0e16de08a38f,0
DOC_0026,98,2917,57b6bedf73366aee68b5ab7033c51a0d590c1e15,0
DOC_0026,99,1652,a874c80aa48d1cb1ee02b9e61f654ba0e5fcb492,0
DOC_0026,100,2133,a918ce8caa838f7ab23f94b50e3dea74899729dd,0
DOC_0026,101,1451,e42e774265b185b7ea205f3a4551297cb0635cf2,0
DOC_0026,102,27,81180f5de0413521386874a3dde4fced0f3be260,0
DOC_0026,103,1616,356e79aa5c72542432c2e4f6ef8f216149e38072,0
DOC_0026,104,493,f739301d4f35cb060796d3842c7179755151098d,0
DOC_0026,105,38,fd6d2975c45906a266ebb4140da71992f9d374fe,0
DOC_0026,106,1428,728d75500ad2383c9f3f3367b0a8e5fd4bb1a851,0
DOC_0026,107,719,a0fbd28fad642ec2e8e914e884970dd7734546cd,0
DOC_0026,108,1125,f47302a5f8c2ea2729c853a5aa315377fe9aa3df,0
DOC_0026,109,486,9b61583a831c01e446cfa3b5a5de0ab354be1f7d,0
DOC_0026,110,1796,e5da6288c28a54381012f32e3daa53a08986228b,0
DOC_0026,111,1812,31b7fb551059998b8b79284a9817cb0356141d55,0
DOC_0026,112,1929,8e812cc8fbe0edcfba06599a14b21bf361551efc,0
DOC_0026,113,1765,b32a8f0abfdcc2f793dd368fed723a58f279a651,0
DOC_0026,114,1739,7bd95a9f7d22774a7d4b88b5ee1a1c26099bca66,0
DOC_0026,115,1358,ae2475f94d4eab7a0451cfd4b73b36c09ba1a145,0
DOC_0026,116,209,bfb6bdcd77c2f50c1fcb2614aa2f0bb6b86d1d13,0
DOC_0027,1,138,bb3b4da1fdb771c2dc637de8a481ae1511525469,0
DOC_0027,2,512,615a7e9d6703a0182f8572e82c4a2d812735e723,0
DOC_0027,3,1187,725c3ff9aba7bfe379375ac8e975717b6796043f,0
DOC_0027,4,0,da39a3ee5e6b4b0d3255bfef95601890afd80709,0
DOC_0027,5,443,a18099facf2e675cd3bd386264881760f49d75bd,0
DOC_0027,6,0,da39a3ee5e6b4b0d3255bfef95601890afd80709,0
DOC_0027,7,79,dc04e247d6f9c8d1121d6d4a78aadd20c791af61,0
DOC_0027,8,0,da39a3ee5e6b4b0d3255bfef95601890afd80709,0
DOC_0027,9,3328,908714e22ecc418633997a1b4aba98639629705e,0
DOC_0027,10,4348,69e7dde2989caa4892c868c78922aa1be1f9ea8e,0
DOC_0027,11,2625,ff6239b97e722a817c845a8f8583c64243a100e9,0
DOC_0027,12,2030,1a1d61cc774c0e75ff5af2a97542407320aaaf84,0
DOC_0027,13,2339,f4c55bb39d3ce448c4cd685184151a08e268947a,0
DOC_0027,14,2153,7df48aaba0e18ae3487476de32db5031b7a4e8e0,0
DOC_0027,15,1641,bf079d234da532e9af6e3d1ac3c1e2593ae9a3b1,0
DOC_0027,16,1592,52450765ce03b48ffc27a99368eb6a9d285d02da,0
DOC_0027,17,1989,c3174956e78619bffe9da51351aee4f7624f2ae3,0
DOC_0027,18,2516,cc631abae85cab2892e7446ff09a9c38411b9674,0
DOC_0027,19,1828,8b814c4aecbd14ffb5bf98d2322aa004c4664caf,0
DOC_0027,20,2010,eb570db85169c4635ff3ef836e126dca0ccc830d,0
DOC_0027,21,2330,947d1a3ecbbd47e676f11bb4a5b1aacff76a80c6,0
DOC_0027,22,2860,d44a39ffdc7ed0a98d734d5bed8ab4cdb85d67d8,0
DOC_0027,23,2618,097a48c3d905d3c72758e27696308a386f529b4e,0
DOC_0027,24,2634,97bae30d070e10a4782220f030f9b3c819d519e6,0
DOC_0027,25,1727,06ba80c695ca6bd41dc6b205efba32b0cbb024ec,0
DOC_0027,26,2464,b2d8a13e3998d6232cbf31c9c8567683457c3b59,0
DOC_0027,27,2723,e301e99da728140521768ef4c44b73ee70c0f631,0
DOC_0027,28,1908,a44b07bde54ed033f1d59404df743444abab02a8,0
DOC_0027,29,1690,1201935c85f44bfaed2e48180d879c40b42fd9ed,0
DOC_0027,30,2521,6b3b92117d9a718eeb1cadf5ccc6adeae2cca3da,0
DOC_0027,31,2431,d2cc7728ed8be59a6aa2ee3dd21e6831ac6cad16,0
DOC_0027,32,915,3064b8eb9ba3ab85af59f1c6ec3f88bc49d2ae0d,0
DOC_0027,33,2567,e39c6554cf33a7ee541c1445d5ed61fbf5965ebf,0
DOC_0027,34,2504,b3093b78092a801435bd3a6f1c6d393759c7d323,0
DOC_0027,35,2653,04a3c9cde3e925abe3c5dee685492dee1d1014c1,0
DOC_0027,36,3013,861f45683a5f92042fdb282cfcab6fa7e31c0d19,0
DOC_0027,37,3321,7cbdaf370893c4c218d46c66af9ff89e2e52652d,0
DOC_0027,38,2922,5f1d2a394e2af91136e0aa0239a1fb21bb9313fc,0
DOC_0027,39,2201,8747c93367c3e7864b9c47265720052aad670b1c,0
DOC_0027,40,2930,0c71f6c701ac9dc0d239c5b542277034e130cb2c,0
DOC_0027,41,2725,d7a4e85977c63dcd80c928ac37c3855017952367,0
DOC_0027,42,705,4b7cf66e4825bc5f6f68fd15d70d21830711d0b4,0
DOC_0027,43,1060,048212487d995df63eb3d6946460ef8d0e83649c,0
DOC_0027,44,879,489306b7b96711c8ab8d4828cec17b2b0bfca441,0
DOC_0027,45,1097,e73f2ae63230b4b11a6a9884fe7851cb4c853ad3,0
DOC_0027,46,3093,d0c850310d000ce59194afad6ceab649edbeeb1e,0
DOC_0027,47,3276,2eebe6ee0e6c296be6d8f6381ca7397979f79d59,0
DOC_0027,48,2501,c32cf0983eeca4563ce92ec2a764e31ef737b578,0
DOC_0027,49,57,be9a2e4fefef4b0f670636417a1229fbfce7d65f,0
DOC_0027,50,0,da39a3ee5e6b4b0d3255bfef95601890afd80709,0
DOC_0027,51,3227,9c3a198f6206f229aa82b762c4671f1a92e5f091,0
DOC_0027,52,4165,ea220f60dcb7072b03fa674a5e0f3d61563faa77,0
DOC_0027,53,2592,a68fe3444117039ca006e92c6f7d3a94c634531e,0
DOC_0027,54,1758,23689600715b7b9478d192c5884a605c96a97b92,0
DOC_0027,55,1843,e1c05c92beabd05b9c68ec941a6b1664e37d9d1f,0
DOC_0027,56,2667,0df361c2d7cb2c401d2e51840f441028f18f45eb,0
DOC_0027,57,2177,86aef22b8359a17269edb4d71db31b37288d1af8,0
DOC_0027,58,2263,a115ab44b119bfa7cb849de72403ba4c093c809d,0
DOC_0027,59,1371,9ff474f0630000fedfb927cdc17b9e644fd91c86,0
DOC_0027,60,1970,d9c58e3c1f1731cfacd4b259d4aa5524d62f0369,0
DOC_0027,61,2140,593484682a832e954a44bd44976cb57b269d7479,0
DOC_0027,62,2286,d6fe0ee5f24d5db3d38e151bfdd39ec3ad47acf6,0
DOC_0027,63,1935,6e337dfb3cd55e7a2a33e7eceb10db465321ce54,0
DOC_0027,64,2255,ad56da87624525c7dbc81325efb71f89d914832e,0
DOC_0027,65,2692,2fd8e6290d89e8d369353d000f0ebf8d780bd0c8,0
DOC_0027,66,2952,0af4a700fe7fe449dc9eebac527378ec9d4ffeef,0
DOC_0027,67,2255,500d9cd25437f7739046ccd69ece684986cfb98f,0
DOC_0027,68,2461,e3f5d89165c32bf1aebcb008d3010f36e5493206,0
DOC_0027,69,2697,8c2fe2ed04006644c9aeabcf88eea6177c09a40c,0
DOC_0027,70,1907,2962be6b78a87ac5c8750c440800d2f4345f26bf,0
DOC_0027,71,2182,ca02559d74a83c3d30343775927fec5fe34b950f,0
DOC_0027,72,2050,0d04f80ec54cf93f1633ad4328aab077f1b032ea,0
DOC_0027,73,2551,bc75c7642302d8cfd44ecb03638305d5cc349057,0
DOC_0027,74,3282,2de10c2bb1accc75e67e2a70518b962ad8bbf657,0
DOC_0027,75,1218,9903d3f32feb89268b60244ac714bd02b6d93c7e,0
DOC_0027,76,2622,dc6fa9f753be66b090d4948b535088163847fa29,0
DOC_0027,77,3078,e82595bf47453375f1167b8795015270163ffc29,0
DOC_0027,78,3023,2c6ec7bd2a03711ff0c7e6a8059a36631a308433,0
DOC_0027,79,2250,0a45faeec9cef70944b2f1c878712069c33d9d69,0
DOC_0027,80,3028,5ceedeb90c3ddc01ef2c5d855f05bfbf47487166,0
DOC_0027,81,3255,d3dbe794e8dd92e06169137a565dcbe9db618c35,0
DOC_0027,82,2562,4739d01aa53716142ade83fa86c3e9057bf90e3e,0
DOC_0027,83,2456,e82233ca2957882c6d1307ef5a5dd77d4fba66af,0
DOC_0027,84,2677,06513f37d54ad25b99cb6b1b50511314126432fb,0
DOC_0027,85,2964,a50b8dfaba5d9e21d141dc978b7df4eb8385cb31,0
DOC_0027,86,3226,567310fdfc331badc41134694239831504b4f52f,0
DOC_0027,87,2735,f0be5553c981a21b4bcc7a95d1546e5acd5fcb51,0
DOC_0027,88,2480,1e30af2c9caed5acd4d60c068224a44759ecd4af,0
DOC_0027,89,2968,e537e63fa7615fb0e9b9eb90c4e4c2b2835d7db9,0
DOC_0027,90,2831,d9e15b0f693b6b77bb3c454897ce46792f71e1c3,0
DOC_0027,91,493,85db7c4c0772c88ee2a86e55ca5d26c25d318895,0
DOC_0027,92,1183,ce5c0c514e4bd2f4327f46ceae356b1e62790d7d,0
DOC_0027,93,1077,647a0899280ff5a4b420ad08f915925d62e38b5a,0
DOC_0027,94,0,da39a3ee5e6b4b0d3255bfef95601890afd80709,0
DOC_0027,95,81,68f08830fc9c9fa4fd7885fd81e2f2bafcd49dec,0
DOC_0027,96,0,da39a3ee5e6b4b0d3255bfef95601890afd80709,0
DOC_0027,97,3259,4dc4a4fc88f5b8ffb72da0bfa67cbb8e7723c114,0
DOC_0027,98,4211,4cc2b604ed3a732cbb852ad381703b8fcd6e2d56,0
DOC_0027,99,1615,c77abf3009ce41e6267003ea22b73dbc2cd2cf1a,0
DOC_0027,100,1919,a1511fde2b7b9d75b5cffa7e3fe8dfba9b4ef093,0
DOC_0027,101,1961,f4250d3f7f8fd543d502d7fb6d5c4a122379956b,0
DOC_0027,102,2581,ff8cf7462f6579827a900d15e746c3cbd331238e,0
DOC_0027,103,2339,56547fd1e8c6011e9a18d5c4b375fbc9adc5ce0a,0
DOC_0027,104,2283,ed457f6f292dc2381a01d64be9dbc32acf45ee73,0
DOC_0027,105,1647,79a0eb9a5ee9bafe7a8a469b6ff83ea5626d9b46,0
DOC_0027,106,1982,89d264f1f709123d563fcf67f546992c103e189b,0
DOC_0027,107,2632,a85f1eca5af2b5b215ec8fb56ff1aac3df795c32,0
DOC_0027,108,1984,c603a16639006344d22eff982af8445a1f260003,0
DOC_0027,109,1979,7f7b2bf70fe42c67eea0042a874b59bdeba285be,0
DOC_0027,110,2379,71e3202499eb6ce66dceb4311fb1397ad05c2257,0
DOC_0027,111,2924,5688afb7daeaeaf628f8c4699e12a1c235ce253b,0
DOC_0027,112,2805,83f1cd8c9c4b56ab03868ca067d73090ddddbdc5,0
DOC_0027,113,2610,0a380979c1aa9c1681136b4c2b26ff1375298b4a,0
DOC_0027,114,1761,0d3a6ff95b4f823c4dd4ffaab47a2529d4a3e854,0
DOC_0027,115,2685,d77cd24de82096840952e58c1a83cf26adfb82dd,0
DOC_0027,116,2633,27d11f175caad04e7bb91bd42bf21663ebe7f85f,0
DOC_0027,117,1931,789a4ff17f96e901ee9ac630031d14bfcda9c95e,0
DOC_0027,118,2177,21128c8feb41a8462c8dee98354503734b942ee8,0
DOC_0027,119,2281,39d8115ccf6c282556cceb24c29d162ac1bb2469,0
DOC_0027,120,1355,e06cf4e405c033df0fb7756ecec9b351fbca9bfa,0
DOC_0027,121,1336,bda9d6224178210ab20022971b18de51dc468c1e,0
DOC_0027,122,719,28f7ab6e50a0d51fb8fac5955ac2bd96aeff6f7c,0
DOC_0027,123,2881,c1b4c7c6fb9b76fe888192ff7405f7fe3f9d3cb1,0
DOC_0027,124,2893,7ca9cbda71a7c1c4c19db80ca7e42e323e6cfd0b,0
DOC_0027,125,3094,00e681c38755fe04ef1d6fbbd7a2198c270d7e6d,0
DOC_0027,126,1964,6792147f7735cfc6869db93ede9ad9992a59dafc,0
DOC_0027,127,2975,3dce02a4dde399cd282e711c49e9cbfa0089b445,0
DOC_0027,128,1099,320b6923c0727f849dbfa13d0a3aa61e6978b107,0
DOC_0027,129,3318,53966cf86871883d54e7ad435b22cffb93ade981,0
DOC_0027,130,818,585e4c65735542c2dd55c157f2872b8ab5b548ae,0
DOC_0027,131,2793,df9cf818c60f726a1154dcc9202ffc8b317a7d71,0
DOC_0027,132,3111,053b64b41facb9df551609723dfc2439f0487727,0
DOC_0027,133,462,ec522f3364f1bb5e3e69cdc350c09e70332528fa,0
DOC_0027,134,3183,f4e1834cfe0c95d1146a3f0c2079a5e6d2cfbe2d,0
DOC_0027,135,0,da39a3ee5e6b4b0d3255bfef95601890afd80709,0
DOC_0028,1,120,343926d82d2a4538f06a617548357ace132ca60c,0
DOC_0028,2,5,e78296a9ea920bc2e75e502cd3cf4eeedc3b273c,0
DOC_0028,3,286,404bfd6f4c8a5340b8597ce32f12dcd539d46a2f,0
DOC_0028,4,1773,dc6c611c9109f91fe7c7a21afadb15b7b4d172ac,0
DOC_0028,5,2016,d4f7f964674d1f7c29ec0520bcf8bd57ff542e12,0
DOC_0028,6,1131,2f2d14864263ed17bec8a62364d8f868b512e870,0
DOC_0028,7,683,608a2ea4e4a55cd3eb515e99681a0d2b22878330,0
DOC_0028,8,1334,3341c41098f6199296fec721c8813b57cea298de,0
DOC_0028,9,1662,bacd30f1632e2bc472a69075f78668a9811aa51c,0
DOC_0028,10,1814,334df7256c8a0f3ba2723d1a6c93fbe38c620dba,0
DOC_0028,11,1890,3947ad87968194555f82d4c1b38da337c9cf5797,0
DOC_0028,12,1764,0133742bf1e31383662f46391ed5d14d5a585391,0
DOC_0028,13,1612,585185c05e5f5a1f794d3e86d23d8b5b9b499678,0
DOC_0028,14,1375,403b01bd2cab92a98bcf462d25af157cecd2b462,0
DOC_0028,15,6,79bd3a5232f314c8eff110016757b89f731d499f,0
DOC_0028,16,155,1cbfc167e5ef94fd2b8433d32af82b45083e6fe9,0
DOC_0029,1,2103,c48af7c41d0b7687a8792e546dee42b1776e438e,0
DOC_0029,2,3507,3af1e2cf4c694a1ac54f96d84e674c3617aa04c7,0
DOC_0029,3,3212,d5cf6089f403ea17e8fd1b5f12a2bec786a5964e,0
DOC_0029,4,3176,1b7691930918dcabf4f4178b711fcf14b9d741f6,0
DOC_0029,5,3234,c46814f709cf6461f1a2aa4e2705248019b90596,0
DOC_0029,6,3657,3cba548c89d84254049f7f85a0cbc4c162108273,0
DOC_0029,7,3576,7dda4e8fb4116fc77d3a0688940faaf1ff29e11a,0
DOC_0029,8,3148,55fb4c3f92592b302d2c5bd27c69fce108862790,0
DOC_0029,9,682,e4142b95ed9977d4e2a883f1d1855c168692b691,0
DOC_0030,1,4957,7fccf8cba49c94ca2b8514cd780b62b24b2215e7,0
DOC_0030,2,2211,495d1415948edab63998bff6e10289f017ecc25d,0
DOC_0030,3,1698,9e80cb6e64b8deb7535eb8f53414ca91cec5c993,0
DOC_0030,4,3435,62b47d43ea07593e2335f7674508da32783a9e4a,0
DOC_0030,5,1275,83bbfd94250d7dd5f7afd467797f1f45d53dea2e,0
DOC_0030,6,2615,dc9071242334a57987f7e6f613ac7bfd66080ed1,0
DOC_0031,1,205,ad70cd57b319334b6dd96d3b91d77ff6920ae837,0
DOC_0031,2,0,da39a3ee5e6b4b0d3255bfef95601890afd80709,0
DOC_0031,3,223,1fc051b2c46bf1786292b78733f25f5278345a10,0
DOC_0031,4,0,da39a3ee5e6b4b0d3255bfef95601890afd80709,0
DOC_0031,5,3434,898b70122a8f810d7e5ed4dcf524744776938c1d,0
DOC_0031,6,3160,c9c181d7c8b873332372ec0bd2dbf758ad504fbb,0
DOC_0031,7,3309,f56f679229c72138d63ffc5d5876f78601bb48af,0
DOC_0031,8,957,373d780fd1ee8c8bd5d3d343053dc3d886250954,0
DOC_0031,9,1820,0ce0552fc34d53d052a14f28bff7773f4fde34e6,0
DOC_0031,10,1652,f84bc33fe31bac131094e8b45e9638e9f087ff16,0
DOC_0031,11,4357,628bfcf508d2525e14e26c9cea3ba302aed0af72,0
DOC_0031,12,517,e9cd86fdf33a517817f9eb76f5438ee1469f0461,0
DOC_0031,13,2803,e5113646f2da5873f3be6db34702ed43b971db48,0
DOC_0031,14,2063,73fd2ff01391d7ad36eee76c2a27ad3860f29b12,0
DOC_0031,15,4337,2094452186e36f7255ee30c226f42880b52a84a0,0
DOC_0031,16,3497,b5df0d84e00a160ee35a88241b1d373294bd3bb0,0
DOC_0031,17,4391,e7f7b61d85b7ed4d0f684613f08e402e755d8bef,0
DOC_0031,18,3762,52e38e629ff072f10293fb9bae69b3407272cfa0,0
DOC_0031,19,2146,2e724704efc1afe4371de39b6fb7ff15db3ae305,0
DOC_0031,20,726,aa4d630a789cfef05b24ca354f2a22e4f8398958,0
DOC_0031,21,1505,d6b3e780933d558d9387dca7f592ee70d5109f24,0
DOC_0031,22,3178,19d2f8ed71b925d34824cf74d3914e99ccc12778,0
DOC_0031,23,4556,115037a66149d9ca3f8ace0afe0de91e056cb16c,0
DOC_0031,24,4444,dc3cf42ab89a801ff545ed671df55ca256ad6dc9,0
DOC_0031,25,4082,b0cba319bc3bda9007d4fe77e81eeeb03dc90351,0
DOC_0031,26,4137,67ade3522d3bc7216b58e45d836402ad90b12640,0
DOC_0031,27,3849,f6768c19bffc2b49debf2fbdc57c51ddfead4064,0
DOC_0031,28,3717,4651a574a7a0c227a22818fdc7c7bf44d92ea4a2,0
DOC_0031,29,4181,28654154d8f8d075a47e3af5fb6856942f4ed103,0
DOC_0031,30,1555,4c793c48980703949b61fcc720af2b5af3c7a778,0
DOC_0031,31,2904,42e92cb82d86622a8ebf55b3c4caf20ac0c46010,0
DOC_0031,32,4226,05153e850b6bb6b5c46f81a1c769dc6e8b62fe63,0
DOC_0031,33,3371,8adaf8e7a9cc17791a5691c5ba4fae4c69140362,0
DOC_0031,34,3465,a2ac9ad010a59b0f9afef7a251a2a85272286b24,0
DOC_0031,35,4100,30a91acf4db2711243c51e725082fbf3862b882f,0
DOC_0031,36,3330,a8c30db0ac78d5e7c4fb68134473a8f338c664f9,0
DOC_0031,37,3355,bb96e7d117c12d05fc828b6785a51818cfd18d61,0
DOC_0031,38,2666,4ebb5d443e6858f269f59db2caa8e822624e54d0,0
DOC_0031,39,1203,88876a76bfccfc28e6bb25d6c4278c6ce72a7419,0
DOC_0031,40,1052,2a92c4ee91fa4adde0571e3bbebc22e29df4cf03,0
DOC_0032,1,0,da39a3ee5e6b4b0d3255bfef95601890afd80709,0
DOC_0032,2,0,da39a3ee5e6b4b0d3255bfef95601890afd80709,0
DOC_0033,1,2086,a84683a4e55bab0a503f61fbe9f0c754ca6551f2,0
DOC_0033,2,3011,64acdd9696783a1aa51280640d86879013159bc4,0
DOC_0033,3,3716,edc7ec15892c460ff52f023498d04d731a61db71,0
DOC_0033,4,3433,702db50187f7b15fa943127a851f67e8493e79ed,0
DOC_0033,5,3461,c6963e000993fdb25d3c07f63348e9b88430d7ea,0
DOC_0033,6,3203,dd0feb346f7f2ad1b83884dceb0fbf3c957536fe,0
DOC_0033,7,3458,c61dc7a65f50e3c483dc00884c6a8d5216001f38,0
DOC_0033,8,3354,f55192f9133e5e21fe0c786ce878006da0324aac,0
DOC_0033,9,3019,3755d3bba5e2587dd461382e59c4123e5a833a52,0
DOC_0033,10,2697,49d225495df8d1c6c1c3a7ada3d835c7d0cc2677,0
DOC_0033,11,2819,cdbd1cc2a1ad5c34aa25a5fbba9ebe6604bdfa22,0
DOC_0033,12,3175,bf1af0565e452a26053523a289164bad14b0c2af,0
DOC_0033,13,3260,68cd0eb14b587fec06cf243900f675e564ea38db,0
DOC_0033,14,1214,f927e8cf63aa5de735f13e6e35d4ffdeff1084cf,0
DOC_0034,1,146,a5255da6b8f5b2b98a84cee96b9dc8688f3ec45a,0
DOC_0034,2,2672,05c2b0430581230fdb6bccabbd69746bdf7037e8,0
DOC_0034,3,2930,cb36255fb2326950ea791767f1fe5ddd4d0b0d4b,0
DOC_0034,4,1960,00c3e67a2b40b5efd3de8a1f9a27dc60db9081c9,0
DOC_0034,5,2410,b871d0c887fd0c1ad18edad1aa65cc447557287d,0
DOC_0034,6,2255,a41f80e08eebb224253ee9b64b04bf36ffe3f720,0
DOC_0034,7,2256,b4f92f02fc4fc1634a53210e604a5e28a10e8785,0
DOC_0034,8,2643,b1b3425b5b9ded702b944121de27549625d9fc82,0
DOC_0034,9,2604,d008574764ff3b842bd30703ea84bf24929ca311,0
DOC_0034,10,2938,1a747bea81685223bc34e59eb68981e571870d22,0
DOC_0034,11,2417,aa4b00cc5684c187423479b133d2b00aa3b8e5ad,0
DOC_0034,12,2578,959420cc496292aaa5243e845ee492ef695943a3,0
DOC_0034,13,2720,b5f0ecf297bcb83aec1428c62f517150d1edc36a,0
DOC_0034,14,3007,ae25ccf61010057beb03c85f8191ee63e7c64584,0
DOC_0034,15,2458,fac234b917cc14c5cb48b56866fa2b13bccc47aa,0
DOC_0034,16,3042,17506575201e9c28667038c6c052f49f142d1342,0
DOC_0034,17,2943,a739026911270f8259828f5e6506378b25aa0bd3,0
DOC_0034,18,2781,e6585eccc7b0a6c45a2bcb10ae7dfd53a76a6cbf,0
DOC_0034,19,3065,c767d8d8e709893863fafc143dc7ae76c42e44cc,0
DOC_0034,20,2179,1e6f89cf95726f89e1cc571cae4c26c5b1f08214,0
DOC_0034,21,2796,25db7160c231ab92d3523745aaa45d1d631c5f5a,0
DOC_0034,22,2964,8484e0e74fc2a2163d28a3c4596a1a4eeb8beda0,0
DOC_0034,23,2509,44e99c1f75546bcc7ece221b496a056c82ae006d,0
DOC_0034,24,2442,0b7f0e90a754c40a75e116a4600fc3cd35625d94,0
DOC_0034,25,3324,1725d8414b952d867a39b44ef8c0c489f04b8e01,0
DOC_0034,26,2639,fa283e20337f69a3d97920b07945acb36cd77fc6,0
DOC_0034,27,2556,1e62dde6a5e95e36869bb1f8f1b3d68ae5a311d8,0
DOC_0034,28,1771,a4ac949c71be8f806c893ceb59ffe3ded7c46ac8,0
DOC_0034,29,2388,4149470dec954cf480e7394b1f9c82526b015a30,0
DOC_0034,30,2734,6c053baef6215f071fddd114d3ec3cc45653e36b,0
DOC_0034,31,2616,522fde330d5c83f99a5d9eb2b6f2ce991d9ab87f,0
DOC_0034,32,2006,564a1f8a45a27f4a03f78e82bda300514d9a769f,0
DOC_0034,33,2445,c49bbae24a6143cdc708d3c5b40aec2b5549f624,0
DOC_0034,34,2699,95fef244a7bd2e60b88ba4576ad243912250f022,0
DOC_0034,35,2269,5b7dc28706ed0c34152703611cb7675b3dfda9d1,0
DOC_0034,36,2651,5495f4076ed6a95aa2c5e0ffd7adf4ccea7240e5,0
DOC_0034,37,2661,6a126e3c53e1fa58e2cd031e9466904f8e464fe9,0
DOC_0034,38,2430,c73a2de4a4c73fe00205d2a5bfa31ae33098fcb6,0
DOC_0034,39,2211,8d23465fa3cbd13c800a9a55989738081c3339f2,0
DOC_0034,40,2355,33b7fc0fa0744c4bfa6782861f7700fb86153fc6,0
DOC_0034,41,2720,072ad2c7f7478dc4e55fd1de64d25d437c95e45f,0
DOC_0034,42,2610,d529f0f91cf114c35e1f8aca827a21f1826ea0f9,0
DOC_0034,43,2437,db2795d1f050d3b396f9e98f6178a85c07a6171a,0
DOC_0034,44,2667,eb9b69ec152094713c8dc9f73c33b5a5194d7476,0
DOC_0034,45,2010,b54ea8c6ddac27c284d1597993c21ef2f8ebf0ac,0
DOC_0034,46,1983,840925711e5cd901f4ac78ea05e68c0f4a17e8cc,0
DOC_0034,47,1832,5235e02c7ba8a4228ca66fbf6d50d6ec16ca6aae,0
DOC_0034,48,2382,068564dba295503f86edaf165b7ef107b72909e2,0
DOC_0034,49,2062,4361a4af41d4aa3b9e2cb1a96f7e921957c58319,0
DOC_0034,50,2135,c392e362a780e9114d985a2cf5778bef5f8b1726,0
DOC_0034,51,2396,ebc0aebbdaaa5c3ef85e00741f7ae4ff98e22617,0
DOC_0034,52,2612,10be234ca04fbb112b5445d96d40c9e1b08dcf33,0
DOC_0034,53,2366,b27f354b2bd68c55a1a2093bb7b6e57a11e57125,0
DOC_0034,54,765,bc75064b6f22ef7983caaeaaf7572f9b465e6edb,0
DOC_0034,55,0,da39a3ee5e6b4b0d3255bfef95601890afd80709,0
DOC_0034,56,0,da39a3ee5e6b4b0d3255bfef95601890afd80709,0
DOC_0035,1,4917,b323b632e9a2c0db328ea3dfc9a4af8d3a0b8d6d,0
DOC_0035,2,6313,110a37df0c361950c119b9c74cda66ebb32ac909,0
DOC_0035,3,5896,e174939cfb0ec4faa445467a0342c4af0d7cadac,0
DOC_0035,4,5812,bdea88626ea4c3549b0f4ba72ecf04c67b86e1a8,0
DOC_0035,5,4422,7a6c7dac8c8a52ac6b40107460079432c694e6bf,0
DOC_0036,1,6684,d03a6925e9bc97ba2dd73220163d0ec7a8cf9839,0
DOC_0036,2,6310,832d1bbfa6b2d2fdebf1ff79d46dcf38802f9149,0
DOC_0037,1,1871,75ab88eb279bbb509772601985490dc178ffdd79,0
DOC_0037,2,3692,9b8955f537d8549adcab445e9f680b5db46a930b,0
DOC_0037,3,3950,7a45f0258caf8a27eeefe26782f85b6267cdd437,0
DOC_0037,4,3620,fa6b85bc0e20e0fbec1afae903c9eacb456e667d,0
DOC_0037,5,3512,08de879154b757f34e0f30cd5ba4c277cf60710c,0
DOC_0037,6,4111,00071562acfefc7f6cac63b55b04c265c8b5f3e9,0
DOC_0037,7,3922,83f13c8be8097938da13fcc46b0aedd137e18d32,0
DOC_0037,8,3680,9e6e4331543f1148ade7b81f98c84648b4d235f5,0
DOC_0037,9,3867,ca336a81825838964cada086460e11f9d4b12581,0
DOC_0037,10,3769,dc5105c9bda2378ea938973780ed1a890426ab35,0
DOC_0037,11,4137,63695d898005fc4b669859eead79ad3062abbcb7,0
DOC_0037,12,3613,e2888e12db7d86110e91622f16d8f8c566de7dab,0
DOC_0039,1,5565,912c174c6915e85217de257de686a34d4f4a065b,0
DOC_0039,2,6072,670daa7e6cb559e14faad64b72df63eddd957a3a,0
DOC_0039,3,6390,8793f20bcff2910dc98806a7c048f1c8cfae0cc0,0
DOC_0040,1,75,520e2b04abf8771eb5bfecbf7b5b6f62d9c44bf1,0
DOC_0040,2,2406,63c19269ce2acc2538ca26a7d7ea9993ebcc1139,0
DOC_0040,3,167,80c70087747f1845e1fe71f9e4a4833da16091d0,0
DOC_0040,4,2468,8b44e1317a6a0f72ac1d11e0e00ebda64c9f34e2,0
DOC_0040,5,149,243e386ea9bcb17bddca5ec984e54eb8f822b5ce,0
DOC_0040,6,1234,85ee462f2aae611f8886cb0c1e3c4c01c9554ed1,0
DOC_0040,7,1863,a8ac016be5bc5900684df7e856001eba8bb2ab1d,0
DOC_0040,8,65,0c77eb2f92e95d0142fb11af0bda673a403255d0,0
DOC_0040,9,2303,6afdee6fa8a07afabbb7aa3a7d074b748bf44035,0
DOC_0040,10,2312,b4b6d36afde8ef766c80e810c1f421cf33c80f2e,0
DOC_0040,11,2107,572fa28e39727ad57ff3aeb53cf3d96f764fc9d3,0
DOC_0040,12,2604,b12151053ca342771434791331e92d3f123b85c5,0
DOC_0040,13,2183,9633258ad6dd62ebbbb3c1282759d5d57c9ac657,0
DOC_0040,14,2812,a119f15e2e1c0627c2c065a80810a054ed0922fe,0
DOC_0040,15,1842,d65512557c161740d94042730a1fb6a6c19a1170,0
DOC_0040,16,951,79e3a3a5f465dc6f18ae95fe265a5c67e5af657a,0
DOC_0040,17,1632,e5b7da40a7f5d15753cc004ee248508655296618,0
DOC_0040,18,2113,3975d1bcf6d199a1a87fa3ec97ba15070aa3e64a,0
DOC_0040,19,2442,a03320bbf99269def03ce5db8159eab5299965cc,0
DOC_0040,20,1867,0fbf2af851838b5c4623c8d19d1db5d2f0e57b00,0
DOC_0040,21,1904,7c5fad3d913d576b5f950388f2a0d2e2c146b78d,0
DOC_0040,22,2070,a2831c20473c0f7a2efd2f089eac6d8a08045cb3,0
DOC_0040,23,2230,e9dcf0102cadfba3940c78ad509de54c5c930b06,0
DOC_0040,24,2672,10c9f0d85eff7042fccfa5d2ebd79db90244dd78,0
DOC_0040,25,2030,a2f50f26427b9ba0a01c70209f799e01e95e79e3,0
DOC_0040,26,2429,4bd822b3acc0c53a59781bc67a7e426eaab67e04,0
DOC_0040,27,2079,9bc9b068432badf7252ce0bc96090f2f307b0811,0
DOC_0040,28,1129,1c387100ba079d665e2ab948a8cf15cfb3213d4f,0
DOC_0040,29,2112,180ee96d2f29ff0cc7c70b626cdc937edeb4e618,0
DOC_0040,30,1997,7edc5ee26eae20f2db311669f5ffb46c4ac59b9d,0
DOC_0040,31,766,3979b03458e912271e857cdc896f714ce993c7b9,0
DOC_0040,32,545,c0770045d6034099ad44cfd06ef0c0a30f15d88e,0
DOC_0040,33,301,3359c78d5f5f647811e50225c20a9f012ec80e62,0
DOC_0041,1,0,da39a3ee5e6b4b0d3255bfef95601890afd80709,0
DOC_0041,2,0,da39a3ee5e6b4b0d3255bfef95601890afd80709,0
DOC_0042,1,89,dffe033ef2be9cd1ab9918c281d30db611e3e235,0
DOC_0042,2,0,da39a3ee5e6b4b0d3255bfef95601890afd80709,0
DOC_0042,3,72,1bcc37cb795b56dd166005a3a5a22199cc4e60ec,0
DOC_0042,4,690,9c01f1fddeff090ad0738f3991815ac7f49e425c,0
DOC_0042,5,3371,7097e8273e943faf1028e9aedbe9fd38f22ed040,0
DOC_0042,6,2991,4c1d8a0e677dbf0eb2d2c9feee6dbd398fb8eca9,0
DOC_0042,7,1460,c93e5e1edae88095f0b69400ce11449e566b969c,0
DOC_0042,8,2025,b3879c48e434e28753d23b05c9dfd4a5787247ca,0
DOC_0042,9,1517,756eb00a22adcb50bc17e8b14b6b22ca6a46e711,0
DOC_0042,10,2099,687b9ebf0ce0912e220621e98bd239f430ea728e,0
DOC_0042,11,1832,04e22dcbd37a1dbae6a6de9b70d61f58415eb39f,0
DOC_0042,12,1338,fc12b0b5d6176a438931439cdc12be2a1a56bc4a,0
DOC_0042,13,1350,b7ed68ca5b5709136191403eca28d0d92e78a1bb,0
DOC_0042,14,1245,e7874f3afa7f5ced1b018a214a4937e3624022f8,0
DOC_0042,15,1856,78dc7f4e0bf75563e9ed3831af3a8b536d965e9d,0
DOC_0042,16,1808,0fecc4cf31f1b7b73a131f9a49a814001dcdd2d8,0
DOC_0042,17,1768,833a500ee73f66262c96eaa7127c6ad9e60ebdeb,0
DOC_0042,18,1410,7ad7139fa3d6b367dcc3c2ff65c1ffcd0f5d917f,0
DOC_0042,19,2046,1b971d1f16aa54663845da9ed914c14c8b185f10,0
DOC_0042,20,416,4efd24b2353481005fe0f123bf37095eea0d487b,0
DOC_0042,21,1073,0ab1b18e223a4373ad7b4ec919bcac58c3f5f27b,0
DOC_0042,22,1880,45b8b88a6eb6bb195a3ec0dcf4e8def6961617ef,0
DOC_0042,23,1836,a57a3c36c0b0f8430c5286fb1f6b4cdda640d55a,0
DOC_0042,24,887,c05da5f797e46eb8bc28af5d08166b7e626302d7,0
DOC_0042,25,1218,407f25d12928305efbc745565fe818c73c98ba96,0
DOC_0042,26,1370,0411476656c873e354e8d5f1a912ca028a6881da,0
DOC_0042,27,1725,e12cb1f6857021a0ce752d6c295a32c50fec99e6,0
DOC_0042,28,1494,3073e74077c475b3e1cc34b8d4f88bdb5382eb2d,0
DOC_0042,29,1623,eec33d242ee9fc9c2ef53490aab151499c17bfa9,0
DOC_0042,30,883,f0c892f43bfb7f24ce1bc4ed0469c3dc6fe6f56f,0
DOC_0042,31,766,c4720e0b0ef6d9437950cc89690b4b300960881b,0
DOC_0042,32,1454,47592f302b9da6ef9fca59e172b5d77f6d462e01,0
DOC_0042,33,1754,957acf66e94f92f2418d658cfe4bc31ab324aef7,0
DOC_0042,34,1129,3851abb74eb675c487c75a49097381e3e6b7050f,0
DOC_0042,35,0,da39a3ee5e6b4b0d3255bfef95601890afd80709,0
DOC_0042,36,182,38ca011e5306746d37e3e077198eb632a2750dfb,0
DOC_0043,1,2085,b88d647329d903bbd0e8cf234e18738e7113c32c,0
DOC_0043,2,3761,682c4f0f361f179902ff14eece61ba6eb860340e,0
DOC_0043,3,3560,4395156e17cf447e7177b9e10f6642f87c51b74d,0
DOC_0043,4,3328,e7f4f54cd25150ba90bae0c61f3d18b7b39bec92,0
DOC_0043,5,3630,55f6869752d126ffc0737f49d21f20d173fa7f08,0
DOC_0043,6,4106,18c8120adec110ce9d7d95beadc83a5693b9758e,0
DOC_0043,7,3821,b7d40e88b337e29947334e99b9d8ab1968535f6f,0
DOC_0043,8,3935,c6a1b90c7282d3d0f5a8d617c52c3b3d2d65330a,0
DOC_0043,9,4039,66d15906278a60baffa823a92edb564d783360ec,0
DOC_0043,10,3833,a88de148c24871dc7e592ca2bbdc2b0f533ca90e,0
DOC_0043,11,1695,c277f0b2f2cf565129573d47df5c960463c94791,0
DOC_0044,1,0,da39a3ee5e6b4b0d3255bfef95601890afd80709,0
DOC_0044,2,0,da39a3ee5e6b4b0d3255bfef95601890afd80709,0
DOC_0045,1,0,da39a3ee5e6b4b0d3255bfef95601890afd80709,0
DOC_0045,2,0,da39a3ee5e6b4b0d3255bfef95601890afd80709,0
DOC_0045,3,0,da39a3ee5e6b4b0d3255bfef95601890afd80709,0
DOC_0045,4,0,da39a3ee5e6b4b0d3255bfef95601890afd80709,0
DOC_0045,5,0,da39a3ee5e6b4b0d3255bfef95601890afd80709,0
DOC_0045,6,0,da39a3ee5e6b4b0d3255bfef95601890afd80709,0
DOC_0045,7,0,da39a3ee5e6b4b0d3255bfef95601890afd80709,0
DOC_0045,8,0,da39a3ee5e6b4b0d3255bfef95601890afd80709,0
DOC_0045,9,0,da39a3ee5e6b4b0d3255bfef95601890afd80709,0
DOC_0045,10,0,da39a3ee5e6b4b0d3255bfef95601890afd80709,0
DOC_0045,11,0,da39a3ee5e6b4b0d3255bfef95601890afd80709,0
DOC_0045,12,0,da39a3ee5e6b4b0d3255bfef95601890afd80709,0
DOC_0045,13,0,da39a3ee5e6b4b0d3255bfef95601890afd80709,0
DOC_0045,14,0,da39a3ee5e6b4b0d3255bfef95601890afd80709,0
DOC_0045,15,0,da39a3ee5e6b4b0d3255bfef95601890afd80709,0
DOC_0045,16,0,da39a3ee5e6b4b0d3255bfef95601890afd80709,0
DOC_0045,17,0,da39a3ee5e6b4b0d3255bfef95601890afd80709,0
DOC_0045,18,0,da39a3ee5e6b4b0d3255bfef95601890afd80709,0
DOC_0045,19,0,da39a3ee5e6b4b0d3255bfef95601890afd80709,0
DOC_0045,20,0,da39a3ee5e6b4b0d3255bfef95601890afd80709,0
DOC_0045,21,0,da39a3ee5e6b4b0d3255bfef95601890afd80709,0
DOC_0045,22,0,da39a3ee5e6b4b0d3255bfef95601890afd80709,0
DOC_0045,23,0,da39a3ee5e6b4b0d3255bfef95601890afd80709,0
DOC_0045,24,0,da39a3ee5e6b4b0d3255bfef95601890afd80709,0
DOC_0045,25,0,da39a3ee5e6b4b0d3255bfef95601890afd80709,0
DOC_0045,26,0,da39a3ee5e6b4b0d3255bfef95601890afd80709,0
DOC_0045,27,0,da39a3ee5e6b4b0d3255bfef95601890afd80709,0
DOC_0045,28,0,da39a3ee5e6b4b0d3255bfef95601890afd80709,0
DOC_0045,29,0,da39a3ee5e6b4b0d3255bfef95601890afd80709,0
DOC_0046,1,1728,4ff2c1b668b7159887de1e3e20483c5da26a42d0,0
DOC_0046,2,2232,7a8ff4e77b8bbd36c582f38389b78f014912ea2f,0
DOC_0046,3,1851,4fa8eb7c42b258a769934630a66f99ae6aa3c2de,0
DOC_0047,1,0,da39a3ee5e6b4b0d3255bfef95601890afd80709,0
DOC_0047,2,0,da39a3ee5e6b4b0d3255bfef95601890afd80709,0
DOC_0047,3,0,da39a3ee5e6b4b0d3255bfef95601890afd80709,0
DOC_0047,4,0,da39a3ee5e6b4b0d3255bfef95601890afd80709,0
DOC_0047,5,0,da39a3ee5e6b4b0d3255bfef95601890afd80709,0
DOC_0047,6,0,da39a3ee5e6b4b0d3255bfef95601890afd80709,0
DOC_0047,7,0,da39a3ee5e6b4b0d3255bfef95601890afd80709,0
DOC_0047,8,0,da39a3ee5e6b4b0d3255bfef95601890afd80709,0
DOC_0047,9,0,da39a3ee5e6b4b0d3255bfef95601890afd80709,0
DOC_0047,10,0,da39a3ee5e6b4b0d3255bfef95601890afd80709,0
DOC_0048,1,1437,c3db8d0fd6f3da9e2b1346b350778cde7aba5ab5,0
DOC_0048,2,2440,2b813cfa6d65f38973feb0a9d84a4052466c1786,0
DOC_0048,3,1978,0f03cb1023c2a13d07be445d0f11d0a59db77d36,0
DOC_0048,4,2233,aab1ede310c83a01ccb9813dc6db3f1673619297,0
DOC_0048,5,2541,5264469358680e89e289bb7396e3a8f3c65dedff,0
DOC_0048,6,2256,a58396b455bba6aeb12cde4778b530354fd62e9e,0
DOC_0048,7,2291,24fe6ff9fd6b057c8aa526a957d3d13a4e496c5b,0
DOC_0048,8,1932,e5d6268e3b43cb4443f15c77ad61dac1f6977d8b,0
DOC_0048,9,2160,cda5cc48357b30e068e404d4e0324b1b5ce65ea1,0
DOC_0048,10,2112,7bbf6bce1b76abfe6131e909ab4758fdb2eab03e,0
DOC_0048,11,1919,23e6f5d01e0ca721dd7627876f9453a522ea9415,0
DOC_0048,12,1487,41e9e7575f6ab78c73a51877e5ecd27756cdf098,0
DOC_0049,1,54,2c207f0ec065f95e99f299df90e7d4c531120a1b,0
DOC_0049,2,0,da39a3ee5e6b4b0d3255bfef95601890afd80709,0
DOC_0049,3,729,a15850f419ba4f6144853ba0350c16815250f02f,0
DOC_0049,4,1192,d19274356f197f99626a2f80dbce04e300457b92,0
DOC_0049,5,1170,b62cde13b260447f8ae86fdfddeeadbefad5cc17,0
DOC_0049,6,1494,bfec9da82e96b07b5acb536ff3a9264e38f4e395,0
DOC_0049,7,1628,0b69e8d9b965f300493e2871b455b0c4e00a4928,0
DOC_0049,8,853,b5c019118123e3583b923a97379a829754381da9,0
DOC_0049,9,1139,2e97992a913bb51747600b9cc60da34ca4ffcafe,0
DOC_0049,10,1032,238617e9c99cb471f497d32f3656c59be959e0ff,0
DOC_0049,11,1140,449f85a2444d7ba8cc3fb10018245e75a143fc21,0
DOC_0049,12,845,1f97987c9162be6e1ee977638cc143bce6586a48,0
DOC_0049,13,891,e1559d6bcf0d5f6176dc3549e0855611a2542248,0
DOC_0049,14,1220,c4619cb2f9c6b39bb359913af489fdd5f6568141,0
DOC_0049,15,931,a8efcc7e04021d37c1f8c986e6fa301d6bcee99f,0
DOC_0049,16,1138,4f25a23db2042e2831289e550076b7eee76d5557,0
DOC_0049,17,912,e17ca8a13047fead6dd6b5d3f6000fa85fd10237,0
DOC_0049,18,977,1e8ece1cc5979d2bf7ebda7c2ce0974d8132d451,0
DOC_0049,19,1246,2dadef9acd5c72a83455648611276f977c45a546,0
DOC_0049,20,963,5809d98f265678993f99025a0c92272b508cac26,0
DOC_0049,21,762,af47ff22e67463825d5f55b047dcec580d35e4d5,0
DOC_0049,22,1435,6d63e04dffd2ad3a91f0efc91d0cbae54b6312df,0
DOC_0049,23,1262,4e8daf33b8b4c353b1425aaf3a324ae835e8bca8,0
DOC_0049,24,1526,7de607d67b60197ac5cdc30d3afd3577d9f5a93f,0
DOC_0049,25,532,fd84cb0cec9b564966348898aba4b455ce336e4c,0
DOC_0049,26,1172,0cab67519b9c4ccb08ba31954dcd4a9939359d22,0
DOC_0049,27,1228,5e906e40706441d70d33c29168ed51638e94cf30,0
DOC_0049,28,1847,efca2f503ac5a5d1c260ead9e76e7d7ecd277c91,0
DOC_0049,29,1330,4f82d311b7ae54de763c16a9dabc2a04efacc0e4,0
DOC_0049,30,1473,105ec096464626fedf5c1e0b5df883fe2858822c,0
DOC_0049,31,1457,efe15f4bcc68bd3460a97e15dac601c74c9e9afb,0
DOC_0049,32,961,7119c54736d24a32bf3abc70355643541f770033,0
DOC_0049,33,541,76beae1a5f78c2fb025acc8b40a30c99674fb5b8,0
DOC_0049,34,1205,1c16cff0b7b39081f5b151dba186ce2cc3630c3e,0
DOC_0049,35,1700,9456c28a00b3fcf74ddb6f0fe8049cbd4b097517,0
DOC_0050,1,125,03628cf6a6ef8b9c6c72e44edb5e7e9b211071db,0
DOC_0050,2,0,da39a3ee5e6b4b0d3255bfef95601890afd80709,0
DOC_0050,3,206,5fc9c2ffd61f7f742905ac51938255f6e2a73326,0
DOC_0050,4,0,da39a3ee5e6b4b0d3255bfef95601890afd80709,0
DOC_0050,5,33,003721f4b734d760253dd568b384dd7299ef7fa4,0
DOC_0050,6,0,da39a3ee5e6b4b0d3255bfef95601890afd80709,0
DOC_0050,7,1509,b5bb09d4c76a95e03adfce405b5961e9bcc694b0,0
DOC_0050,8,112,ac684a5e81994ecfbc7230b180c3b175e92a2f90,0
DOC_0050,9,1959,5ff6213e82fc650d588a350ecde645942c9a33e4,0
DOC_0050,10,1621,dbab080e25dab09348d94f69858c07cc140efdf0,0
DOC_0050,11,1355,93f7d8f4e17d5215cbf3a345cd2ac3982aabe819,0
DOC_0050,12,1891,04502368154f2eeb090c8b72327fb342e5482b02,0
DOC_0050,13,2033,9b607a2fc00491c03fb6557a1f2988d75dc8cb9d,0
DOC_0050,14,2335,1d8e24c9829eb272d36f6b52b26c75b519a44690,0
DOC_0050,15,2348,cd3fd0c523b2b217849f2fc92657de7da59a0e99,0
DOC_0050,16,2352,a8ecb9823344d7effb7802d733f8cc6c473fa579,0
DOC_0050,17,2026,022adf91a658944ba33ebb42d8c5207309776f04,0
DOC_0050,18,1979,cad9a2c7e68b27792637e1e47afcf78e67c2b7fa,0
DOC_0050,19,2258,b01645cd2b93fd101bd0e7240b59a6895eea1851,0
DOC_0050,20,2391,9690a27318e3088eb5ca765e712f669ac856fb2d,0
DOC_0050,21,2119,cd58ac15c3b18f2d437ef83fff76d5b9105e3145,0
DOC_0050,22,1859,3526359aeaf94c11c4f57509ca07744426fdb1b1,0
DOC_0050,23,2262,ac7251e88261ec156fcef56cfdfe0d5061324d02,0
DOC_0050,24,2592,10eb5d70eba84b7bd68a38e2106b9b252906350c,0
DOC_0050,25,1743,08347850923dad6071f13d3199b7083dad722caa,0
DOC_0050,26,2352,c865893236d4c172129cd958523f481a58dae0a0,0
DOC_0050,27,1997,7e1fad1cbf3b5a1d478d0c6c41bdd213a8c51289,0
DOC_0050,28,2632,e62007a0b494faa100f14356d286ccc3c73cfa59,0
DOC_0050,29,1908,f2c216cc71253d0dca5ed359cf01e9ccae027c80,0
DOC_0050,30,1172,d41876edb888ed27baa806be08842b2ba8579ed1,0
DOC_0050,31,1284,e425fbe5da0be06ed4790a9a9435c1671f1f25c0,0
DOC_0050,32,840,031b4be006024d8909cbad7a446d5000759e1751,0
DOC_0050,33,645,4f16570faf62ffa56955c1124f3871f95a993f25,0
DOC_0050,34,2536,5c531bc1508ad3b2653c075c2b366e40d3aee6d2,0
DOC_0050,35,1772,f43490a5fe75152ca298236e4b19f399e165cf31,0
DOC_0050,36,0,da39a3ee5e6b4b0d3255bfef95601890afd80709,0
DOC_0050,37,25,5759c1eabc24574bf7fb33ea820f4c5d67cd512c,0
DOC_0050,38,2,f1f836cb4ea6efb2a0b1b99f41ad8b103eff4b59,0
DOC_0050,39,1545,d732ad404553f6505c8db6d0ce849be5845a7ef5,0
DOC_0050,40,0,da39a3ee5e6b4b0d3255bfef95601890afd80709,0
DOC_0050,41,1972,6149f69623299ebc0690f75792aebcc4b875cd78,0
DOC_0050,42,1899,a259e9130bd7d7982161414f265d63212fbdd813,0
DOC_0050,43,2110,679565d693e3a323553d553080cbc4d83c8419d2,0
DOC_0050,44,1961,caee26ae3d2b875d357c64b96fd03bd225b5a1a9,0
DOC_0050,45,1438,750ea65ae2382e18dd4f739fe6ab99f21ddefc3f,0
DOC_0050,46,2725,e73d0f98cb497198417a6dd0215f3be2c3139116,0
DOC_0050,47,1859,ca5a349d629f62cf70a59affd49115980e52dd6c,0
DOC_0050,48,2164,bf3fdc958c4fe7d8a52d6e2d6a1f94c440c6eb9a,0
DOC_0050,49,2151,808228178c27685da898da7d36b9f8689f83fade,0
DOC_0050,50,2460,9281f4933aeb409b1e7a640dd80d049c0b8695bd,0
DOC_0050,51,2063,5fd3d9c26aaa5bd9879b121040623c7f7417f6bf,0
DOC_0050,52,2089,179f09220e4ba17fda1a012b3da46ddb5e2fc0ff,0
DOC_0050,53,1738,0cf38a70bbb9375715350149c93c6bcba5bfcb26,0
DOC_0050,54,2216,294552c669e354ec940d1b9b8c0313487d9b02d6,0
DOC_0050,55,2009,47762460d792a578f17aa04dcc4eca66ec2ebb0c,0
DOC_0050,56,1779,fd563ccebac0ca14cd37e7dda4724560cab84c2d,0
DOC_0050,57,710,445c5fa2646348882bffbcb97ce0e08b20567b5a,0
DOC_0050,58,0,da39a3ee5e6b4b0d3255bfef95601890afd80709,0
DOC_0050,59,45,857ca1178d06b007fb0bb716f4da95da52adb148,0
DOC_0050,60,2,54ceb91256e8190e474aa752a6e0650a2df5ba37,0
DOC_0050,61,1792,1815fb4aca0d99dc4f3c0577c88a0090d11efeb0,0
DOC_0050,62,0,da39a3ee5e6b4b0d3255bfef95601890afd80709,0
DOC_0050,63,1308,5b3853f131c134d185832975bfd5135d4a206fa7,0
DOC_0050,64,1526,ef04c522a54b3c958c45fb72dd5bccaf921ae4c9,0
DOC_0050,65,2002,0e18e3f01168659732d022db812d43ed75d2aa68,0
DOC_0050,66,1834,54c69f444da63f787327e31202e351b29f0addf8,0
DOC_0050,67,1449,aa51232c8151cf56a59a68e5c309d8ca4f6dfe50,0
DOC_0050,68,2192,c2d8171617488c13be7d53c023c357f1cbae1b02,0
DOC_0050,69,2235,338cb4f3d22be57663fea02ae76666af2b644a73,0
DOC_0050,70,1969,6c2398885c854b524bc79a1934d24f0f17f774d5,0
DOC_0050,71,2089,7abe924091269293d550e51a49489ca9c72d92e6,0
DOC_0050,72,1928,9982ceb270b5a6ed8919000c7b1900006a893929,0
DOC_0050,73,1777,35d1daa0c9476eabcaa0974b2c05aa21770fe2eb,0
DOC_0050,74,1454,dbf5771a8e966aea9968e3c79ac1bd94f97f2b35,0
DOC_0050,75,1861,b8b78bcc5bed8dca7e6b1226a7914059cb4240ee,0
DOC_0050,76,377,035bd807fb7912eac3cc6f416066fcc2d21161bc,0
DOC_0050,77,0,da39a3ee5e6b4b0d3255bfef95601890afd80709,0
DOC_0050,78,0,da39a3ee5e6b4b0d3255bfef95601890afd80709,0
DOC_0051,1,0,da39a3ee5e6b4b0d3255bfef95601890afd80709,0
DOC_0051,2,0,da39a3ee5e6b4b0d3255bfef95601890afd80709,0
DOC_0051,3,0,da39a3ee5e6b4b0d3255bfef95601890afd80709,0
DOC_0051,4,0,da39a3ee5e6b4b0d3255bfef95601890afd80709,0
DOC_0051,5,0,da39a3ee5e6b4b0d3255bfef95601890afd80709,0
DOC_0051,6,0,da39a3ee5e6b4b0d3255bfef95601890afd80709,0
DOC_0051,7,0,da39a3ee5e6b4b0d3255bfef95601890afd80709,0
DOC_0051,8,0,da39a3ee5e6b4b0d3255bfef95601890afd80709,0
DOC_0051,9,0,da39a3ee5e6b4b0d3255bfef95601890afd80709,0
DOC_0051,10,0,da39a3ee5e6b4b0d3255bfef95601890afd80709,0
DOC_0051,11,0,da39a3ee5e6b4b0d3255bfef95601890afd80709,0
DOC_0051,12,0,da39a3ee5e6b4b0d3255bfef95601890afd80709,0
DOC_0051,13,0,da39a3ee5e6b4b0d3255bfef95601890afd80709,0
DOC_0051,14,0,da39a3ee5e6b4b0d3255bfef95601890afd80709,0
DOC_0051,15,0,da39a3ee5e6b4b0d3255bfef95601890afd80709,0
DOC_0051,16,0,da39a3ee5e6b4b0d3255bfef95601890afd80709,0
DOC_0051,17,0,da39a3ee5e6b4b0d3255bfef95601890afd80709,0
DOC_0051,18,0,da39a3ee5e6b4b0d3255bfef95601890afd80709,0
DOC_0051,19,0,da39a3ee5e6b4b0d3255bfef95601890afd80709,0
DOC_0051,20,0,da39a3ee5e6b4b0d3255bfef95601890afd80709,0
DOC_0051,21,0,da39a3ee5e6b4b0d3255bfef95601890afd80709,0
DOC_0051,22,0,da39a3ee5e6b4b0d3255bfef95601890afd80709,0
DOC_0051,23,0,da39a3ee5e6b4b0d3255bfef95601890afd80709,0
DOC_0051,24,0,da39a3ee5e6b4b0d3255bfef95601890afd80709,0
DOC_0051,25,0,da39a3ee5e6b4b0d3255bfef95601890afd80709,0
DOC_0051,26,0,da39a3ee5e6b4b0d3255bfef95601890afd80709,0
DOC_0051,27,0,da39a3ee5e6b4b0d3255bfef95601890afd80709,0
DOC_0051,28,0,da39a3ee5e6b4b0d3255bfef95601890afd80709,0
DOC_0051,29,0,da39a3ee5e6b4b0d3255bfef95601890afd80709,0
DOC_0051,30,0,da39a3ee5e6b4b0d3255bfef95601890afd80709,0
DOC_0051,31,0,da39a3ee5e6b4b0d3255bfef95601890afd80709,0
DOC_0051,32,0,da39a3ee5e6b4b0d3255bfef95601890afd80709,0
DOC_0051,33,0,da39a3ee5e6b4b0d3255bfef95601890afd80709,0
DOC_0051,34,0,da39a3ee5e6b4b0d3255bfef95601890afd80709,0
DOC_0051,35,0,da39a3ee5e6b4b0d3255bfef95601890afd80709,0
DOC_0051,36,0,da39a3ee5e6b4b0d3255bfef95601890afd80709,0
DOC_0051,37,0,da39a3ee5e6b4b0d3255bfef95601890afd80709,0
DOC_0051,38,0,da39a3ee5e6b4b0d3255bfef95601890afd80709,0
DOC_0051,39,0,da39a3ee5e6b4b0d3255bfef95601890afd80709,0
DOC_0051,40,0,da39a3ee5e6b4b0d3255bfef95601890afd80709,0
DOC_0051,41,0,da39a3ee5e6b4b0d3255bfef95601890afd80709,0
DOC_0051,42,0,da39a3ee5e6b4b0d3255bfef95601890afd80709,0
DOC_0051,43,0,da39a3ee5e6b4b0d3255bfef95601890afd80709,0
DOC_0051,44,0,da39a3ee5e6b4b0d3255bfef95601890afd80709,0
DOC_0051,45,0,da39a3ee5e6b4b0d3255bfef95601890afd80709,0
DOC_0051,46,0,da39a3ee5e6b4b0d3255bfef95601890afd80709,0
DOC_0051,47,0,da39a3ee5e6b4b0d3255bfef95601890afd80709,0
DOC_0051,48,0,da39a3ee5e6b4b0d3255bfef95601890afd80709,0
DOC_0051,49,0,da39a3ee5e6b4b0d3255bfef95601890afd80709,0
DOC_0051,50,0,da39a3ee5e6b4b0d3255bfef95601890afd80709,0
DOC_0051,51,0,da39a3ee5e6b4b0d3255bfef95601890afd80709,0
DOC_0051,52,0,da39a3ee5e6b4b0d3255bfef95601890afd80709,0
DOC_0051,53,0,da39a3ee5e6b4b0d3255bfef95601890afd80709,0
DOC_0051,54,0,da39a3ee5e6b4b0d3255bfef95601890afd80709,0
DOC_0051,55,0,da39a3ee5e6b4b0d3255bfef95601890afd80709,0
DOC_0051,56,0,da39a3ee5e6b4b0d3255bfef95601890afd80709,0
DOC_0051,57,0,da39a3ee5e6b4b0d3255bfef95601890afd80709,0
DOC_0051,58,0,da39a3ee5e6b4b0d3255bfef95601890afd80709,0
DOC_0051,59,0,da39a3ee5e6b4b0d3255bfef95601890afd80709,0
DOC_0051,60,0,da39a3ee5e6b4b0d3255bfef95601890afd80709,0
DOC_0051,61,0,da39a3ee5e6b4b0d3255bfef95601890afd80709,0
DOC_0051,62,0,da39a3ee5e6b4b0d3255bfef95601890afd80709,0
DOC_0051,63,0,da39a3ee5e6b4b0d3255bfef95601890afd80709,0
DOC_0051,64,0,da39a3ee5e6b4b0d3255bfef95601890afd80709,0
DOC_0051,65,0,da39a3ee5e6b4b0d3255bfef95601890afd80709,0
DOC_0051,66,0,da39a3ee5e6b4b0d3255bfef95601890afd80709,0
DOC_0051,67,0,da39a3ee5e6b4b0d3255bfef95601890afd80709,0
DOC_0051,68,0,da39a3ee5e6b4b0d3255bfef95601890afd80709,0
DOC_0051,69,0,da39a3ee5e6b4b0d3255bfef95601890afd80709,0
DOC_0051,70,0,da39a3ee5e6b4b0d3255bfef95601890afd80709,0
DOC_0051,71,0,da39a3ee5e6b4b0d3255bfef95601890afd80709,0
DOC_0051,72,0,da39a3ee5e6b4b0d3255bfef95601890afd80709,0
DOC_0051,73,0,da39a3ee5e6b4b0d3255bfef95601890afd80709,0
DOC_0051,74,0,da39a3ee5e6b4b0d3255bfef95601890afd80709,0
DOC_0051,75,0,da39a3ee5e6b4b0d3255bfef95601890afd80709,0
DOC_0051,76,0,da39a3ee5e6b4b0d3255bfef95601890afd80709,0
DOC_0051,77,0,da39a3ee5e6b4b0d3255bfef95601890afd80709,0
DOC_0051,78,0,da39a3ee5e6b4b0d3255bfef95601890afd80709,0
DOC_0051,79,0,da39a3ee5e6b4b0d3255bfef95601890afd80709,0
DOC_0051,80,0,da39a3ee5e6b4b0d3255bfef95601890afd80709,0
DOC_0051,81,0,da39a3ee5e6b4b0d3255bfef95601890afd80709,0
DOC_0051,82,0,da39a3ee5e6b4b0d3255bfef95601890afd80709,0
DOC_0051,83,0,da39a3ee5e6b4b0d3255bfef95601890afd80709,0
DOC_0051,84,0,da39a3ee5e6b4b0d3255bfef95601890afd80709,0
DOC_0051,85,0,da39a3ee5e6b4b0d3255bfef95601890afd80709,0
DOC_0051,86,0,da39a3ee5e6b4b0d3255bfef95601890afd80709,0
DOC_0051,87,0,da39a3ee5e6b4b0d3255bfef95601890afd80709,0
DOC_0051,88,0,da39a3ee5e6b4b0d3255bfef95601890afd80709,0
DOC_0051,89,0,da39a3ee5e6b4b0d3255bfef95601890afd80709,0
DOC_0051,90,0,da39a3ee5e6b4b0d3255bfef95601890afd80709,0
DOC_0051,91,0,da39a3ee5e6b4b0d3255bfef95601890afd80709,0
DOC_0051,92,0,da39a3ee5e6b4b0d3255bfef95601890afd80709,0
DOC_0051,93,0,da39a3ee5e6b4b0d3255bfef95601890afd80709,0
DOC_0051,94,0,da39a3ee5e6b4b0d3255bfef95601890afd80709,0
DOC_0051,95,0,da39a3ee5e6b4b0d3255bfef95601890afd80709,0
DOC_0051,96,0,da39a3ee5e6b4b0d3255bfef95601890afd80709,0
DOC_0051,97,0,da39a3ee5e6b4b0d3255bfef95601890afd80709,0
DOC_0051,98,0,da39a3ee5e6b4b0d3255bfef95601890afd80709,0
DOC_0051,99,0,da39a3ee5e6b4b0d3255bfef95601890afd80709,0
DOC_0051,100,0,da39a3ee5e6b4b0d3255bfef95601890afd80709,0
DOC_0051,101,0,da39a3ee5e6b4b0d3255bfef95601890afd80709,0
DOC_0051,102,0,da39a3ee5e6b4b0d3255bfef95601890afd80709,0
DOC_0051,103,0,da39a3ee5e6b4b0d3255bfef95601890afd80709,0
DOC_0051,104,0,da39a3ee5e6b4b0d3255bfef95601890afd80709,0
DOC_0051,105,0,da39a3ee5e6b4b0d3255bfef95601890afd80709,0
DOC_0051,106,0,da39a3ee5e6b4b0d3255bfef95601890afd80709,0
DOC_0051,107,0,da39a3ee5e6b4b0d3255bfef95601890afd80709,0
DOC_0051,108,0,da39a3ee5e6b4b0d3255bfef95601890afd80709,0
DOC_0051,109,0,da39a3ee5e6b4b0d3255bfef95601890afd80709,0
DOC_0051,110,0,da39a3ee5e6b4b0d3255bfef95601890afd80709,0
DOC_0051,111,0,da39a3ee5e6b4b0d3255bfef95601890afd80709,0
DOC_0051,112,0,da39a3ee5e6b4b0d3255bfef95601890afd80709,0
DOC_0051,113,0,da39a3ee5e6b4b0d3255bfef95601890afd80709,0
DOC_0051,114,0,da39a3ee5e6b4b0d3255bfef95601890afd80709,0
DOC_0051,115,0,da39a3ee5e6b4b0d3255bfef95601890afd80709,0
DOC_0051,116,0,da39a3ee5e6b4b0d3255bfef95601890afd80709,0
DOC_0051,117,0,da39a3ee5e6b4b0d3255bfef95601890afd80709,0
DOC_0051,118,0,da39a3ee5e6b4b0d3255bfef95601890afd80709,0
DOC_0051,119,0,da39a3ee5e6b4b0d3255bfef95601890afd80709,0
DOC_0051,120,0,da39a3ee5e6b4b0d3255bfef95601890afd80709,0
DOC_0051,121,0,da39a3ee5e6b4b0d3255bfef95601890afd80709,0
DOC_0051,122,0,da39a3ee5e6b4b0d3255bfef95601890afd80709,0
DOC_0051,123,0,da39a3ee5e6b4b0d3255bfef95601890afd80709,0
DOC_0051,124,0,da39a3ee5e6b4b0d3255bfef95601890afd80709,0
DOC_0051,125,0,da39a3ee5e6b4b0d3255bfef95601890afd80709,0
DOC_0051,126,0,da39a3ee5e6b4b0d3255bfef95601890afd80709,0
DOC_0051,127,0,da39a3ee5e6b4b0d3255bfef95601890afd80709,0
DOC_0051,128,0,da39a3ee5e6b4b0d3255bfef95601890afd80709,0
DOC_0051,129,0,da39a3ee5e6b4b0d3255bfef95601890afd80709,0
DOC_0051,130,0,da39a3ee5e6b4b0d3255bfef95601890afd80709,0
DOC_0051,131,0,da39a3ee5e6b4b0d3255bfef95601890afd80709,0
DOC_0051,132,0,da39a3ee5e6b4b0d3255bfef95601890afd80709,0
DOC_0051,133,0,da39a3ee5e6b4b0d3255bfef95601890afd80709,0
DOC_0051,134,0,da39a3ee5e6b4b0d3255bfef95601890afd80709,0
DOC_0051,135,0,da39a3ee5e6b4b0d3255bfef95601890afd80709,0
DOC_0051,136,0,da39a3ee5e6b4b0d3255bfef95601890afd80709,0
DOC_0051,137,0,da39a3ee5e6b4b0d3255bfef95601890afd80709,0
DOC_0051,138,0,da39a3ee5e6b4b0d3255bfef95601890afd80709,0
DOC_0051,139,0,da39a3ee5e6b4b0d3255bfef95601890afd80709,0
DOC_0051,140,0,da39a3ee5e6b4b0d3255bfef95601890afd80709,0
DOC_0051,141,0,da39a3ee5e6b4b0d3255bfef95601890afd80709,0
DOC_0051,142,0,da39a3ee5e6b4b0d3255bfef95601890afd80709,0
DOC_0051,143,0,da39a3ee5e6b4b0d3255bfef95601890afd80709,0
DOC_0051,144,0,da39a3ee5e6b4b0d3255bfef95601890afd80709,0
DOC_0051,145,0,da39a3ee5e6b4b0d3255bfef95601890afd80709,0
DOC_0051,146,248,c5b1bd19f7cca2baa281b798bd74b264ac11afdd,0
DOC_0052,1,2394,d7701bb8c4d1a2cae0007cb3d586aa519e450c4f,0
DOC_0052,2,2821,ddeaf8342848b7369b3470b0841f27d3140707f6,0
DOC_0052,3,3864,7bcffa1aa11e2d555e7879a6f46866523400b9dc,0
DOC_0052,4,3255,8ddd89ce7526c4a900c1d0afeccf60dc3a5b5fb9,0
DOC_0052,5,3760,329ed53d39debcbf8b28687b4bbc21484ece8ef4,0
DOC_0052,6,3388,ad5cecadd15e86af427ed327978887fd9a473f16,0
DOC_0052,7,3776,735d614f0e3d983d1f6513f5df188c693cfbf2bf,0
DOC_0052,8,3742,fbdb67bedeb23cbd722399968e0fedd42a8c63b2,0
DOC_0052,9,3548,e4223a755d158383a3bbe428391e1b19a86b4306,0
DOC_0052,10,3168,3214e0f0eb6e3ede1c02022b45ddb564c3769ea8,0
DOC_0052,11,1252,acf291558d836cc5c762fd0f8bde57f29cc6731b,0
DOC_0053,1,73,bc60a6dff65eb7cfae4c6a57f7ae470714e84c27,0
DOC_0053,2,1133,25682713cb80e67177672c458b97b5cf30faccd8,0
DOC_0053,3,73,bc60a6dff65eb7cfae4c6a57f7ae470714e84c27,0
DOC_0053,4,1185,24b9e9039e343d9e1a3be48d44053f4980f4e2b3,0
DOC_0053,5,945,c87e195b1fe68d2581a2e5702955c71410150fac,0
DOC_0053,6,0,da39a3ee5e6b4b0d3255bfef95601890afd80709,0
DOC_0053,7,656,eb0714c6f65c8ca3d7110396dbf25c1a7726279c,0
DOC_0053,8,0,da39a3ee5e6b4b0d3255bfef95601890afd80709,0
DOC_0053,9,1872,1b766399c1b3bfdaedcd2b63e55e24e5baa42185,0
DOC_0053,10,2107,1c0f9dcdea147f7ac031e70a30314a4d2eedb1f1,0
DOC_0053,11,1641,a6039558ce4b011403228ab2f59944e9ac8a5856,0
DOC_0053,12,1317,66adb36d8c0e75498167b86d6a6f8f7f72380b38,0
DOC_0053,13,1806,d599e6239a77e55bae60220b3da1796c1f180cc2,0
DOC_0053,14,1401,71001802aeab4cbacd865ef7d9c2ca7734b88a0c,0
DOC_0053,15,1555,d8b68993c2e33876da611b436e21b8f68b3c2835,0
DOC_0053,16,1474,ec94fd4ea4057dcce891f07cbce9e5c3fd124d68,0
DOC_0053,17,1464,2a4f7cdf76d21d10c57f74347c4994191bf59e41,0
DOC_0053,18,1676,4dd61ebf77c16d357006a58c5a7aa1bcce2e2f1a,0
DOC_0053,19,1521,8d4c68cf75275f9da15b5a3e03e1b81c2b1b53b3,0
DOC_0053,20,1740,a2898e7f134add894e509bdf8d66b8ce9459221c,0
DOC_0053,21,1447,d7cd82f6cad58806f296bbae07029df5b5657382,0
DOC_0053,22,1259,9d7b60215fa1ccb27d36f81e53250e4f4d1601ad,0
DOC_0053,23,1433,42fb6ea8d0860d5c521d7a94484c3d6af0d97157,0
DOC_0053,24,1608,f833e7787d5e003d4389573a55c52cae3199b6d9,0
DOC_0053,25,1593,311697e42e44375b66450eb8f55494b66193c2c2,0
DOC_0053,26,1523,297b08a7a6cadb349ad6c5090c46d00c5cf9a885,0
DOC_0053,27,1496,2c3d3a88393ba420c36d373dee3916a4b634f91e,0
DOC_0053,28,1551,1d9d0bc7cf0e5c3ecf550643b99089098786551a,0
DOC_0053,29,734,df9343d39729d0bc04528f2c4a57ff3b8b2674be,0
DOC_0053,30,643,210c64e5ef915f3f969051d4b791b38744476901,0
DOC_0053,31,767,d5ec95470ecf2212af242d59f9dedc379d74ec57,0
DOC_0053,32,0,da39a3ee5e6b4b0d3255bfef95601890afd80709,0
DOC_0053,33,233,60b4fa9056c5897f5b299c7e70170862fd231a62,0
DOC_0053,34,161,17255cf82cc3fb2ebb8022f85e0f1de61f01a0da,0
DOC_0053,35,4059,59fa0fb4d63ae8e360d15d29f327b2fcafe9176c,0
DOC_0053,36,1543,61cd52918926f8441d99a4d64ff10bcd99a718f0,0
DOC_0053,37,1183,103e697141f6cd556d2549de6eb0d5e305e7b1af,0
DOC_0053,38,1695,e1f9c7dc7d9f37a6caec8f112a4e7d56774fb350,0
DOC_0053,39,949,e816e8e3e3a29355f57ee9283bb5b51c07182414,0
DOC_0053,40,0,da39a3ee5e6b4b0d3255bfef95601890afd80709,0
DOC_0053,41,1736,e0c35a10d5ac5635ad2e335d8106e07b21fc756c,0
DOC_0053,42,1844,3128123287b81496aa0a4f0f3b90186c91f9494c,0
DOC_0053,43,1633,cdce54d327c1cbd7a9e1c1efa6cf4509870bcbdb,0
DOC_0053,44,2114,0061c2ac810f5bd42cf945a4c4cfb243702a182a,0
DOC_0053,45,2290,54b10fd0871e337fe49273f57ceb0ba8110eef08,0
DOC_0053,46,2201,9fce29415ee5958e5794226b5c1986f1752f4168,0
DOC_0053,47,1936,d987f2dd502663060e8817b38de60bd6e823304e,0
DOC_0053,48,2397,5e5c2c7db82679bd4dcef6bb42eb138e9773a158,0
DOC_0053,49,1963,0cb57003053ee8661f6f439bc9354359b02d1e48,0
DOC_0053,50,1946,69c191015caba0198ea7f4ca07bcdd6aaab169b3,0
DOC_0053,51,2106,f7febd9cb170eff35208ed8f3e667948a02969cb,0
DOC_0053,52,1790,3adc707d37dbc5b970cd9107cf97ca65333fc323,0
DOC_0053,53,1846,931415d439f02c951297c28df53980c52dc8b72b,0
DOC_0053,54,1661,9270980083fa9c8decb981696b355f1825406773,0
DOC_0053,55,1711,1150f1bc0fd49e8b12cd200f5ab4f0857d12e623,0
DOC_0053,56,1761,7cd854e4304903c1e86e1c749126b8afa001ec6b,0
DOC_0053,57,1860,744e25cfb5bb44a8b69420f0bf0f76fa010fb55e,0
DOC_0053,58,1819,fbede90814d81d8bab4f7ef7437f7472fefec8bd,0
DOC_0053,59,1593,8bd6f8a61b4177f6a9b71adf94796492428731ce,0
DOC_0053,60,1843,2c147a74a6b99754bb2a8131405ff810af6c905e,0
DOC_0053,61,2637,3d8808a006b062e45cfd7113cfb0271ee5470e05,0
DOC_0053,62,2140,706b500b185f2baac56dc8a3a8832625b7997b1f,0
DOC_0053,63,1771,3a173fb3ca324a3602e87fbd089c08b5760681d6,0
DOC_0053,64,1910,fc35e33aea060d101d6450307efde5cc13c378c6,0
DOC_0053,65,1649,24bb96f7e6c471788b84b3ac6e7e107e6cf6acc4,0
DOC_0053,66,1603,ba840bc018c732eac682e3e03b8b8064ac1346cb,0
DOC_0053,67,1958,da9dd589db47cb6d1efbc51b5ccc3361ed264ac1,0
DOC_0053,68,1983,82f7ca803e0dcc176ed208a6e5adcbaabcc441a0,0
DOC_0053,69,1773,0cb5714a652c8697c3cee1aa2288d98fbb5c3e9d,0
DOC_0053,70,1723,9fcbe24e53e2c6c88ad75f200df0e58cdd1181bc,0
DOC_0053,71,1668,54997f3dbeecae3c11ee0b7de804b40bf77c30ca,0
DOC_0053,72,1361,7b41bc80b97d3cb2b458bd585e57b3c204bc700b,0
DOC_0053,73,1913,8bc3e321fcb7b14c9f1c3bc9dda5f478112f8956,0
DOC_0053,74,1680,cc2b4d9c8aa490df29542b90c3f51e7ef1c713d5,0
DOC_0053,75,1382,46fbcb1960e1d24489ddf9014dfd40eaa25f41a9,0
DOC_0053,76,1579,50691ebd870b90a6df9b211bfde7dcd9fc250a20,0
DOC_0053,77,1756,325ccb912fa7d817cafcdec2b7541c0c35fd3c53,0
DOC_0053,78,1946,0f5bc9ea6a467d60f6ce592e6edd339509bab2b2,0
DOC_0053,79,1648,667d43f12ccd5f78237ec81b9fe259f18c83318e,0
DOC_0053,80,1882,27e2f05df04eb169c0983de802ad829e6c829d76,0
DOC_0053,81,1849,41526376ef8d9314d46bf0aa7011a14fa719b4b7,0
DOC_0053,82,1577,6520840cec962d738d7483bc6f36346d561f1cb3,0
DOC_0053,83,1753,a76b49395c2731e6c839a7c0b58fb2a4192e2757,0
DOC_0053,84,1640,8035f74b3836ab76383ed2252668fc927061c8e3,0
DOC_0053,85,1948,6dfab1c1f14dd7e508bb3470cd698127ec9711f7,0
DOC_0053,86,1614,3b0a198cbb99329783682da96d87f8e88717c272,0
DOC_0053,87,244,1a6064d4eab74c62b7d09cad36ed20053b5b59a2,0
DOC_0053,88,2139,5212f4164a041fd8bdf432c535578a25082dde2c,0
DOC_0053,89,2738,d98160e49c5e896034fa7ea1db1b45920fc97a3a,0
DOC_0053,90,1564,d90637821cba729ed6ac99aa872c2165cef901c7,0
DOC_0053,91,1214,ac92305975156478b6fbeb01bc3d42dd19e29e40,0
DOC_0053,92,1647,d529c8aa005d258178c64a54dcef0c943e64107b,0
DOC_0053,93,2258,b7bc5ed95f20ada8d15551e6bb253e1a683098c1,0
DOC_0053,94,1446,44a1211ad9c774462af82e41b4d8d7d92e12cb25,0
DOC_0053,95,1934,b6183bffcf3f7c3cb2043ea170dfe3534d03d0c7,0
DOC_0053,96,1874,3f094143c5dfcd23e41584e0e8923c068525529c,0
DOC_0053,97,1742,f5f0692b338fa89518e4dd6f86e4e955a8c04618,0
DOC_0053,98,381,82e5f88bb05d8a9f3095e4882d12ca53c9d7ca0d,0
DOC_0053,99,1853,32b91d34be7b580af4316c444323b1da6493ed41,0
DOC_0053,100,2396,f91cef836870445e1ef3676cb9b5f1aea4a34edc,0
DOC_0053,101,1844,406ae14bef667e3f2f441d49b07d58e0da25c504,0
DOC_0053,102,1260,335bdd214de38e6f34ee3ca7472fa27d3edabc44,0
DOC_0053,103,1641,ca1f1f7c2ff283ca72423e22f38c4f57bb0da241,0
DOC_0053,104,1348,ae0183f959e2c7f6012505b9ced30d1962c7b880,0
DOC_0053,105,553,dffbb5d18c6464ddc2ad911fe8c80748de275623,0
DOC_0053,106,337,0712aa840a63667ad51f00110095e1530b771a89,0
DOC_0053,107,1902,317498fe7fa3c8d0cb0e6226c6cf646a64eb6b54,0
DOC_0053,108,0,da39a3ee5e6b4b0d3255bfef95601890afd80709,0
DOC_0053,109,17,4dbe087fd43c89007aa7d2b24ee4488b958ec54c,0
DOC_0053,110,116,046b37b1a9648b25d8f5a53a4af8056fdc724e42,0
DOC_0053,111,1260,654e51012e83da0fdb25ee4b3fe8eb6cb1874d2f,0
DOC_0053,112,0,da39a3ee5e6b4b0d3255bfef95601890afd80709,0
DOC_0053,113,1903,bfa753d07c0d581f67cf0c644f169f389581ffe6,0
DOC_0053,114,2359,96b25b9608e63465406e6cdeda1f2d72f82e05ab,0
DOC_0053,115,1972,c53262f34965695105d9dd1b02bc4e7afb9a9e9e,0
DOC_0053,116,2118,23622d050de747199f9725b751ca98eacb5a6616,0
DOC_0053,117,1444,b40a2e1ce15949a4b4975bf56e952c12342d55fd,0
DOC_0053,118,1787,7e9522e3d94f1eea446253bbd516638ac08d3e25,0
DOC_0053,119,1719,2627ea4df6a282634d0126cf926d38936fc557c8,0
DOC_0053,120,1387,282780bcf38e696da364b4beee23a9f50156bb48,0
DOC_0053,121,21,fb9957f2f12d591c259214ae66549c614fabeeee,0
DOC_0053,122,151,a0c44f911becf8b24d9dcc2325d367d282ab13ce,0
DOC_0053,123,2669,05e7f8f2b0b6b19c2f50a79ac919bcb8a5635375,0
DOC_0053,124,0,da39a3ee5e6b4b0d3255bfef95601890afd80709,0
DOC_0053,125,1391,483eb04f45a6f9cdbae8dccc4ffcc5e146546010,0
DOC_0053,126,1915,ecfe56b01476298ada219666c1af1ed05065423f,0
DOC_0053,127,1701,896f087869c43bac4a933e6ad8b0c824669290b9,0
DOC_0053,128,2042,12fd4efe97f803a86574ba7a1ef01735f1645735,0
DOC_0053,129,1797,5bbb7be7bc5c9c6f1f86b48ffd4553c3077d7b1f,0
DOC_0053,130,2228,3c3800f126ac417d9e3d723e375e1bc3da7831a3,0
DOC_0053,131,1964,e7dadc7ce1de5db7f2fea13874e4098bbc763f28,0
DOC_0053,132,2201,5a27b1af6c937afb89168702942bbc2d48959941,0
DOC_0053,133,1477,1848245e11b532e57c058194aef1f9322f3ca304,0
DOC_0053,134,1390,dc508ff5548a5191f4af6a798a072f7f7361f396,0
DOC_0053,135,1873,e7c9de6dcc49f527923aa5a4a47480c3a58e5119,0
DOC_0053,136,2024,56682a4e3c4a3e0229e0b3ec59dafa5c7f925cc8,0
DOC_0053,137,1498,e989fb1d0d35681c003b0c75245c403cb28c7614,0
DOC_0053,138,1812,012aaa32a66b411fc2467f85868210d62f9e6232,0
DOC_0053,139,1579,a7c155af09d4d6b3ab94900187cd052502626afa,0
DOC_0053,140,1853,a95d619334f2ee4d1c92d930fec541cf9d7d3656,0
DOC_0053,141,1884,376e8c02428c43faa72e6f58111fc7b29c5d97b8,0
DOC_0053,142,1968,417ae17563f6b5a6fbfa16866e32150674aa1f3a,0
DOC_0053,143,1784,3369457b856ce6c66106190fb5f8ca7fd02303d2,0
DOC_0053,144,1896,d8eb1f9552412a5b4b9983dcbe31227acea2fb7d,0
DOC_0053,145,1371,2bba84a2b62a367dfedd06fbf61860ecf5d373bc,0
DOC_0053,146,0,da39a3ee5e6b4b0d3255bfef95601890afd80709,0
DOC_0053,147,78,d06ec596af81acb3ac09bfec843cef84b473bc2d,0
DOC_0053,148,0,da39a3ee5e6b4b0d3255bfef95601890afd80709,0
DOC_0053,149,2735,e893f9f4c6c652ea74f4992f1b8b9635bfb38ede,0
DOC_0053,150,0,da39a3ee5e6b4b0d3255bfef95601890afd80709,0
DOC_0053,151,2237,f393231641ea24fc6d22f263763ba97fbedd7560,0
DOC_0053,152,1866,89506bccf9d1dde1229950aa40cc24bcc2644d3e,0
DOC_0053,153,1875,227400e30768bc87657b08d0d03bad9dc6960cc0,0
DOC_0053,154,2242,d2acfda0bd4d4d13ded0ebf4362b0224665e315c,0
DOC_0053,155,1882,f86a2a82bc49df460f388524b14a1645fce82a4e,0
DOC_0053,156,1704,72105aaa4bc43d43c48dc394e2990234c581842b,0
DOC_0053,157,2259,0510ba8efcdf06632265090a2ccfb55b46b706aa,0
DOC_0053,158,2279,8043669df7dd8490713b56aa04b8411b05cb0c63,0
DOC_0053,159,2230,44f60dab2195fb264c12f66d8ad4c44cfbfa7982,0
DOC_0053,160,1798,f01b52f783785ab8fbb47f622a93a7afc09f3719,0
DOC_0053,161,1543,8194b4faca43be690b9f8b4d53ada5f5cab1679c,0
DOC_0053,162,448,1a7f9e6c348de0667bc73791f9a6cf9e12e712f9,0
DOC_0053,163,71,6a1f4f9cb134a2afe608239066c0ab9a201e53ae,0
DOC_0053,164,0,da39a3ee5e6b4b0d3255bfef95601890afd80709,0
DOC_0053,165,1727,ebbf7154f0e28bf8b451fa5149c811450bac03a4,0
DOC_0053,166,0,da39a3ee5e6b4b0d3255bfef95601890afd80709,0
DOC_0053,167,1515,1e0683f0d2a294de43ffbb0919d0d7b316d62cba,0
DOC_0053,168,2090,3d4287a676afdaaf76735af19741cb712c74aea8,0
DOC_0053,169,1639,9527912da3d2943846c20b094efb9eeb0100cd59,0
DOC_0053,170,2062,95b52dfb3d795703e42b87167a5ca7e756316bad,0
DOC_0053,171,2125,de9881aa6c1c4f114f30b4ee19030a6f0af5723a,0
DOC_0053,172,1757,40191953d8fa2a8347359eda6abf67bdd0b17b05,0
DOC_0053,173,2296,5f0230a8cb301a28e653d1f1bf6bb2786bb54a46,0
DOC_0053,174,2103,feeb183cadb996aa9a4ad312be2248bb7924f117,0
DOC_0053,175,1900,b0c91799c6fffb06e4ca58e85272b62c8c765810,0
DOC_0053,176,1861,dbf1807d55a401148889b890aafaff2e44f5cc33,0
DOC_0053,177,1785,2b75475d57ade573967790fc2b8ac9c1747f1fbc,0
DOC_0053,178,2075,2bbd781df7bc68dada159e231caacba349b60e61,0
DOC_0053,179,1895,d755a0d94ac0ec5bde84a276576b8c6df0273d8b,0
DOC_0053,180,2159,b453b5cc49dc3d1394fb8324335f237e85be10a3,0
DOC_0053,181,508,e50ac744c345cbf847f923d56ceac868eb970a3c,0
DOC_0053,182,0,da39a3ee5e6b4b0d3255bfef95601890afd80709,0
DOC_0053,183,234,04559711281b1d8a6c27837ffa1ffceebe525b06,0
DOC_0053,184,0,da39a3ee5e6b4b0d3255bfef95601890afd80709,0
DOC_0053,185,3813,e08fa4868c8a048109fed6db5332e9937ba71306,0
DOC_0053,186,0,da39a3ee5e6b4b0d3255bfef95601890afd80709,0
DOC_0053,187,1149,151dff7f4f4a1ca0649ff870472474fc63bf819f,0
DOC_0053,188,1668,72a8f38546ff76ed797dccd075a3f04f7a7520f4,0
DOC_0053,189,1470,95ea611f7db3ff3270b7d5698cced3c209ff1005,0
DOC_0053,190,1802,7b48d1b550f5e38d0b5685c7459b53f552f07ef4,0
DOC_0053,191,1595,fac08e552cee824207b4eb14c5b813c32de1ac35,0
DOC_0053,192,1889,a84a9df0ddbdbac2dc031900429fbab1035b9d6c,0
DOC_0053,193,1903,ef85f4a75552d5c7fb3436c3b67c8339f3ee96f4,0
DOC_0053,194,1618,c117d20b7feef70a766c2f93d018291efc0c2191,0
DOC_0053,195,494,b6b955762ea99475bb8f57f3936e9a3e03766bf0,0
DOC_0053,196,0,da39a3ee5e6b4b0d3255bfef95601890afd80709,0
DOC_0053,197,1302,1b151146f1f43755f4bf70950f9263ff5eee266e,0
DOC_0053,198,1742,b8f8c4cfdae0b50569ee00cba5a8e7c105c1d02c,0
DOC_0053,199,1912,f9b0c8f17ce2e64763399163075a0984d974f3cb,0
DOC_0053,200,1609,bd7d53dab133fe6eb69f30fdf66d0f5f3142c407,0
DOC_0053,201,385,0e9c2c0e177bb421c99f61c0e7a49ba85b40d204,0
DOC_0053,202,0,da39a3ee5e6b4b0d3255bfef95601890afd80709,0
DOC_0053,203,1844,3b87b12f12a46a107b7fdf36a3a8991009e564fd,0
DOC_0053,204,612,7568aab911c869ea9699954cb63865ddb921eaf0,0
DOC_0053,205,283,17ad18982df7c0cb949b8726160472c6d2958c91,0
DOC_0054,1,1594,eb0e45072c92df2121cb9b162f583109ab584503,0
DOC_0054,2,1718,ad67c733511aa49e09a54940d6f1860abd3ec226,0
DOC_0054,3,2328,5a96503661bf410e469da2b2e761358893574929,0
DOC_0054,4,2813,d19eec175fcafb59cf8a26c4bb10a925cd6edf5a,0
DOC_0054,5,3551,2f6177d782bb275d0243005a3e3bfa2d64e96ee8,0
DOC_0054,6,3126,178e715985e8765a0c6a4fc162f1e9b5bfb6d5c4,0
DOC_0054,7,3340,f2e175004c26e7b1a1bc6c13af6ec1f6bad53b0b,0
DOC_0054,8,4332,eb510e11f6d7c65b8131dd2064d012ccf47431b2,0
DOC_0054,9,4349,ec2051227a0983e8c39590ff5228ddfafc98be9e,0
DOC_0054,10,3259,3f1a0871105611fd04188f4b96c6caf477395a2f,0
DOC_0054,11,2896,1d8caadd2bb8980f47684be1d439473a69adfc5c,0
DOC_0054,12,3820,d4aa1076316c80640bbe5bb42e5b6aed2accfca9,0
DOC_0054,13,3524,498b6b9eec202fbbb2d4753285fdaecfce78461a,0
DOC_0054,14,3641,a82212663486dae4ab3eab9ae37af13939ec9984,0
DOC_0054,15,4074,7068fb747e6b33d567d2f3bd7c3acca02b9b0515,0
DOC_0054,16,3476,672d218f43e6245395ec881be0162c4fa34df590,0
DOC_0054,17,2407,3920f5cdbe19c32a2ad0fc330c9aebec522f49e8,0
DOC_0054,18,3032,91dab40e48862d8c4f4b66b1c43e65dc645dbe71,0
DOC_0054,19,3006,8598eebdad69d2aabd35f2d7cc23afb2276f772c,0
DOC_0054,20,4239,e13a04fa473c31f7163eed401ba6dc42c220a643,0
DOC_0054,21,886,7969b00233cec0cbcb64a77f9239dfe06b09f8a6,0
DOC_0054,22,2088,e58054f30cedc38f1d090e2f37d410b2e9ef47ea,0
DOC_0055,1,1594,eb0e45072c92df2121cb9b162f583109ab584503,0
DOC_0055,2,1718,ad67c733511aa49e09a54940d6f1860abd3ec226,0
DOC_0055,3,2328,5a96503661bf410e469da2b2e761358893574929,0
DOC_0055,4,2813,d19eec175fcafb59cf8a26c4bb10a925cd6edf5a,0
DOC_0055,5,3551,2f6177d782bb275d0243005a3e3bfa2d64e96ee8,0
DOC_0055,6,3126,178e715985e8765a0c6a4fc162f1e9b5bfb6d5c4,0
DOC_0055,7,3340,f2e175004c26e7b1a1bc6c13af6ec1f6bad53b0b,0
DOC_0055,8,4332,eb510e11f6d7c65b8131dd2064d012ccf47431b2,0
DOC_0055,9,4349,ec2051227a0983e8c39590ff5228ddfafc98be9e,0
DOC_0055,10,3259,3f1a0871105611fd04188f4b96c6caf477395a2f,0
DOC_0055,11,2896,1d8caadd2bb8980f47684be1d439473a69adfc5c,0
DOC_0055,12,3820,d4aa1076316c80640bbe5bb42e5b6aed2accfca9,0
DOC_0055,13,3524,498b6b9eec202fbbb2d4753285fdaecfce78461a,0
DOC_0055,14,3641,a82212663486dae4ab3eab9ae37af13939ec9984,0
DOC_0055,15,4074,7068fb747e6b33d567d2f3bd7c3acca02b9b0515,0
DOC_0055,16,3476,672d218f43e6245395ec881be0162c4fa34df590,0
DOC_0055,17,2407,3920f5cdbe19c32a2ad0fc330c9aebec522f49e8,0
DOC_0055,18,3032,91dab40e48862d8c4f4b66b1c43e65dc645dbe71,0
DOC_0055,19,3006,8598eebdad69d2aabd35f2d7cc23afb2276f772c,0
DOC_0055,20,4239,e13a04fa473c31f7163eed401ba6dc42c220a643,0
DOC_0055,21,886,7969b00233cec0cbcb64a77f9239dfe06b09f8a6,0
DOC_0055,22,2088,e58054f30cedc38f1d090e2f37d410b2e9ef47ea,0
DOC_0056,1,6212,fabd85e808de79b4a24f07cb22de89b0f59301db,0
DOC_0056,2,6478,7fe97c2488a82eef0f551b9628be57ab36ca3fb6,0
DOC_0056,3,6681,2e265ac1bc25ea37fb1958b068bbb56dbe8a2b9d,0
DOC_0056,4,5914,c04f64ba5557d62bbd2a318b723a17085c85d18c,0
DOC_0057,1,129,1ae0f210b2e043d8fec899ad5f4451798eb4dedd,0
DOC_0057,2,182,8264a182c2168e46bdcdd7ffd825a3afc3d0cf5b,0
DOC_0057,3,2451,0fc027b14e38c08f90eb1386216a0408b8a11be7,0
DOC_0057,4,2293,b0830f09804da294139a1b1682ad4f69cf4a537d,0
DOC_0057,5,5716,3f9a17e1625a6f29f80bc1e0c68d87d3337589f3,0
DOC_0057,6,5293,4d7cd3cd36857a84c0c83281afef8650f5c1de01,0
DOC_0057,7,5347,4a215e58b888d1c65a1602e3e6c862b443cc59a6,0
DOC_0057,8,3284,30b0f63a12e70d39544d99996fc7df6319b3f9b3,0
DOC_0057,9,1507,22f3233da04e6aa8a3eeee0e8f7183e9ac9cde54,0
DOC_0057,10,3878,05a406a16a9c0d5529e8fa37f7b02fa1e3b87080,0
DOC_0057,11,3355,4c6f0a1936259789544c27d1655e1ac7de48fd91,0
DOC_0057,12,3095,e0789b9d8f23592cad2a87934033df2f9b5cd3b5,0
DOC_0057,13,3720,a04096a7d2dd44cb0e7751c2095dfbd57c7949bf,0
DOC_0057,14,3095,0d900a4dcf555ffe0d83e3431535158cbad10123,0
DOC_0057,15,2633,63799467bccb31d582d1ce92c4506c6d9f224ec0,0
DOC_0057,16,2484,249a4215f086dc52600253cc054dcf4ef720262a,0
DOC_0057,17,1985,433a2f5c7f5b56112d15d2259af3d3bf070aba9a,0
DOC_0057,18,4342,d23567712c2c90c230cd8ae0f218b9ca8666ae0d,0
DOC_0057,19,1288,0619b17c508bfc058831a8acf6e9d07b4550fb47,0
DOC_0057,20,3917,acef2670a7888903eb821b3824110ae59ecf545c,0
DOC_0057,21,3858,95c0a2049279fb800a3c675a9a20960f067748da,0
DOC_0057,22,3475,16400cdb3d1d6fba4409bb0c1528d83e9fb29ef2,0
DOC_0057,23,2387,affd3e30fa76629eeac20dd8861529e7b31268b4,0
DOC_0057,24,3557,284981b3f42edfe148c7b0598e77d42f34ef31af,0
DOC_0057,25,3596,6d416eeb8a3bf6c73a8c615330ebb1058159612a,0
DOC_0057,26,3114,f2aa7606a19bad5d81799f8b54ece65143cb3308,0
DOC_0057,27,3444,ce247431a9ad9295a4bb4259b9821fe9dfb083ef,0
DOC_0057,28,3856,aa36aecb58ddfd8d74a2526a789070887d167d1a,0
DOC_0057,29,3011,1b791290c0f2ef553d618ece6daddcc807f784e0,0
DOC_0057,30,3127,4d134085d7c91f94cafdfceb76363308c48ce2a9,0
DOC_0057,31,2207,1251df63ca680e45b37ea2a690f836807cac7613,0
DOC_0057,32,1731,98776ee88020012d52c129f75e83dcb8b97f9bb0,0
DOC_0057,33,2584,2d2a6b43f4c9d570a22ad6eca5c63e45301a2a98,0
DOC_0057,34,1556,2e7cc8cb25290e43beee22e8e6add788d980fca2,0
DOC_0057,35,3967,6ab79b5ef965db92bf0f1657a3f2b76ace2fddf4,0
DOC_0057,36,3745,66067087777b20fd9546d37e5e753b18dbf3c302,0
DOC_0057,37,3169,9384e212aa7d8da20cad4a7e630e51685e624611,0
DOC_0057,38,3602,249ad723c597d889b171a50165dfcf2c7551459f,0
DOC_0057,39,2741,82ae5b70bca06cf4ecb6f5b9cff00cae6e38518a,0
DOC_0057,40,1188,743879edb16198b9ab36d920aa91efa84d631c35,0
DOC_0057,41,3421,8bf32fb948b7caeada300402231a18f10c1fa7c0,0
DOC_0057,42,1481,63633f920b3cc87869e8552b6890c04df73b5762,0
DOC_0057,43,3599,10fee00330ca354b38260e50706bef72d6f61552,0
DOC_0057,44,3787,de0317a42109f33adea5aa72f68af1de1042f22d,0
DOC_0057,45,3980,37d9d3292d6e57ca22075ea72379a92e797f47ad,0
DOC_0057,46,3104,586d91acd5289077d18ae68d0012446b03073e3a,0
DOC_0057,47,2644,c93dbfbfbbb5b607613c30dabb81bf8e461cfc06,0
DOC_0057,48,3657,3d0cc8ae7e924415d71b391a3b6f431615071e30,0
DOC_0057,49,3593,983839f4b53926c841b19f7c9bf9be30a9deacc2,0
DOC_0057,50,3785,34450de58ba029527e8b2071faf3f638c627235f,0
DOC_0057,51,4148,9aafa3889b273e9d2b9b11157b03550a376c17e4,0
DOC_0057,52,4293,0a5b477fccdd26f1c5258bbf0d30d77f73c7fefb,0
DOC_0057,53,4717,757f34369ae241363cf06916cfa1f89e8268be04,0
DOC_0057,54,3864,e4e07d35f67ae1eeb1a3300ed8092bf23bb9e2ca,0
DOC_0057,55,3813,bc153e692121ce4bf47a08ae03f61e303223ea5a,0
DOC_0057,56,3789,2f078a6038022fd894518504c61e08078733f8b3,0
DOC_0057,57,2016,35072f553617f68bc738c1763e32052a4dc9dcbd,0
DOC_0057,58,3988,e1cf28d4e2ac0badd5d06235fbef83f4bb5550f6,0
DOC_0057,59,2414,f6fc2d8d7d876663df2338d1c18f24a3f79365ad,0
DOC_0057,60,4134,d335a1657a92842938224b332ad2f3a9ef119da5,0
DOC_0057,61,3735,33b92dd3d22d601d21c6f1dd3be23828f40cabec,0
DOC_0057,62,4594,f345888f9e0a7c576c09221d303d5dfb8ab68659,0
DOC_0057,63,4340,d7456db0890dddb823533bc37c05edc9df5efcbf,0
DOC_0057,64,3113,37e79a85595ad221fc40e6f89501a06e5ce2b418,0
DOC_0057,65,3678,e4bf08f82e978f42eaaee30643dc56f9cc77808e,0
DOC_0057,66,4578,4e04a72a579ff0a3a93150fa6801c06f60754ab9,0
DOC_0057,67,4571,97cc4d5936474ce0682a6ad5820aaf2488911c2b,0
DOC_0057,68,4214,cd3a9460b88ed5150ee746e0e72afa11257195ab,0
DOC_0057,69,4496,377a305a6d6340dee174252fed9080a66edea63e,0
DOC_0057,70,4302,f8b1e1fe9ba4baea5b1438f1e578bc1f51a757e1,0
DOC_0057,71,2849,d799bafec4d9381f7c839830ebf2e19b310c3568,0
DOC_0057,72,3578,4289949f90f45d3024405df9d55a438096dfaff0,0
DOC_0057,73,4556,c73b3a13491fe9936f7a7cb22ab449525397ac0f,0
DOC_0057,74,3835,306ac6cad1409e79430f92540b1cc5383ffaefe2,0
DOC_0057,75,4440,afab418072b8e0ae2a557035762a381c55ea7b0d,0
DOC_0057,76,3576,c0bcd7379298371c9031b424e8b8768ac9f711a4,0
DOC_0057,77,4362,523423b5a2a432f601d938bbe7a7d3559561b832,0
DOC_0057,78,4772,3fa577ce21e4e6c13596c0accb949876009368f7,0
DOC_0057,79,4195,8c5ea1430aeb062b499dc66ad6ea6d4166317651,0
DOC_0057,80,4389,d8545a727c603df3f1894609c2507a80ec97b964,0
DOC_0057,81,4700,b585c96d8a4f64eaf358810481d8e92326b9eda7,0
DOC_0057,82,4592,53b880d91f09a0325d3d2e6857cf5a3742142021,0
DOC_0057,83,1790,ee9bee596d0b8a498719df7145618fdd0124b5aa,0
DOC_0057,84,704,8983361dba4238d17551353abf2a3f0c35982caf,0
DOC_0058,1,98,cff14416612e147f73015f19d8add90796295aac,0
DOC_0058,2,3050,bda0cf931afe3919488639f610d4f339d879dd35,0
DOC_0058,3,1239,1986edefcdbd9061647fcc19253618681990d6e1,0
DOC_0058,4,892,2a8221500251074062fb1b87bc9b415e17f8d48e,0
DOC_0058,5,1107,4710b3072ed06490207459ee9e69790991e4f1d8,0
DOC_0058,6,3026,215276982bad9a5a37ed91aff6e2aa892bbb6ecb,0
DOC_0058,7,2132,cb919042210de5528ad1201264313e9fa7d95ea5,0
DOC_0058,8,2805,e7e81d7cd10bb81a54f440334dc9ca6547af5f86,0
DOC_0058,9,3016,2bfd632a5e460cf75834189eeb4d5d628eb696ee,0
DOC_0058,10,3709,211d6fccc4fac44f7c9c2089cd64d11d3639b555,0
DOC_0058,11,3750,7cb60a8757ac58def775a2db191ff274d9a04b17,0
DOC_0058,12,4064,1effe88e4a8f69c477a9b7b8b1854b30f1a4565f,0
DOC_0058,13,1805,bac69560ee2a5d7a3fdf74bb39cae4bc0921060f,0
DOC_0058,14,4347,14d901ad4235e0b4386c4e964b64499da5107867,0
DOC_0058,15,4132,6b0a02b17b96113fdc3b8099bff9bd7a080b915f,0
DOC_0058,16,4361,5f5d7348efa4411f9633af4faf9621b4b0421747,0
DOC_0058,17,4185,8c1f67112216a02028446f664bc9a4572e66c974,0
DOC_0058,18,4550,685a549f429b187ef78a21263dfd3297bee58c5a,0
DOC_0058,19,1671,f1c4424da19fd466da61cf8d7ae5b70bf7c57262,0
DOC_0058,20,43,18f4f72d9c1f12759bdbf211933387c4e7a28acd,0
DOC_0058,21,2448,f8da513bc7ea891308bcd3102ff477409d215570,0
DOC_0058,22,3449,b14378f33dd4ccc638f8564c91c53ee87dd60afe,0
DOC_0058,23,3541,aeb7409b8d2e2c9e249d7db81c2415ce501535b1,0
DOC_0058,24,2962,86e56d84f9889d09f131646a4b5c2a678551a27a,0
DOC_0058,25,3521,bc89730b1bd09862671fdbc5e18084fcb7dc2fca,0
DOC_0058,26,3619,1faa88756e9a1283150873a25f816a1a5b7d491c,0
DOC_0058,27,3501,cfff8c3264127876e76d2de96a2f79aac8dee236,0
DOC_0058,28,3308,b609ff2aef0de6672d20149ff4b97ec87bc47c29,0
DOC_0058,29,3185,84636d0af5141ce14a5814db3c05e2ab725eb963,0
DOC_0058,30,569,56caceb215d531c77e99d877e5c7c3a02434f296,0
DOC_0058,31,1312,9049d699df1d45c97768c94a7c8e64151b090510,0
DOC_0058,32,498,a25d14670344130b22d5d7b020ffe29ba6caa65b,0
DOC_0058,33,2889,75162eee90d08526c7a93b18059def174abf74da,0
DOC_0058,34,2984,b3335b6ddd9a0fdef7b9ef5a0077107773c491ac,0
DOC_0058,35,585,9a9d39566b5b06ceec31cadfc0a73afbdc095632,0
DOC_0058,36,4206,29181b71d8031cd63605a8265c7ebf31a849441d,0
DOC_0058,37,218,0a4e12e262401566a351aa17550b7d02b77d3696,0
DOC_0058,38,2784,bc778a464236d80e2cee52310708b654708c4199,0
DOC_0058,39,3066,8df202c93639633c92063d9ec51b9b06b91b58fe,0
DOC_0058,40,624,ed0185fffeb6394f4b9ef36c1df9decf0075f714,0
DOC_0058,41,3212,dbea58eec8bde5792ad338f0ddb193b314dfc75c,0
DOC_0058,42,2195,3de905d4f28e2819678e92cc4e0f6628bdb004a3,0
DOC_0059,1,1857,f5988fa868e093b600988b1ad5dc723dff153f98,0
DOC_0059,2,2975,e8418a745d2f0cfeb77de14195355ae3bfa49e47,0
DOC_0059,3,2384,40ee801f522eacd8c90591c26c4361f041b4f58e,0
DOC_0059,4,2919,09e88aabd9c0d7edabc5fbfa24d6019fbe029649,0
DOC_0059,5,2445,5c51a2c60c864da26d29c46a8106e94339acf9a4,0
