parent_theme_id,parent_theme_label,candidate_term,candidate_term_norm,candidate_score,pilot_docfreq,stem_score,name_noise_flag,candidate_source
TH001,Fragmentation,conﬂictive,conﬂictive,5.7152529078347225,1,0,False,pilot_logodds_distinctive_ngram
TH001,Fragmentation,geopolitics,geopolitics,5.7152529078347225,1,0,False,pilot_logodds_distinctive_ngram
TH001,Fragmentation,options paper,options paper,5.7152529078347225,1,0,False,pilot_logodds_distinctive_ngram
TH001,Fragmentation,chairs options,chairs options,5.463864542400362,1,0,False,pilot_logodds_distinctive_ngram
TH001,Fragmentation,chairs options paper,chairs options paper,5.463864542400362,1,0,False,pilot_logodds_distinctive_ngram
TH001,Fragmentation,subcommittee,subcommittee,5.463864542400362,1,0,False,pilot_logodds_distinctive_ngram
TH001,Fragmentation,nilsson persson,nilsson persson,5.463864542400362,1,0,False,pilot_logodds_distinctive_ngram
TH001,Fragmentation,igo mainstreaming,igo mainstreaming,5.463864542400362,1,0,False,pilot_logodds_distinctive_ngram
TH001,Fragmentation,development climate,development climate,5.463864542400362,0,0,False,pilot_logodds_distinctive_ngram
TH001,Fragmentation,acc subcommittee,acc subcommittee,5.463864542400362,1,0,False,pilot_logodds_distinctive_ngram
TH001,Fragmentation,ﬁrst step,ﬁrst step,5.463864542400362,2,0,False,pilot_logodds_distinctive_ngram
TH001,Fragmentation,clustering existing,clustering existing,5.463864542400362,2,0,False,pilot_logodds_distinctive_ngram
TH001,Fragmentation,focus public,focus public,5.127318374091995,1,1,False,pilot_logodds_distinctive_ngram
TH001,Fragmentation,mirrors complexity,mirrors complexity,5.127318374091995,0,0,False,pilot_logodds_distinctive_ngram
TH001,Fragmentation,conﬂicting norms,conﬂicting norms,5.127318374091995,1,1,False,pilot_logodds_distinctive_ngram
TH001,Fragmentation,organization kenen,organization kenen,5.127318374091995,0,0,False,pilot_logodds_distinctive_ngram
TH001,Fragmentation,bodies agencies,bodies agencies,5.127318374091995,0,0,False,pilot_logodds_distinctive_ngram
TH001,Fragmentation,approach enhance,approach enhance,5.127318374091995,0,0,False,pilot_logodds_distinctive_ngram
TH001,Fragmentation,sectoralisation,sectoralisation,5.127318374091995,1,0,False,pilot_logodds_distinctive_ngram
TH001,Fragmentation,framework analysis,framework analysis,5.127318374091995,0,0,False,pilot_logodds_distinctive_ngram
TH001,Fragmentation,debock,debock,5.127318374091995,1,0,False,pilot_logodds_distinctive_ngram
TH001,Fragmentation,debock fergusson,debock fergusson,5.127318374091995,0,0,False,pilot_logodds_distinctive_ngram
TH001,Fragmentation,initially created,initially created,5.127318374091995,2,0,False,pilot_logodds_distinctive_ngram
TH001,Fragmentation,like world,like world,5.127318374091995,0,0,False,pilot_logodds_distinctive_ngram
TH001,Fragmentation,deﬁcit,deﬁcit,5.127318374091995,2,0,False,pilot_logodds_distinctive_ngram
TH001,Fragmentation,organization kenen ed,organization kenen ed,5.127318374091995,0,0,False,pilot_logodds_distinctive_ngram
TH001,Fragmentation,possible explanations,possible explanations,5.127318374091995,2,0,False,pilot_logodds_distinctive_ngram
TH001,Fragmentation,global governance architectures,global governance architectures,5.127318374091995,1,1,False,pilot_logodds_distinctive_ngram
TH001,Fragmentation,allocations funding,allocations funding,5.127318374091995,1,0,False,pilot_logodds_distinctive_ngram
TH001,Fragmentation,acc subcommittee water,acc subcommittee water,5.127318374091995,0,0,False,pilot_logodds_distinctive_ngram
TH001,Fragmentation,practices mainstream,practices mainstream,5.127318374091995,0,0,False,pilot_logodds_distinctive_ngram
TH001,Fragmentation,environmental policies developing,environmental policies developing,5.127318374091995,0,0,False,pilot_logodds_distinctive_ngram
TH001,Fragmentation,environment security initiative,environment security initiative,5.127318374091995,0,0,False,pilot_logodds_distinctive_ngram
TH001,Fragmentation,environmental organization kenen,environmental organization kenen,5.127318374091995,0,0,False,pilot_logodds_distinctive_ngram
TH001,Fragmentation,adaptation problems,adaptation problems,5.127318374091995,1,1,False,pilot_logodds_distinctive_ngram
TH001,Fragmentation,institutional incoherence,institutional incoherence,5.127318374091995,2,2,False,pilot_logodds_distinctive_ngram
TH001,Fragmentation,environmental mechanism gem,environmental mechanism gem,5.127318374091995,1,0,False,pilot_logodds_distinctive_ngram
TH001,Fragmentation,adaptation governance emerging,adaptation governance emerging,5.127318374091995,0,2,False,pilot_logodds_distinctive_ngram
TH001,Fragmentation,meets problems,meets problems,5.127318374091995,1,0,False,pilot_logodds_distinctive_ngram
TH001,Fragmentation,mainstreaming climate adaptation,mainstreaming climate adaptation,5.127318374091995,1,1,False,pilot_logodds_distinctive_ngram
TH002,Norms,ingo networks,ingo networks,5.513840221760001,1,1,False,pilot_logodds_distinctive_ngram
TH002,Norms,compact participation,compact participation,5.0511082046398155,1,1,False,pilot_logodds_distinctive_ngram
TH002,Norms,global compact participation,global compact participation,4.925923364063868,1,1,False,pilot_logodds_distinctive_ngram
TH002,Norms,rules strategies,rules strategies,4.78280082327203,0,1,False,pilot_logodds_distinctive_ngram
TH002,Norms,igo ingo networks,igo ingo networks,4.78280082327203,0,1,False,pilot_logodds_distinctive_ngram
TH002,Norms,support program,support program,4.615725041928455,1,0,False,pilot_logodds_distinctive_ngram
TH002,Norms,non binding,non binding,4.615725041928455,3,0,False,pilot_logodds_distinctive_ngram
TH002,Norms,norm governors,norm governors,4.615725041928455,1,2,False,pilot_logodds_distinctive_ngram
TH002,Norms,development guiding principles,development guiding principles,4.615725041928455,0,0,False,pilot_logodds_distinctive_ngram
TH002,Norms,conﬂicting,conﬂicting,4.615725041928455,3,0,False,pilot_logodds_distinctive_ngram
TH002,Norms,principles displacement,principles displacement,4.615725041928455,0,0,False,pilot_logodds_distinctive_ngram
TH002,Norms,guiding principles displacement,guiding principles displacement,4.615725041928455,0,0,False,pilot_logodds_distinctive_ngram
TH002,Norms,human rights violations,human rights violations,4.415032650256631,3,0,False,pilot_logodds_distinctive_ngram
TH002,Norms,inactive,inactive,4.415032650256631,1,0,False,pilot_logodds_distinctive_ngram
TH002,Norms,network development guiding,network development guiding,4.415032650256631,0,1,False,pilot_logodds_distinctive_ngram
TH002,Norms,navigating,navigating,4.415032650256631,2,0,False,pilot_logodds_distinctive_ngram
TH002,Norms,norm program,norm program,4.415032650256631,1,1,False,pilot_logodds_distinctive_ngram
TH002,Norms,non communicating,non communicating,4.415032650256631,1,0,False,pilot_logodds_distinctive_ngram
TH002,Norms,world charter nature,world charter nature,4.415032650256631,0,0,False,pilot_logodds_distinctive_ngram
TH002,Norms,charter nature,charter nature,4.415032650256631,0,0,False,pilot_logodds_distinctive_ngram
TH002,Norms,embeddedness igo,embeddedness igo,4.415032650256631,0,0,False,pilot_logodds_distinctive_ngram
TH002,Norms,ngo networks,ngo networks,4.415032650256631,1,1,False,pilot_logodds_distinctive_ngram
TH002,Norms,network development,network development,4.415032650256631,0,1,False,pilot_logodds_distinctive_ngram
TH002,Norms,world charter,world charter,4.415032650256631,1,0,False,pilot_logodds_distinctive_ngram
TH002,Norms,rights violations,rights violations,4.415032650256631,3,0,False,pilot_logodds_distinctive_ngram
TH002,Norms,conﬂictive,conﬂictive,4.415032650256631,1,0,False,pilot_logodds_distinctive_ngram
TH002,Norms,norm programs,norm programs,4.415032650256631,1,1,False,pilot_logodds_distinctive_ngram
TH002,Norms,dahl,dahl,4.415032650256631,1,0,False,pilot_logodds_distinctive_ngram
TH002,Norms,earth charter,earth charter,4.3382428304257274,1,0,False,pilot_logodds_distinctive_ngram
TH002,Norms,actors expectations,actors expectations,4.163696526236768,2,0,False,pilot_logodds_distinctive_ngram
TH002,Norms,administrative functions performed,administrative functions performed,4.163696526236768,0,0,False,pilot_logodds_distinctive_ngram
TH002,Norms,norm corporate responsibility,norm corporate responsibility,4.163696526236768,0,1,False,pilot_logodds_distinctive_ngram
TH002,Norms,commitment compliance role,commitment compliance role,4.163696526236768,0,1,False,pilot_logodds_distinctive_ngram
TH002,Norms,international ngo networks,international ngo networks,4.163696526236768,1,1,False,pilot_logodds_distinctive_ngram
TH002,Norms,international ngo,international ngo,4.163696526236768,1,0,False,pilot_logodds_distinctive_ngram
TH002,Norms,ed commitment compliance,ed commitment compliance,4.163696526236768,0,1,False,pilot_logodds_distinctive_ngram
TH002,Norms,ed commitment,ed commitment,4.163696526236768,2,0,False,pilot_logodds_distinctive_ngram
TH002,Norms,governance entails,governance entails,4.163696526236768,1,1,False,pilot_logodds_distinctive_ngram
TH002,Norms,norm corporate,norm corporate,4.163696526236768,0,1,False,pilot_logodds_distinctive_ngram
TH002,Norms,associated global compact,associated global compact,4.163696526236768,0,0,False,pilot_logodds_distinctive_ngram
TH002,Norms,joining program,joining program,4.163696526236768,1,0,False,pilot_logodds_distinctive_ngram
TH002,Norms,gold standard,gold standard,4.163696526236768,1,0,False,pilot_logodds_distinctive_ngram
TH002,Norms,scholars studying,scholars studying,4.163696526236768,1,0,False,pilot_logodds_distinctive_ngram
TH003,Legitimacy,recruitment merit,recruitment merit,4.941100608729741,0,0,False,pilot_logodds_distinctive_ngram
TH003,Legitimacy,science remains,science remains,4.941100608729741,1,0,False,pilot_logodds_distinctive_ngram
TH003,Legitimacy,politically insulated,politically insulated,4.797977768696475,1,0,False,pilot_logodds_distinctive_ngram
TH003,Legitimacy,policy analytic,policy analytic,4.797977768696475,1,0,False,pilot_logodds_distinctive_ngram
TH003,Legitimacy,recruitment national quotas,recruitment national quotas,4.797977768696475,0,0,False,pilot_logodds_distinctive_ngram
TH003,Legitimacy,national quotas,national quotas,4.797977768696475,1,0,False,pilot_logodds_distinctive_ngram
TH003,Legitimacy,capable generating,capable generating,4.630901688124547,0,0,False,pilot_logodds_distinctive_ngram
TH003,Legitimacy,politically insulated wall,politically insulated wall,4.630901688124547,1,0,False,pilot_logodds_distinctive_ngram
TH003,Legitimacy,usable knowledge knowledge,usable knowledge knowledge,4.630901688124547,1,0,False,pilot_logodds_distinctive_ngram
TH003,Legitimacy,insulated wall,insulated wall,4.630901688124547,1,0,False,pilot_logodds_distinctive_ngram
TH003,Legitimacy,claims developed politically,claims developed politically,4.630901688124547,0,0,False,pilot_logodds_distinctive_ngram
TH003,Legitimacy,developed politically,developed politically,4.630901688124547,0,0,False,pilot_logodds_distinctive_ngram
TH003,Legitimacy,claims developed,claims developed,4.630901688124547,0,0,False,pilot_logodds_distinctive_ngram
TH003,Legitimacy,expertise claims,expertise claims,4.630901688124547,0,0,False,pilot_logodds_distinctive_ngram
TH003,Legitimacy,expertise claims developed,expertise claims developed,4.630901688124547,0,0,False,pilot_logodds_distinctive_ngram
TH003,Legitimacy,representativeness,representativeness,4.630901688124547,2,0,False,pilot_logodds_distinctive_ngram
TH003,Legitimacy,science remains influential,science remains influential,4.630901688124547,1,0,False,pilot_logodds_distinctive_ngram
TH003,Legitimacy,decision makers practice,decision makers practice,4.630901688124547,0,0,False,pilot_logodds_distinctive_ngram
TH003,Legitimacy,influential expertise,influential expertise,4.630901688124547,0,0,False,pilot_logodds_distinctive_ngram
TH003,Legitimacy,influential expertise claims,influential expertise claims,4.630901688124547,0,0,False,pilot_logodds_distinctive_ngram
TH003,Legitimacy,developed politically insulated,developed politically insulated,4.630901688124547,0,0,False,pilot_logodds_distinctive_ngram
TH003,Legitimacy,remains influential,remains influential,4.630901688124547,1,0,False,pilot_logodds_distinctive_ngram
TH003,Legitimacy,suggests science remains,suggests science remains,4.630901688124547,0,0,False,pilot_logodds_distinctive_ngram
TH003,Legitimacy,remains influential expertise,remains influential expertise,4.630901688124547,0,0,False,pilot_logodds_distinctive_ngram
TH003,Legitimacy,makers practice,makers practice,4.630901688124547,0,0,False,pilot_logodds_distinctive_ngram
TH003,Legitimacy,suggests science,suggests science,4.630901688124547,0,0,False,pilot_logodds_distinctive_ngram
TH003,Legitimacy,schimmelfennig,schimmelfennig,4.430208997237443,1,0,False,pilot_logodds_distinctive_ngram
TH003,Legitimacy,definition authority,definition authority,4.430208997237443,1,1,False,pilot_logodds_distinctive_ngram
TH003,Legitimacy,single source,single source,4.430208997237443,2,0,False,pilot_logodds_distinctive_ngram
TH003,Legitimacy,decisionmaking organizational,decisionmaking organizational,4.430208997237443,1,0,False,pilot_logodds_distinctive_ngram
TH003,Legitimacy,broader patterns social,broader patterns social,4.430208997237443,0,0,False,pilot_logodds_distinctive_ngram
TH003,Legitimacy,state compliance role,state compliance role,4.430208997237443,1,1,False,pilot_logodds_distinctive_ngram
TH003,Legitimacy,leadership secretariat,leadership secretariat,4.430208997237443,1,0,False,pilot_logodds_distinctive_ngram
TH003,Legitimacy,shared consultations,shared consultations,4.430208997237443,1,0,False,pilot_logodds_distinctive_ngram
TH003,Legitimacy,develop usable,develop usable,4.430208997237443,1,0,False,pilot_logodds_distinctive_ngram
TH003,Legitimacy,leadership secretariat status,leadership secretariat status,4.430208997237443,1,0,False,pilot_logodds_distinctive_ngram
TH003,Legitimacy,experts source revenue,experts source revenue,4.430208997237443,0,0,False,pilot_logodds_distinctive_ngram
TH003,Legitimacy,means information,means information,4.430208997237443,0,1,False,pilot_logodds_distinctive_ngram
TH003,Legitimacy,compliance role ngos,compliance role ngos,4.430208997237443,0,1,False,pilot_logodds_distinctive_ngram
TH003,Legitimacy,source revenue administration,source revenue administration,4.430208997237443,0,0,False,pilot_logodds_distinctive_ngram
TH003,Legitimacy,revenue administration local,revenue administration local,4.430208997237443,0,0,False,pilot_logodds_distinctive_ngram
TH003,Legitimacy,revenue administration,revenue administration,4.430208997237443,1,0,False,pilot_logodds_distinctive_ngram
TH003,Legitimacy,linkage problem,linkage problem,4.430208997237443,1,0,False,pilot_logodds_distinctive_ngram
TH003,Legitimacy,decisionmaking organizational experience,decisionmaking organizational experience,4.430208997237443,1,0,False,pilot_logodds_distinctive_ngram
TH003,Legitimacy,theory suggests,theory suggests,4.430208997237443,1,0,False,pilot_logodds_distinctive_ngram
TH003,Legitimacy,develop usable knowledge,develop usable knowledge,4.430208997237443,1,0,False,pilot_logodds_distinctive_ngram
TH003,Legitimacy,theory suggests science,theory suggests science,4.430208997237443,0,0,False,pilot_logodds_distinctive_ngram
TH003,Legitimacy,policy advocates,policy advocates,4.430208997237443,1,0,False,pilot_logodds_distinctive_ngram
TH003,Legitimacy,experience issue,experience issue,4.430208997237443,1,0,False,pilot_logodds_distinctive_ngram
TH004,Accountability,hlpf,hlpf,6.373619655797134,1,0,False,pilot_logodds_distinctive_ngram
TH004,Accountability,ocampo,ocampo,6.113957274447639,1,0,False,pilot_logodds_distinctive_ngram
TH004,Accountability,durham john,durham john,5.862529471766551,0,0,False,pilot_logodds_distinctive_ngram
TH004,Accountability,answerability,answerability,5.862529471766551,1,0,False,pilot_logodds_distinctive_ngram
TH004,Accountability,arteaga,arteaga,5.762408224599051,1,0,False,pilot_logodds_distinctive_ngram
TH004,Accountability,omez,omez,5.762408224599051,1,0,False,pilot_logodds_distinctive_ngram
TH004,Accountability,omez arteaga,omez arteaga,5.762408224599051,1,0,False,pilot_logodds_distinctive_ngram
TH004,Accountability,jos antonio,jos antonio,5.525943873597454,1,0,False,pilot_logodds_distinctive_ngram
TH004,Accountability,jos antonio ocampo,jos antonio ocampo,5.525943873597454,1,0,False,pilot_logodds_distinctive_ngram
TH004,Accountability,antonio,antonio,5.525943873597454,1,0,False,pilot_logodds_distinctive_ngram
TH004,Accountability,fulﬁlling,fulﬁlling,5.525943873597454,1,0,False,pilot_logodds_distinctive_ngram
TH004,Accountability,antonio ocampo,antonio ocampo,5.525943873597454,1,0,False,pilot_logodds_distinctive_ngram
TH004,Accountability,natalie omez arteaga,natalie omez arteaga,5.525943873597454,1,0,False,pilot_logodds_distinctive_ngram
TH004,Accountability,natalie omez,natalie omez,5.525943873597454,1,0,False,pilot_logodds_distinctive_ngram
TH004,Accountability,natalie,natalie,5.525943873597454,1,0,False,pilot_logodds_distinctive_ngram
TH005,Transparency,letters,letters,4.976500625609502,2,0,False,pilot_logodds_distinctive_ngram
TH005,Transparency,activities sectors,activities sectors,4.976500625609502,0,0,False,pilot_logodds_distinctive_ngram
TH005,Transparency,ensure energy,ensure energy,4.976500625609502,0,0,False,pilot_logodds_distinctive_ngram
TH005,Transparency,countries governance systems,countries governance systems,4.976500625609502,1,1,False,pilot_logodds_distinctive_ngram
TH005,Transparency,countries governance,countries governance,4.976500625609502,1,1,False,pilot_logodds_distinctive_ngram
TH005,Transparency,private operators,private operators,4.976500625609502,1,0,False,pilot_logodds_distinctive_ngram
TH005,Transparency,service provider,service provider,4.976500625609502,1,0,False,pilot_logodds_distinctive_ngram
TH005,Transparency,recursive,recursive,4.976500625609502,1,0,False,pilot_logodds_distinctive_ngram
TH005,Transparency,wssd goals redirection,wssd goals redirection,4.639982154765709,0,0,False,pilot_logodds_distinctive_ngram
TH005,Transparency,mandate provide,mandate provide,4.639982154765709,0,1,False,pilot_logodds_distinctive_ngram
TH005,Transparency,buch,buch,4.639982154765709,1,0,False,pilot_logodds_distinctive_ngram
TH005,Transparency,logo,logo,4.639982154765709,2,0,False,pilot_logodds_distinctive_ngram
TH005,Transparency,activities sectors health,activities sectors health,4.639982154765709,0,0,False,pilot_logodds_distinctive_ngram
TH005,Transparency,public goods second,public goods second,4.639982154765709,2,1,False,pilot_logodds_distinctive_ngram
TH005,Transparency,activities global,activities global,4.639982154765709,1,0,False,pilot_logodds_distinctive_ngram
TH005,Transparency,water resources water,water resources water,4.639982154765709,0,0,False,pilot_logodds_distinctive_ngram
TH005,Transparency,public groups,public groups,4.639982154765709,0,1,False,pilot_logodds_distinctive_ngram
TH005,Transparency,differential treatment,differential treatment,4.639982154765709,2,0,False,pilot_logodds_distinctive_ngram
TH005,Transparency,raise profile,raise profile,4.639982154765709,0,0,False,pilot_logodds_distinctive_ngram
TH005,Transparency,interests member states,interests member states,4.639982154765709,0,0,False,pilot_logodds_distinctive_ngram
TH005,Transparency,groups fact,groups fact,4.639982154765709,0,0,False,pilot_logodds_distinctive_ngram
TH005,Transparency,sustainable development participation,sustainable development participation,4.639982154765709,1,1,False,pilot_logodds_distinctive_ngram
TH005,Transparency,effective health environment,effective health environment,4.639982154765709,1,0,False,pilot_logodds_distinctive_ngram
TH005,Transparency,effective health,effective health,4.639982154765709,1,0,False,pilot_logodds_distinctive_ngram
TH005,Transparency,need based,need based,4.639982154765709,0,0,False,pilot_logodds_distinctive_ngram
TH005,Transparency,market distortions,market distortions,4.639982154765709,1,0,False,pilot_logodds_distinctive_ngram
TH005,Transparency,direct financing,direct financing,4.639982154765709,2,0,False,pilot_logodds_distinctive_ngram
TH005,Transparency,transparently,transparently,4.639982154765709,2,1,False,pilot_logodds_distinctive_ngram
TH005,Transparency,boards perform,boards perform,4.639982154765709,0,0,False,pilot_logodds_distinctive_ngram
TH005,Transparency,development participation,development participation,4.639982154765709,1,1,False,pilot_logodds_distinctive_ngram
TH005,Transparency,addressed successfully,addressed successfully,4.639982154765709,2,0,False,pilot_logodds_distinctive_ngram
TH005,Transparency,engage manage external,engage manage external,4.639982154765709,0,0,False,pilot_logodds_distinctive_ngram
TH005,Transparency,recursive phase,recursive phase,4.639982154765709,1,0,False,pilot_logodds_distinctive_ngram
TH005,Transparency,issues global public,issues global public,4.639982154765709,0,1,False,pilot_logodds_distinctive_ngram
TH005,Transparency,traditional systems exist,traditional systems exist,4.639982154765709,1,0,False,pilot_logodds_distinctive_ngram
TH005,Transparency,energy strategies,energy strategies,4.639982154765709,1,0,False,pilot_logodds_distinctive_ngram
TH005,Transparency,making easier,making easier,4.639982154765709,0,0,False,pilot_logodds_distinctive_ngram
TH005,Transparency,administrative institutional,administrative institutional,4.639982154765709,1,1,False,pilot_logodds_distinctive_ngram
TH005,Transparency,suggest igo,suggest igo,4.639982154765709,0,0,False,pilot_logodds_distinctive_ngram
TH005,Transparency,contributions meeting,contributions meeting,4.639982154765709,0,0,False,pilot_logodds_distinctive_ngram
TH005,Transparency,peer review recursive,peer review recursive,4.639982154765709,0,0,False,pilot_logodds_distinctive_ngram
TH005,Transparency,isab,isab,4.639982154765709,1,0,False,pilot_logodds_distinctive_ngram
TH005,Transparency,engage manage,engage manage,4.639982154765709,0,0,False,pilot_logodds_distinctive_ngram
TH005,Transparency,upstream,upstream,4.639982154765709,1,0,False,pilot_logodds_distinctive_ngram
TH005,Transparency,scientific advisory board,scientific advisory board,4.639982154765709,1,0,False,pilot_logodds_distinctive_ngram
TH005,Transparency,redirection energy,redirection energy,4.639982154765709,0,0,False,pilot_logodds_distinctive_ngram
TH005,Transparency,multi stakeholder approach,multi stakeholder approach,4.639982154765709,1,1,False,pilot_logodds_distinctive_ngram
TH006,Resilience,reeep,reeep,7.010756982247096,1,0,False,pilot_logodds_distinctive_ngram
TH006,Resilience,action world,action world,6.673945417492326,1,0,False,pilot_logodds_distinctive_ngram
TH006,Resilience,action world bank,action world bank,6.673945417492326,1,0,False,pilot_logodds_distinctive_ngram
TH006,Resilience,asian cities climate,asian cities climate,6.673945417492326,1,0,False,pilot_logodds_distinctive_ngram
TH006,Resilience,bank group,bank group,6.257143248732057,3,0,False,pilot_logodds_distinctive_ngram
TH006,Resilience,world bank group,world bank group,6.257143248732057,3,0,False,pilot_logodds_distinctive_ngram
TH006,Resilience,cities climate,cities climate,5.575330985642535,1,0,False,pilot_logodds_distinctive_ngram
TH006,Resilience,büthe global private,büthe global private,5.575330985642535,1,0,False,pilot_logodds_distinctive_ngram
TH006,Resilience,büthe global,büthe global,5.575330985642535,1,0,False,pilot_logodds_distinctive_ngram
TH006,Resilience,ungc,ungc,5.575330985642535,1,0,False,pilot_logodds_distinctive_ngram
TH006,Resilience,adaptive capacity,adaptive capacity,5.575330985642535,2,2,False,pilot_logodds_distinctive_ngram
TH006,Resilience,resource scarcity environmental,resource scarcity environmental,5.575330985642535,0,0,False,pilot_logodds_distinctive_ngram
TH006,Resilience,adaptation policies,adaptation policies,5.575330985642535,1,1,False,pilot_logodds_distinctive_ngram
TH006,Resilience,cities climate change,cities climate change,5.575330985642535,1,0,False,pilot_logodds_distinctive_ngram
TH006,Resilience,multilateral adaptation,multilateral adaptation,5.575330985642535,1,1,False,pilot_logodds_distinctive_ngram
TH006,Resilience,asian cities,asian cities,5.575330985642535,2,0,False,pilot_logodds_distinctive_ngram
TH006,Resilience,schäferhoff,schäferhoff,5.575330985642535,1,0,False,pilot_logodds_distinctive_ngram
TH006,Resilience,vulnerability global,vulnerability global,5.575330985642535,1,0,False,pilot_logodds_distinctive_ngram
TH006,Resilience,issues problems,issues problems,5.575330985642535,0,0,False,pilot_logodds_distinctive_ngram
TH006,Resilience,transnational public private,transnational public private,5.575330985642535,1,1,False,pilot_logodds_distinctive_ngram
TH006,Resilience,scarcity environmental,scarcity environmental,5.575330985642535,0,0,False,pilot_logodds_distinctive_ngram
TH006,Resilience,scarcity environmental security,scarcity environmental security,5.575330985642535,0,0,False,pilot_logodds_distinctive_ngram
TH006,Resilience,worldviews,worldviews,5.575330985642535,1,0,False,pilot_logodds_distinctive_ngram
TH006,Resilience,snidal governance,snidal governance,5.401314783445039,1,1,True,pilot_logodds_distinctive_ngram
TH006,Resilience,snidal governance triangle,snidal governance triangle,5.401314783445039,1,1,True,pilot_logodds_distinctive_ngram
TH006,Resilience,governance triangle,governance triangle,5.401314783445039,1,1,False,pilot_logodds_distinctive_ngram
TH006,Resilience,type ii partnerships,type ii partnerships,5.31649427523009,1,1,False,pilot_logodds_distinctive_ngram
TH006,Resilience,ii partnerships,ii partnerships,5.31649427523009,1,1,False,pilot_logodds_distinctive_ngram
TH006,Resilience,humanitarian assistance,humanitarian assistance,5.065177703753722,2,0,False,pilot_logodds_distinctive_ngram
TH006,Resilience,triangle,triangle,5.0648404036329575,2,0,False,pilot_logodds_distinctive_ngram
TH006,Resilience,business politics,business politics,5.0648404036329575,0,0,False,pilot_logodds_distinctive_ngram
TH006,Resilience,major industrial,major industrial,5.064503218690269,1,0,False,pilot_logodds_distinctive_ngram
TH006,Resilience,transnational public,transnational public,5.064503218690269,2,1,False,pilot_logodds_distinctive_ngram
TH006,Resilience,global private politics,global private politics,5.064503218690269,1,0,False,pilot_logodds_distinctive_ngram
TH006,Resilience,abbott duncan,abbott duncan,5.064503218690269,1,0,True,pilot_logodds_distinctive_ngram
TH006,Resilience,falkner private environmental,falkner private environmental,5.064503218690269,1,0,False,pilot_logodds_distinctive_ngram
TH006,Resilience,falkner private,falkner private,5.064503218690269,1,0,False,pilot_logodds_distinctive_ngram
TH006,Resilience,abbott duncan snidal,abbott duncan snidal,5.064503218690269,1,0,True,pilot_logodds_distinctive_ngram
TH006,Resilience,abbott snidal governance,abbott snidal governance,5.064503218690269,1,1,True,pilot_logodds_distinctive_ngram
TH006,Resilience,global private,global private,5.064503218690269,1,0,False,pilot_logodds_distinctive_ngram
TH007,Participation,nssd,nssd,4.925545560249434,1,0,False,pilot_logodds_distinctive_ngram
TH007,Participation,philippine,philippine,4.027499998701742,1,0,False,pilot_logodds_distinctive_ngram
TH007,Participation,decision makers practice,decision makers practice,4.027499998701742,0,0,False,pilot_logodds_distinctive_ngram
TH007,Participation,makers practice,makers practice,4.027499998701742,0,0,False,pilot_logodds_distinctive_ngram
TH007,Participation,ncsds,ncsds,4.027499998701742,1,0,False,pilot_logodds_distinctive_ngram
TH007,Participation,suppliers,suppliers,4.027499998701742,4,0,False,pilot_logodds_distinctive_ngram
TH007,Participation,assert,assert,3.8268163079568787,1,0,False,pilot_logodds_distinctive_ngram
TH007,Participation,pcsd,pcsd,3.8268163079568787,1,0,False,pilot_logodds_distinctive_ngram
TH007,Participation,conference local development,conference local development,3.8268163079568787,0,0,False,pilot_logodds_distinctive_ngram
TH007,Participation,risky,risky,3.8268163079568787,2,0,False,pilot_logodds_distinctive_ngram
TH007,Participation,international conference local,international conference local,3.8268163079568787,0,0,False,pilot_logodds_distinctive_ngram
TH007,Participation,flag convenience states,flag convenience states,3.8268163079568787,0,0,False,pilot_logodds_distinctive_ngram
TH007,Participation,karel mayrand,karel mayrand,3.8268163079568787,1,0,False,pilot_logodds_distinctive_ngram
TH007,Participation,karel,karel,3.8268163079568787,1,0,False,pilot_logodds_distinctive_ngram
TH007,Participation,political profile,political profile,3.8268163079568787,1,0,False,pilot_logodds_distinctive_ngram
TH007,Participation,level best,level best,3.8268163079568787,1,0,False,pilot_logodds_distinctive_ngram
TH007,Participation,level best practice,level best practice,3.8268163079568787,1,0,False,pilot_logodds_distinctive_ngram
TH007,Participation,sustainable development nssd,sustainable development nssd,3.8268163079568787,1,0,False,pilot_logodds_distinctive_ngram
TH007,Participation,embeddedness igo,embeddedness igo,3.8268163079568787,0,0,False,pilot_logodds_distinctive_ngram
TH007,Participation,relating sustainable,relating sustainable,3.8268163079568787,0,0,False,pilot_logodds_distinctive_ngram
TH007,Participation,relating sustainable development,relating sustainable development,3.8268163079568787,0,0,False,pilot_logodds_distinctive_ngram
TH007,Participation,collaborative schemes,collaborative schemes,3.8268163079568787,1,0,False,pilot_logodds_distinctive_ngram
TH007,Participation,global carbon,global carbon,3.8268163079568787,1,0,False,pilot_logodds_distinctive_ngram
TH007,Participation,society networks,society networks,3.8268163079568787,2,1,False,pilot_logodds_distinctive_ngram
TH007,Participation,offset credits,offset credits,3.8268163079568787,1,0,False,pilot_logodds_distinctive_ngram
TH007,Participation,credits,credits,3.8268163079568787,1,0,False,pilot_logodds_distinctive_ngram
TH007,Participation,ship owners,ship owners,3.8268163079568787,1,0,False,pilot_logodds_distinctive_ngram
TH007,Participation,conference local,conference local,3.8268163079568787,0,0,False,pilot_logodds_distinctive_ngram
TH007,Participation,gold,gold,3.8268163079568787,2,0,False,pilot_logodds_distinctive_ngram
TH008,Equity,intergenerational,intergenerational,6.198620396776144,2,0,False,pilot_logodds_distinctive_ngram
TH008,Equity,global carbon,global carbon,5.830730142774637,1,0,False,pilot_logodds_distinctive_ngram
TH008,Equity,education sustainable,education sustainable,5.579332987822605,1,0,False,pilot_logodds_distinctive_ngram
TH008,Equity,distribution scientific,distribution scientific,5.242778031373403,0,0,False,pilot_logodds_distinctive_ngram
TH008,Equity,american candidate,american candidate,5.242778031373403,1,0,False,pilot_logodds_distinctive_ngram
TH008,Equity,american candidate favor,american candidate favor,5.242778031373403,0,0,False,pilot_logodds_distinctive_ngram
TH008,Equity,states vetoed appointment,states vetoed appointment,5.242778031373403,0,0,False,pilot_logodds_distinctive_ngram
TH008,Equity,states vetoed,states vetoed,5.242778031373403,1,0,False,pilot_logodds_distinctive_ngram
TH008,Equity,belief watson,belief watson,5.242778031373403,0,0,False,pilot_logodds_distinctive_ngram
TH008,Equity,belief watson independent,belief watson independent,5.242778031373403,0,0,False,pilot_logodds_distinctive_ngram
TH008,Equity,state scientific understanding,state scientific understanding,5.242778031373403,0,0,False,pilot_logodds_distinctive_ngram
TH008,Equity,issues debt,issues debt,5.242778031373403,1,0,False,pilot_logodds_distinctive_ngram
TH008,Equity,governments little evidence,governments little evidence,5.242778031373403,0,1,False,pilot_logodds_distinctive_ngram
TH008,Equity,governments little,governments little,5.242778031373403,0,1,False,pilot_logodds_distinctive_ngram
TH008,Equity,remains limited estimates,remains limited estimates,5.242778031373403,0,0,False,pilot_logodds_distinctive_ngram
TH008,Equity,global warming remains,global warming remains,5.242778031373403,1,0,False,pilot_logodds_distinctive_ngram
TH008,Equity,appearance governmental,appearance governmental,5.242778031373403,0,1,False,pilot_logodds_distinctive_ngram
TH008,Equity,politically circumscribed state,politically circumscribed state,5.242778031373403,0,0,False,pilot_logodds_distinctive_ngram
TH008,Equity,distribution scientific participants,distribution scientific participants,5.242778031373403,0,1,False,pilot_logodds_distinctive_ngram
TH008,Equity,inclusion material,inclusion material,5.242778031373403,0,0,False,pilot_logodds_distinctive_ngram
TH008,Equity,global carbon models,global carbon models,5.242778031373403,1,0,False,pilot_logodds_distinctive_ngram
TH008,Equity,usable knowledge largely,usable knowledge largely,5.242778031373403,0,0,False,pilot_logodds_distinctive_ngram
TH008,Equity,vote reports,vote reports,5.242778031373403,0,0,False,pilot_logodds_distinctive_ngram
TH008,Equity,funding research choices,funding research choices,5.242778031373403,0,0,False,pilot_logodds_distinctive_ngram
TH008,Equity,high degree legitimacy,high degree legitimacy,5.242778031373403,0,1,False,pilot_logodds_distinctive_ngram
TH008,Equity,appearance governmental control,appearance governmental control,5.242778031373403,0,1,False,pilot_logodds_distinctive_ngram
TH008,Equity,vote reports distribution,vote reports distribution,5.242778031373403,0,0,False,pilot_logodds_distinctive_ngram
TH008,Equity,enjoy high,enjoy high,5.242778031373403,1,0,False,pilot_logodds_distinctive_ngram
TH008,Equity,enjoy high degree,enjoy high degree,5.242778031373403,1,0,False,pilot_logodds_distinctive_ngram
TH008,Equity,state scientific,state scientific,5.242778031373403,0,0,False,pilot_logodds_distinctive_ngram
TH008,Equity,immature unclear,immature unclear,5.242778031373403,0,0,False,pilot_logodds_distinctive_ngram
TH008,Equity,immature unclear extent,immature unclear extent,5.242778031373403,0,0,False,pilot_logodds_distinctive_ngram
TH008,Equity,participants comes,participants comes,5.242778031373403,1,1,False,pilot_logodds_distinctive_ngram
TH008,Equity,immature,immature,5.242778031373403,1,0,False,pilot_logodds_distinctive_ngram
TH008,Equity,remains relatively,remains relatively,5.242778031373403,1,0,False,pilot_logodds_distinctive_ngram
TH008,Equity,approved plenary,approved plenary,5.242778031373403,0,0,False,pilot_logodds_distinctive_ngram
TH008,Equity,material degree,material degree,5.242778031373403,0,0,False,pilot_logodds_distinctive_ngram
TH008,Equity,degree ipcc,degree ipcc,5.242778031373403,0,0,False,pilot_logodds_distinctive_ngram
TH008,Equity,science remains limited,science remains limited,5.242778031373403,1,0,False,pilot_logodds_distinctive_ngram
TH008,Equity,degree ipcc capable,degree ipcc capable,5.242778031373403,0,0,False,pilot_logodds_distinctive_ngram
TH008,Equity,degree legitimacy,degree legitimacy,5.242778031373403,0,1,False,pilot_logodds_distinctive_ngram
TH008,Equity,degree legitimacy eyes,degree legitimacy eyes,5.242778031373403,0,1,False,pilot_logodds_distinctive_ngram
TH008,Equity,global systems,global systems,5.242778031373403,1,0,False,pilot_logodds_distinctive_ngram
TH008,Equity,peer review reliance,peer review reliance,5.242778031373403,0,0,False,pilot_logodds_distinctive_ngram
TH008,Equity,global systems affect,global systems affect,5.242778031373403,0,0,False,pilot_logodds_distinctive_ngram
TH008,Equity,governments appoint scientists,governments appoint scientists,5.242778031373403,0,1,False,pilot_logodds_distinctive_ngram
TH008,Equity,stressing peer,stressing peer,5.242778031373403,1,0,False,pilot_logodds_distinctive_ngram
TH008,Equity,engineer based belief,engineer based belief,5.242778031373403,0,0,False,pilot_logodds_distinctive_ngram
TH008,Equity,vetoed,vetoed,5.242778031373403,1,0,False,pilot_logodds_distinctive_ngram
TH008,Equity,vetoed appointment,vetoed appointment,5.242778031373403,0,0,False,pilot_logodds_distinctive_ngram
TH008,Equity,vetoed appointment climatologist,vetoed appointment climatologist,5.242778031373403,0,0,False,pilot_logodds_distinctive_ngram
TH008,Equity,remains relatively immature,remains relatively immature,5.242778031373403,1,0,False,pilot_logodds_distinctive_ngram
TH008,Equity,systems affect,systems affect,5.242778031373403,0,0,False,pilot_logodds_distinctive_ngram
TH008,Equity,indian engineer based,indian engineer based,5.242778031373403,1,0,False,pilot_logodds_distinctive_ngram
TH008,Equity,crude global,crude global,5.242778031373403,0,0,False,pilot_logodds_distinctive_ngram
TH008,Equity,stressing peer review,stressing peer review,5.242778031373403,1,0,False,pilot_logodds_distinctive_ngram
TH008,Equity,crude global carbon,crude global carbon,5.242778031373403,0,0,False,pilot_logodds_distinctive_ngram
TH009,Policy Integration,organizations bureaucracies,organizations bureaucracies,6.698164435157353,0,0,False,pilot_logodds_distinctive_ngram
TH009,Policy Integration,governance pp,governance pp,6.312217145343479,2,1,False,pilot_logodds_distinctive_ngram
TH009,Policy Integration,siebenhu ner,siebenhu ner,6.186982812811597,1,0,False,pilot_logodds_distinctive_ngram
TH009,Policy Integration,environmental governance pp,environmental governance pp,6.186982812811597,1,1,False,pilot_logodds_distinctive_ngram
TH009,Policy Integration,executive inﬂuence,executive inﬂuence,6.186982812811597,1,0,False,pilot_logodds_distinctive_ngram
TH009,Policy Integration,institutions organizations bureaucracies,institutions organizations bureaucracies,6.186982812811597,0,1,False,pilot_logodds_distinctive_ngram
TH009,Policy Integration,siebenhu,siebenhu,6.186982812811597,1,0,False,pilot_logodds_distinctive_ngram
TH009,Policy Integration,biermann siebenhu ner,biermann siebenhu ner,6.186982812811597,1,0,True,pilot_logodds_distinctive_ngram
TH009,Policy Integration,biermann siebenhu,biermann siebenhu,6.186982812811597,1,0,True,pilot_logodds_distinctive_ngram
TH009,Policy Integration,oberthu,oberthu,6.043810784660644,1,0,False,pilot_logodds_distinctive_ngram
TH009,Policy Integration,organizational institutional,organizational institutional,6.043810784660644,0,1,False,pilot_logodds_distinctive_ngram
TH009,Policy Integration,normative executive,normative executive,6.043810784660644,0,1,False,pilot_logodds_distinctive_ngram
TH009,Policy Integration,cognitive normative,cognitive normative,6.043810784660644,1,1,False,pilot_logodds_distinctive_ngram
TH009,Policy Integration,cognitive normative executive,cognitive normative executive,6.043810784660644,0,1,False,pilot_logodds_distinctive_ngram
TH009,Policy Integration,normative executive inﬂuence,normative executive inﬂuence,6.043810784660644,0,1,False,pilot_logodds_distinctive_ngram
TH009,Policy Integration,global change inﬂuence,global change inﬂuence,5.87668552055407,0,0,False,pilot_logodds_distinctive_ngram
TH009,Policy Integration,change inﬂuence,change inﬂuence,5.87668552055407,0,0,False,pilot_logodds_distinctive_ngram
TH009,Policy Integration,envsci,envsci,5.87668552055407,1,0,False,pilot_logodds_distinctive_ngram
TH009,Policy Integration,change inﬂuence international,change inﬂuence international,5.87668552055407,0,0,False,pilot_logodds_distinctive_ngram
TH009,Policy Integration,biermann pattberg,biermann pattberg,5.87668552055407,2,0,True,pilot_logodds_distinctive_ngram
TH009,Policy Integration,institutions bureaucracies,institutions bureaucracies,5.87668552055407,0,1,False,pilot_logodds_distinctive_ngram
TH009,Policy Integration,inﬂuence international environmental,inﬂuence international environmental,5.87668552055407,0,0,False,pilot_logodds_distinctive_ngram
TH009,Policy Integration,pfer,pfer,5.87668552055407,1,0,False,pilot_logodds_distinctive_ngram
TH009,Policy Integration,organization biermann,organization biermann,5.87668552055407,0,0,True,pilot_logodds_distinctive_ngram
TH009,Policy Integration,kaunert,kaunert,5.675943650714665,1,0,False,pilot_logodds_distinctive_ngram
TH009,Policy Integration,executive inﬂuence better,executive inﬂuence better,5.675943650714665,0,0,False,pilot_logodds_distinctive_ngram
TH009,Policy Integration,improve cognitive,improve cognitive,5.675943650714665,0,0,False,pilot_logodds_distinctive_ngram
TH009,Policy Integration,improve cognitive normative,improve cognitive normative,5.675943650714665,0,1,False,pilot_logodds_distinctive_ngram
TH009,Policy Integration,existing institutions organizations,existing institutions organizations,5.675943650714665,1,1,False,pilot_logodds_distinctive_ngram
TH009,Policy Integration,environment organization biermann,environment organization biermann,5.675943650714665,0,0,True,pilot_logodds_distinctive_ngram
TH009,Policy Integration,zwolski kaunert,zwolski kaunert,5.675943650714665,1,0,False,pilot_logodds_distinctive_ngram
TH010,Adaptive Governance,draft political,draft political,6.513854791584659,1,0,False,pilot_logodds_distinctive_ngram
TH010,Adaptive Governance,policy arenas,policy arenas,6.513854791584659,2,0,False,pilot_logodds_distinctive_ngram
TH010,Adaptive Governance,efforts promote,efforts promote,6.513854791584659,0,0,False,pilot_logodds_distinctive_ngram
TH010,Adaptive Governance,draft political declaration,draft political declaration,6.513854791584659,1,0,False,pilot_logodds_distinctive_ngram
TH010,Adaptive Governance,international civil society,international civil society,6.002165609906627,2,0,False,pilot_logodds_distinctive_ngram
TH010,Adaptive Governance,goals promoting,goals promoting,6.002165609906627,1,0,False,pilot_logodds_distinctive_ngram
TH010,Adaptive Governance,nations millennium development,nations millennium development,6.002165609906627,2,0,False,pilot_logodds_distinctive_ngram
TH010,Adaptive Governance,networks private sector,networks private sector,6.002165609906627,0,1,False,pilot_logodds_distinctive_ngram
TH010,Adaptive Governance,managing complex,managing complex,6.002165609906627,2,0,False,pilot_logodds_distinctive_ngram
TH010,Adaptive Governance,reduction rate,reduction rate,6.002165609906627,0,0,False,pilot_logodds_distinctive_ngram
TH010,Adaptive Governance,tucker hendrickson,tucker hendrickson,6.002165609906627,0,0,False,pilot_logodds_distinctive_ngram
TH010,Adaptive Governance,invasive,invasive,6.002165609906627,1,0,False,pilot_logodds_distinctive_ngram
TH010,Adaptive Governance,case biodiversity,case biodiversity,6.002165609906627,0,0,False,pilot_logodds_distinctive_ngram
TH010,Adaptive Governance,providing resources,providing resources,6.002165609906627,2,0,False,pilot_logodds_distinctive_ngram
TH010,Adaptive Governance,archibugi,archibugi,6.002165609906627,1,0,False,pilot_logodds_distinctive_ngram
TH010,Adaptive Governance,cbd strategic plan,cbd strategic plan,6.002165609906627,1,0,False,pilot_logodds_distinctive_ngram
TH010,Adaptive Governance,performed relevant,performed relevant,6.002165609906627,0,0,False,pilot_logodds_distinctive_ngram
TH010,Adaptive Governance,outcomes major,outcomes major,6.002165609906627,0,0,False,pilot_logodds_distinctive_ngram
TH010,Adaptive Governance,able quickly,able quickly,6.002165609906627,0,0,False,pilot_logodds_distinctive_ngram
TH010,Adaptive Governance,narrow range,narrow range,6.002165609906627,1,0,False,pilot_logodds_distinctive_ngram
TH010,Adaptive Governance,process engages,process engages,6.002165609906627,0,0,False,pilot_logodds_distinctive_ngram
TH010,Adaptive Governance,sustainable development scale,sustainable development scale,6.002165609906627,0,0,False,pilot_logodds_distinctive_ngram
TH010,Adaptive Governance,protection economic development,protection economic development,6.002165609906627,1,0,False,pilot_logodds_distinctive_ngram
TH010,Adaptive Governance,calls effective,calls effective,6.002165609906627,0,0,False,pilot_logodds_distinctive_ngram
TH010,Adaptive Governance,organizational theorists,organizational theorists,6.002165609906627,1,0,False,pilot_logodds_distinctive_ngram
TH010,Adaptive Governance,systems sectors,systems sectors,6.002165609906627,0,0,False,pilot_logodds_distinctive_ngram
TH010,Adaptive Governance,rues,rues,6.002165609906627,1,0,False,pilot_logodds_distinctive_ngram
TH010,Adaptive Governance,development peter,development peter,6.002165609906627,2,0,False,pilot_logodds_distinctive_ngram
TH010,Adaptive Governance,development peter haas,development peter haas,6.002165609906627,2,0,False,pilot_logodds_distinctive_ngram
TH010,Adaptive Governance,context contemporary,context contemporary,6.002165609906627,0,0,False,pilot_logodds_distinctive_ngram
TH010,Adaptive Governance,cbd strategic,cbd strategic,6.002165609906627,1,0,False,pilot_logodds_distinctive_ngram
TH010,Adaptive Governance,coordinating efforts,coordinating efforts,6.002165609906627,0,1,False,pilot_logodds_distinctive_ngram
TH010,Adaptive Governance,inactivity,inactivity,6.002165609906627,2,0,False,pilot_logodds_distinctive_ngram
TH010,Adaptive Governance,koenig archibugi,koenig archibugi,6.002165609906627,1,0,False,pilot_logodds_distinctive_ngram
TH010,Adaptive Governance,koenig,koenig,6.002165609906627,1,0,False,pilot_logodds_distinctive_ngram
TH010,Adaptive Governance,conceptual linkage,conceptual linkage,6.002165609906627,1,0,False,pilot_logodds_distinctive_ngram
TH010,Adaptive Governance,wssd global,wssd global,6.002165609906627,1,0,False,pilot_logodds_distinctive_ngram
TH010,Adaptive Governance,including civil society,including civil society,6.002165609906627,2,0,False,pilot_logodds_distinctive_ngram
TH010,Adaptive Governance,including civil,including civil,6.002165609906627,2,0,False,pilot_logodds_distinctive_ngram
TH010,Adaptive Governance,significant conceptual,significant conceptual,6.002165609906627,1,0,False,pilot_logodds_distinctive_ngram
TH010,Adaptive Governance,better way,better way,6.002165609906627,2,0,False,pilot_logodds_distinctive_ngram
TH010,Adaptive Governance,globalization sustainable development,globalization sustainable development,6.002165609906627,2,0,False,pilot_logodds_distinctive_ngram
TH010,Adaptive Governance,setting framing,setting framing,6.002165609906627,1,0,False,pilot_logodds_distinctive_ngram
TH010,Adaptive Governance,principle national,principle national,6.002165609906627,0,0,False,pilot_logodds_distinctive_ngram
TH010,Adaptive Governance,development similar,development similar,6.002165609906627,1,0,False,pilot_logodds_distinctive_ngram
TH010,Adaptive Governance,networks private,networks private,6.002165609906627,0,1,False,pilot_logodds_distinctive_ngram
TH011,Effectiveness,marine governance efforts,marine governance efforts,4.78167982382204,1,1,False,pilot_logodds_distinctive_ngram
TH011,Effectiveness,mopan,mopan,4.681582136061039,1,0,False,pilot_logodds_distinctive_ngram
TH011,Effectiveness,structural features,structural features,4.681582136061039,1,0,False,pilot_logodds_distinctive_ngram
TH011,Effectiveness,pemsea,pemsea,4.445164900196168,1,0,False,pilot_logodds_distinctive_ngram
TH011,Effectiveness,confronting theory evidence,confronting theory evidence,4.445164900196168,0,0,False,pilot_logodds_distinctive_ngram
TH011,Effectiveness,international environmental commitments,international environmental commitments,4.445164900196168,3,0,False,pilot_logodds_distinctive_ngram
TH011,Effectiveness,confronting theory,confronting theory,4.445164900196168,2,0,False,pilot_logodds_distinctive_ngram
TH011,Effectiveness,international horizontal accountability,international horizontal accountability,4.302049827958861,1,1,False,pilot_logodds_distinctive_ngram
TH011,Effectiveness,international horizontal,international horizontal,4.302049827958861,1,0,False,pilot_logodds_distinctive_ngram
TH011,Effectiveness,role international organisations,role international organisations,4.302049827958861,1,0,False,pilot_logodds_distinctive_ngram
TH011,Effectiveness,makes world hang,makes world hang,4.302049827958861,0,0,False,pilot_logodds_distinctive_ngram
TH011,Effectiveness,makes world,makes world,4.302049827958861,0,0,False,pilot_logodds_distinctive_ngram
TH011,Effectiveness,institutions global environmental,institutions global environmental,4.302049827958861,1,1,False,pilot_logodds_distinctive_ngram
TH011,Effectiveness,management studies,management studies,4.302049827958861,2,0,False,pilot_logodds_distinctive_ngram
TH011,Effectiveness,hang,hang,4.302049827958861,1,0,False,pilot_logodds_distinctive_ngram
TH011,Effectiveness,world hang,world hang,4.302049827958861,1,0,False,pilot_logodds_distinctive_ngram
TH011,Effectiveness,grotius,grotius,4.1349815149015114,1,0,False,pilot_logodds_distinctive_ngram
TH011,Effectiveness,marine assessments,marine assessments,4.1349815149015114,1,0,False,pilot_logodds_distinctive_ngram
TH011,Effectiveness,structural features board,structural features board,4.1349815149015114,0,0,False,pilot_logodds_distinctive_ngram
TH011,Effectiveness,mutual accountability,mutual accountability,4.1349815149015114,1,1,False,pilot_logodds_distinctive_ngram
TH011,Effectiveness,social constructivist,social constructivist,4.1349815149015114,1,0,False,pilot_logodds_distinctive_ngram
TH011,Effectiveness,contextual variables,contextual variables,4.1349815149015114,1,0,False,pilot_logodds_distinctive_ngram
TH011,Effectiveness,features board,features board,4.1349815149015114,0,0,False,pilot_logodds_distinctive_ngram
TH012,Power Dynamics,uses term,uses term,5.81801626791045,0,0,False,pilot_logodds_distinctive_ngram
TH012,Power Dynamics,features international,features international,5.81801626791045,0,0,False,pilot_logodds_distinctive_ngram
TH012,Power Dynamics,arendt,arendt,5.644092705927884,1,0,False,pilot_logodds_distinctive_ngram
TH012,Power Dynamics,intergovernmental secretariats,intergovernmental secretariats,5.3076183290148204,1,1,False,pilot_logodds_distinctive_ngram
TH012,Power Dynamics,compliance levels,compliance levels,5.30718850385719,1,1,False,pilot_logodds_distinctive_ngram
TH012,Power Dynamics,deªnition,deªnition,5.30718850385719,1,0,False,pilot_logodds_distinctive_ngram
TH012,Power Dynamics,neorealists,neorealists,5.30718850385719,2,0,False,pilot_logodds_distinctive_ngram
TH012,Power Dynamics,nuance,nuance,5.30718850385719,2,0,False,pilot_logodds_distinctive_ngram
TH012,Power Dynamics,allocative,allocative,5.306758865208563,1,0,False,pilot_logodds_distinctive_ngram
TH012,Power Dynamics,brought forth,brought forth,5.306758865208563,2,0,False,pilot_logodds_distinctive_ngram
TH012,Power Dynamics,extract compliance,extract compliance,5.306758865208563,1,1,False,pilot_logodds_distinctive_ngram
TH012,Power Dynamics,looking empirical,looking empirical,5.306758865208563,0,0,False,pilot_logodds_distinctive_ngram
TH012,Power Dynamics,evolutionary epistemology evolutionary,evolutionary epistemology evolutionary,5.306758865208563,1,0,False,pilot_logodds_distinctive_ngram
TH012,Power Dynamics,oran young michael,oran young michael,5.306758865208563,1,0,True,pilot_logodds_distinctive_ngram
TH012,Power Dynamics,state practice,state practice,5.306758865208563,2,0,False,pilot_logodds_distinctive_ngram
TH012,Power Dynamics,orchestration review,orchestration review,5.306758865208563,1,1,False,pilot_logodds_distinctive_ngram
TH012,Power Dynamics,orchestration review international,orchestration review international,5.306758865208563,0,1,False,pilot_logodds_distinctive_ngram
TH012,Power Dynamics,regulation international government,regulation international government,5.306758865208563,0,1,False,pilot_logodds_distinctive_ngram
TH012,Power Dynamics,crawford ostrom,crawford ostrom,5.306758865208563,0,0,True,pilot_logodds_distinctive_ngram
TH012,Power Dynamics,broader understanding,broader understanding,5.306758865208563,2,0,False,pilot_logodds_distinctive_ngram
TH012,Power Dynamics,long major theme,long major theme,5.306758865208563,0,0,False,pilot_logodds_distinctive_ngram
TH012,Power Dynamics,long major,long major,5.306758865208563,0,0,False,pilot_logodds_distinctive_ngram
TH012,Power Dynamics,acknowledgments thank,acknowledgments thank,5.306758865208563,0,0,False,pilot_logodds_distinctive_ngram
TH012,Power Dynamics,ideal typical,ideal typical,5.306758865208563,1,0,False,pilot_logodds_distinctive_ngram
TH012,Power Dynamics,milliken,milliken,5.306758865208563,1,0,False,pilot_logodds_distinctive_ngram
TH012,Power Dynamics,regulation international,regulation international,5.306758865208563,0,0,False,pilot_logodds_distinctive_ngram
TH012,Power Dynamics,interlocutors,interlocutors,5.306758865208563,2,0,False,pilot_logodds_distinctive_ngram
TH012,Power Dynamics,dual use,dual use,5.306758865208563,2,0,False,pilot_logodds_distinctive_ngram
TH012,Power Dynamics,compliance occur,compliance occur,5.306758865208563,0,1,False,pilot_logodds_distinctive_ngram
TH012,Power Dynamics,achieve highly,achieve highly,5.306758865208563,1,0,False,pilot_logodds_distinctive_ngram
TH012,Power Dynamics,achieve highly effective,achieve highly effective,5.306758865208563,1,0,False,pilot_logodds_distinctive_ngram
TH012,Power Dynamics,science policy studies,science policy studies,5.306758865208563,0,0,False,pilot_logodds_distinctive_ngram
TH012,Power Dynamics,nazli,nazli,5.306758865208563,2,0,False,pilot_logodds_distinctive_ngram
TH012,Power Dynamics,national diversity corporate,national diversity corporate,5.306758865208563,0,0,False,pilot_logodds_distinctive_ngram
TH012,Power Dynamics,national diversity,national diversity,5.306758865208563,1,0,False,pilot_logodds_distinctive_ngram
TH012,Power Dynamics,external inducements,external inducements,5.306758865208563,1,0,False,pilot_logodds_distinctive_ngram
TH012,Power Dynamics,nazli choucri,nazli choucri,5.306758865208563,2,0,False,pilot_logodds_distinctive_ngram
TH012,Power Dynamics,developing truth,developing truth,5.306758865208563,1,0,False,pilot_logodds_distinctive_ngram
TH012,Power Dynamics,kratochwil ruggie,kratochwil ruggie,5.306758865208563,0,0,False,pilot_logodds_distinctive_ngram
TH012,Power Dynamics,comply state,comply state,5.306758865208563,1,0,False,pilot_logodds_distinctive_ngram
TH012,Power Dynamics,government improving,government improving,5.306758865208563,2,1,False,pilot_logodds_distinctive_ngram
TH012,Power Dynamics,government improving io,government improving io,5.306758865208563,2,1,False,pilot_logodds_distinctive_ngram
TH012,Power Dynamics,create effective,create effective,5.306758865208563,1,0,False,pilot_logodds_distinctive_ngram
TH012,Power Dynamics,particularly regard management,particularly regard management,5.306758865208563,0,0,False,pilot_logodds_distinctive_ngram
TH012,Power Dynamics,treaty concluded,treaty concluded,5.306758865208563,0,0,False,pilot_logodds_distinctive_ngram
TH012,Power Dynamics,particularly regard,particularly regard,5.306758865208563,0,0,False,pilot_logodds_distinctive_ngram
TH012,Power Dynamics,come terms,come terms,5.306758865208563,0,0,False,pilot_logodds_distinctive_ngram
TH013,Global Cooperation,exercise leadership,exercise leadership,6.594075944139147,1,0,False,pilot_logodds_distinctive_ngram
TH013,Global Cooperation,contemporary world politics,contemporary world politics,6.256934811171924,1,0,False,pilot_logodds_distinctive_ngram
TH013,Global Cooperation,gorbachev,gorbachev,5.746107050868364,2,0,False,pilot_logodds_distinctive_ngram
TH013,Global Cooperation,scientific inputs,scientific inputs,5.7454407381831825,1,0,False,pilot_logodds_distinctive_ngram
TH013,Global Cooperation,colo,colo,5.7454407381831825,1,0,False,pilot_logodds_distinctive_ngram
TH013,Global Cooperation,systems new patterns,systems new patterns,5.7454407381831825,0,0,False,pilot_logodds_distinctive_ngram
TH013,Global Cooperation,colo int,colo int,5.7454407381831825,1,0,False,pilot_logodds_distinctive_ngram
TH013,Global Cooperation,colo int envtl,colo int envtl,5.7454407381831825,1,0,False,pilot_logodds_distinctive_ngram
TH013,Global Cooperation,cast terms,cast terms,5.7454407381831825,0,0,False,pilot_logodds_distinctive_ngram
TH013,Global Cooperation,state entities,state entities,5.7454407381831825,2,0,False,pilot_logodds_distinctive_ngram
TH013,Global Cooperation,help inform,help inform,5.7454407381831825,2,1,False,pilot_logodds_distinctive_ngram
TH013,Global Cooperation,help implement,help implement,5.7454407381831825,1,1,False,pilot_logodds_distinctive_ngram
TH013,Global Cooperation,mandate address,mandate address,5.7454407381831825,0,1,False,pilot_logodds_distinctive_ngram
TH013,Global Cooperation,commands respect,commands respect,5.7454407381831825,1,0,False,pilot_logodds_distinctive_ngram
TH013,Global Cooperation,governments region,governments region,5.7454407381831825,0,1,False,pilot_logodds_distinctive_ngram
TH013,Global Cooperation,erodes,erodes,5.7454407381831825,1,0,False,pilot_logodds_distinctive_ngram
TH013,Global Cooperation,issues second,issues second,5.7454407381831825,1,0,False,pilot_logodds_distinctive_ngram
TH013,Global Cooperation,efficient technology,efficient technology,5.7454407381831825,1,0,False,pilot_logodds_distinctive_ngram
TH013,Global Cooperation,epistemic communities social,epistemic communities social,5.7454407381831825,1,0,False,pilot_logodds_distinctive_ngram
TH013,Global Cooperation,understanding behavior ecosystems,understanding behavior ecosystems,5.7454407381831825,0,0,False,pilot_logodds_distinctive_ngram
TH013,Global Cooperation,governance mediterranean,governance mediterranean,5.7454407381831825,0,1,False,pilot_logodds_distinctive_ngram
TH013,Global Cooperation,governance nations,governance nations,5.7454407381831825,0,1,False,pilot_logodds_distinctive_ngram
TH013,Global Cooperation,governance nations wssd,governance nations wssd,5.7454407381831825,0,1,False,pilot_logodds_distinctive_ngram
TH013,Global Cooperation,holdgate supra,holdgate supra,5.7454407381831825,1,0,False,pilot_logodds_distinctive_ngram
TH013,Global Cooperation,inducements states,inducements states,5.7454407381831825,0,0,False,pilot_logodds_distinctive_ngram
TH013,Global Cooperation,negotiations united,negotiations united,5.7454407381831825,0,0,False,pilot_logodds_distinctive_ngram
TH013,Global Cooperation,work backwards,work backwards,5.7454407381831825,1,0,False,pilot_logodds_distinctive_ngram
TH013,Global Cooperation,quo governance,quo governance,5.7454407381831825,1,1,False,pilot_logodds_distinctive_ngram
TH013,Global Cooperation,central eastern europe,central eastern europe,5.7454407381831825,0,0,False,pilot_logodds_distinctive_ngram
TH013,Global Cooperation,iucn org index,iucn org index,5.7454407381831825,0,0,False,pilot_logodds_distinctive_ngram
TH013,Global Cooperation,causal understanding,causal understanding,5.7454407381831825,1,0,False,pilot_logodds_distinctive_ngram
TH013,Global Cooperation,iucn established,iucn established,5.7454407381831825,0,0,False,pilot_logodds_distinctive_ngram
TH013,Global Cooperation,scientists learn,scientists learn,5.7454407381831825,1,0,False,pilot_logodds_distinctive_ngram
TH013,Global Cooperation,costs compliance,costs compliance,5.7454407381831825,0,1,False,pilot_logodds_distinctive_ngram
TH013,Global Cooperation,positioned,positioned,5.7454407381831825,2,0,False,pilot_logodds_distinctive_ngram
TH013,Global Cooperation,association advancement,association advancement,5.7454407381831825,0,0,False,pilot_logodds_distinctive_ngram
TH013,Global Cooperation,association advancement science,association advancement science,5.7454407381831825,0,0,False,pilot_logodds_distinctive_ngram
TH013,Global Cooperation,index htm visited,index htm visited,5.7454407381831825,0,0,False,pilot_logodds_distinctive_ngram
TH013,Global Cooperation,usa eu,usa eu,5.7454407381831825,1,0,False,pilot_logodds_distinctive_ngram
TH013,Global Cooperation,alexandre kiss dinah,alexandre kiss dinah,5.7454407381831825,1,0,False,pilot_logodds_distinctive_ngram
TH013,Global Cooperation,alexandre kiss,alexandre kiss,5.7454407381831825,2,0,False,pilot_logodds_distinctive_ngram
TH013,Global Cooperation,central eastern,central eastern,5.7454407381831825,0,0,False,pilot_logodds_distinctive_ngram
TH013,Global Cooperation,helped establish,helped establish,5.7454407381831825,1,0,False,pilot_logodds_distinctive_ngram
TH013,Global Cooperation,greatest economic,greatest economic,5.7454407381831825,2,0,False,pilot_logodds_distinctive_ngram
TH013,Global Cooperation,duties general,duties general,5.7454407381831825,0,0,False,pilot_logodds_distinctive_ngram
TH013,Global Cooperation,duties charter,duties charter,5.7454407381831825,0,0,False,pilot_logodds_distinctive_ngram
TH013,Global Cooperation,kiss dinah shelton,kiss dinah shelton,5.7454407381831825,1,0,False,pilot_logodds_distinctive_ngram
TH013,Global Cooperation,kiss dinah,kiss dinah,5.7454407381831825,1,0,False,pilot_logodds_distinctive_ngram
TH013,Global Cooperation,building national capacity,building national capacity,5.7454407381831825,1,1,False,pilot_logodds_distinctive_ngram
TH014,Rule of Law,issues global public,issues global public,6.194696955273179,0,1,False,pilot_logodds_distinctive_ngram
TH014,Rule of Law,judges,judges,5.684291076484136,1,0,False,pilot_logodds_distinctive_ngram
TH014,Rule of Law,branches,branches,5.432765677738312,2,0,False,pilot_logodds_distinctive_ngram
TH014,Rule of Law,sector ofﬁcials,sector ofﬁcials,5.096082515151331,1,0,False,pilot_logodds_distinctive_ngram
TH014,Rule of Law,public sector ofﬁcials,public sector ofﬁcials,5.096082515151331,1,1,False,pilot_logodds_distinctive_ngram
TH014,Rule of Law,elements accountability,elements accountability,5.096082515151331,1,1,False,pilot_logodds_distinctive_ngram
TH014,Rule of Law,influence environmental,influence environmental,5.096082515151331,2,0,False,pilot_logodds_distinctive_ngram
TH014,Rule of Law,progress achieving mdgs,progress achieving mdgs,5.096082515151331,0,0,False,pilot_logodds_distinctive_ngram
TH014,Rule of Law,fulﬁll commitments,fulﬁll commitments,5.096082515151331,1,0,False,pilot_logodds_distinctive_ngram
TH014,Rule of Law,measures strengthen,measures strengthen,5.096082515151331,0,0,False,pilot_logodds_distinctive_ngram
TH014,Rule of Law,security human,security human,5.096082515151331,2,0,False,pilot_logodds_distinctive_ngram
TH014,Rule of Law,security human rights,security human rights,5.096082515151331,2,0,False,pilot_logodds_distinctive_ngram
TH014,Rule of Law,org international,org international,5.096082515151331,2,0,False,pilot_logodds_distinctive_ngram
TH014,Rule of Law,ﬁrst dimension,ﬁrst dimension,5.096082515151331,1,0,False,pilot_logodds_distinctive_ngram
TH014,Rule of Law,vertical accountability,vertical accountability,5.096082515151331,1,1,False,pilot_logodds_distinctive_ngram
TH014,Rule of Law,power independent,power independent,5.096082515151331,0,0,False,pilot_logodds_distinctive_ngram
TH014,Rule of Law,public debates,public debates,5.096082515151331,1,1,False,pilot_logodds_distinctive_ngram
TH014,Rule of Law,domain ecological,domain ecological,5.096082515151331,0,0,False,pilot_logodds_distinctive_ngram
TH014,Rule of Law,millennium project,millennium project,4.921937902513956,1,0,False,pilot_logodds_distinctive_ngram
TH014,Rule of Law,ofﬁcials,ofﬁcials,4.585672333427043,2,0,False,pilot_logodds_distinctive_ngram
TH014,Rule of Law,org united nations,org united nations,4.585254739926975,3,0,False,pilot_logodds_distinctive_ngram
TH014,Rule of Law,achieving mdgs,achieving mdgs,4.585254739926975,0,0,False,pilot_logodds_distinctive_ngram
TH014,Rule of Law,policy circles,policy circles,4.585254739926975,3,0,False,pilot_logodds_distinctive_ngram
TH014,Rule of Law,sadc,sadc,4.585254739926975,2,0,False,pilot_logodds_distinctive_ngram
TH014,Rule of Law,african development community,african development community,4.585254739926975,2,0,False,pilot_logodds_distinctive_ngram
TH014,Rule of Law,org united,org united,4.585254739926975,3,0,False,pilot_logodds_distinctive_ngram
TH014,Rule of Law,accountability international level,accountability international level,4.585254739926975,0,1,False,pilot_logodds_distinctive_ngram
TH014,Rule of Law,epistemic community international,epistemic community international,4.585254739926975,1,0,False,pilot_logodds_distinctive_ngram
TH014,Rule of Law,asia southeast asia,asia southeast asia,4.585046009899953,1,0,False,pilot_logodds_distinctive_ngram
TH014,Rule of Law,asia southeast,asia southeast,4.585046009899953,1,0,False,pilot_logodds_distinctive_ngram
TH014,Rule of Law,needs people,needs people,4.585046009899953,0,0,False,pilot_logodds_distinctive_ngram
TH014,Rule of Law,declaration johannesburg plan,declaration johannesburg plan,4.585046009899953,0,0,False,pilot_logodds_distinctive_ngram
TH014,Rule of Law,failed states,failed states,4.585046009899953,1,0,False,pilot_logodds_distinctive_ngram
TH014,Rule of Law,professional knowledge,professional knowledge,4.585046009899953,1,0,False,pilot_logodds_distinctive_ngram
TH014,Rule of Law,vii charter,vii charter,4.585046009899953,0,0,False,pilot_logodds_distinctive_ngram
TH014,Rule of Law,independent agencies,independent agencies,4.585046009899953,2,0,False,pilot_logodds_distinctive_ngram
TH014,Rule of Law,ensure clear,ensure clear,4.585046009899953,1,0,False,pilot_logodds_distinctive_ngram
TH014,Rule of Law,fail meet,fail meet,4.585046009899953,0,0,False,pilot_logodds_distinctive_ngram
TH014,Rule of Law,free flow information,free flow information,4.585046009899953,0,1,False,pilot_logodds_distinctive_ngram
TH014,Rule of Law,governance increase,governance increase,4.585046009899953,0,1,False,pilot_logodds_distinctive_ngram
TH014,Rule of Law,ensure effective follow,ensure effective follow,4.585046009899953,2,0,False,pilot_logodds_distinctive_ngram
TH014,Rule of Law,approach addressing,approach addressing,4.585046009899953,0,0,False,pilot_logodds_distinctive_ngram
TH014,Rule of Law,vertical coherence good,vertical coherence good,4.585046009899953,1,1,False,pilot_logodds_distinctive_ngram
TH014,Rule of Law,agreements global,agreements global,4.585046009899953,1,0,False,pilot_logodds_distinctive_ngram
TH014,Rule of Law,set propositions,set propositions,4.585046009899953,0,0,False,pilot_logodds_distinctive_ngram
TH014,Rule of Law,public private sector,public private sector,4.585046009899953,0,1,False,pilot_logodds_distinctive_ngram
TH014,Rule of Law,implementation good,implementation good,4.585046009899953,1,1,False,pilot_logodds_distinctive_ngram
TH014,Rule of Law,form accountability,form accountability,4.585046009899953,0,1,False,pilot_logodds_distinctive_ngram
TH014,Rule of Law,asia pacific escap,asia pacific escap,4.585046009899953,0,0,False,pilot_logodds_distinctive_ngram
TH014,Rule of Law,earth balance,earth balance,4.585046009899953,1,0,False,pilot_logodds_distinctive_ngram
TH014,Rule of Law,reform panel htm,reform panel htm,4.585046009899953,1,0,False,pilot_logodds_distinctive_ngram
TH014,Rule of Law,manifests,manifests,4.585046009899953,2,0,False,pilot_logodds_distinctive_ngram
TH014,Rule of Law,social progress,social progress,4.585046009899953,2,0,False,pilot_logodds_distinctive_ngram
TH015,Innovation,innovations,innovations,6.837533416410221,7,0,False,pilot_logodds_distinctive_ngram
TH015,Innovation,policy making implementation,policy making implementation,4.890715276977755,1,1,False,pilot_logodds_distinctive_ngram
TH015,Innovation,institutional innovations,institutional innovations,4.890715276977755,3,1,False,pilot_logodds_distinctive_ngram
TH015,Innovation,malthusians,malthusians,4.890715276977755,1,0,False,pilot_logodds_distinctive_ngram
TH015,Innovation,inventions,inventions,4.890715276977755,1,0,False,pilot_logodds_distinctive_ngram
TH015,Innovation,opec,opec,4.890715276977755,1,0,False,pilot_logodds_distinctive_ngram
TH015,Innovation,raw materials,raw materials,4.890715276977755,2,0,False,pilot_logodds_distinctive_ngram
TH015,Innovation,cost based,cost based,4.639367235251468,1,0,False,pilot_logodds_distinctive_ngram
TH015,Innovation,improved global,improved global,4.639367235251468,1,0,False,pilot_logodds_distinctive_ngram
TH015,Innovation,effects based logic,effects based logic,4.639367235251468,1,0,False,pilot_logodds_distinctive_ngram
TH015,Innovation,experience sharing,experience sharing,4.639367235251468,1,0,False,pilot_logodds_distinctive_ngram
TH015,Innovation,improved global governance,improved global governance,4.639367235251468,1,1,False,pilot_logodds_distinctive_ngram
TH015,Innovation,based logic,based logic,4.639367235251468,1,0,False,pilot_logodds_distinctive_ngram
TH015,Innovation,logic ran counter,logic ran counter,4.639367235251468,1,0,False,pilot_logodds_distinctive_ngram
TH015,Innovation,technological innovations,technological innovations,4.639367235251468,1,0,False,pilot_logodds_distinctive_ngram
TH015,Innovation,logic ran,logic ran,4.639367235251468,1,0,False,pilot_logodds_distinctive_ngram
TH015,Innovation,ran counter ipcc,ran counter ipcc,4.639367235251468,0,0,False,pilot_logodds_distinctive_ngram
TH015,Innovation,based logic ran,based logic ran,4.639367235251468,1,0,False,pilot_logodds_distinctive_ngram
TH015,Innovation,ran counter,ran counter,4.639367235251468,1,0,False,pilot_logodds_distinctive_ngram
TH015,Innovation,counter ipcc,counter ipcc,4.639367235251468,0,0,False,pilot_logodds_distinctive_ngram
TH015,Innovation,legal innovations,legal innovations,4.639367235251468,1,1,False,pilot_logodds_distinctive_ngram
TH015,Innovation,environment policy,environment policy,4.302861386314699,1,0,False,pilot_logodds_distinctive_ngram
TH015,Innovation,myers nath,myers nath,4.302861386314699,1,0,False,pilot_logodds_distinctive_ngram
TH015,Innovation,greater public,greater public,4.302861386314699,2,1,False,pilot_logodds_distinctive_ngram
TH015,Innovation,years csd,years csd,4.302861386314699,0,0,False,pilot_logodds_distinctive_ngram
TH015,Innovation,multiple governance functions,multiple governance functions,4.302861386314699,1,1,False,pilot_logodds_distinctive_ngram
TH015,Innovation,national cross,national cross,4.302861386314699,0,0,False,pilot_logodds_distinctive_ngram
TH015,Innovation,nath,nath,4.302861386314699,1,0,False,pilot_logodds_distinctive_ngram
TH015,Innovation,nath et,nath et,4.302861386314699,1,0,False,pilot_logodds_distinctive_ngram
TH015,Innovation,nath et al,nath et al,4.302861386314699,1,0,False,pilot_logodds_distinctive_ngram
TH015,Innovation,development agenda international,development agenda international,4.302861386314699,2,0,False,pilot_logodds_distinctive_ngram
TH015,Innovation,excluded ipcc,excluded ipcc,4.302861386314699,0,0,False,pilot_logodds_distinctive_ngram
TH015,Innovation,national government activity,national government activity,4.302861386314699,1,1,False,pilot_logodds_distinctive_ngram
TH015,Innovation,coordination diffusion,coordination diffusion,4.302861386314699,0,1,False,pilot_logodds_distinctive_ngram
TH015,Innovation,address dangers,address dangers,4.302861386314699,1,0,False,pilot_logodds_distinctive_ngram
TH015,Innovation,developed nations,developed nations,4.302861386314699,2,0,False,pilot_logodds_distinctive_ngram
TH015,Innovation,myers nath et,myers nath et,4.302861386314699,1,0,False,pilot_logodds_distinctive_ngram
TH015,Innovation,multiple governance,multiple governance,4.302861386314699,1,1,False,pilot_logodds_distinctive_ngram
TH015,Innovation,basis formation emission,basis formation emission,4.302861386314699,0,0,False,pilot_logodds_distinctive_ngram
TH015,Innovation,hajost et al,hajost et al,4.302861386314699,1,0,False,pilot_logodds_distinctive_ngram
TH015,Innovation,hajost et,hajost et,4.302861386314699,1,0,False,pilot_logodds_distinctive_ngram
TH015,Innovation,theoretical politics,theoretical politics,4.302861386314699,2,0,False,pilot_logodds_distinctive_ngram
TH015,Innovation,based analysis response,based analysis response,4.302861386314699,0,0,False,pilot_logodds_distinctive_ngram
TH015,Innovation,based assessment strategies,based assessment strategies,4.302861386314699,0,0,False,pilot_logodds_distinctive_ngram
TH015,Innovation,hajost,hajost,4.302861386314699,1,0,False,pilot_logodds_distinctive_ngram
TH015,Innovation,gpp networks institutional,gpp networks institutional,4.302861386314699,0,2,False,pilot_logodds_distinctive_ngram
TH015,Innovation,model domain,model domain,4.302861386314699,1,0,False,pilot_logodds_distinctive_ngram
TH015,Innovation,engine,engine,4.302861386314699,2,0,False,pilot_logodds_distinctive_ngram
TH015,Innovation,strengthening institutions,strengthening institutions,4.302861386314699,1,1,False,pilot_logodds_distinctive_ngram
TH015,Innovation,kiewiet,kiewiet,4.302861386314699,1,0,False,pilot_logodds_distinctive_ngram
TH016,Environmental Sustainability,extreme poverty,extreme poverty,5.418404083663287,1,0,False,pilot_logodds_distinctive_ngram
TH016,Environmental Sustainability,electronic copy available,electronic copy available,5.418404083663287,1,0,False,pilot_logodds_distinctive_ngram
TH016,Environmental Sustainability,news file,news file,5.418404083663287,1,0,False,pilot_logodds_distinctive_ngram
TH016,Environmental Sustainability,copy available,copy available,5.418404083663287,1,0,False,pilot_logodds_distinctive_ngram
TH016,Environmental Sustainability,development coming,development coming,5.418404083663287,0,0,False,pilot_logodds_distinctive_ngram
TH016,Environmental Sustainability,focused johannesburg,focused johannesburg,5.418404083663287,0,0,False,pilot_logodds_distinctive_ngram
TH016,Environmental Sustainability,diets,diets,5.418404083663287,1,0,False,pilot_logodds_distinctive_ngram
TH016,Environmental Sustainability,sustainable development implementation,sustainable development implementation,5.418404083663287,2,1,False,pilot_logodds_distinctive_ngram
TH016,Environmental Sustainability,electronic copy,electronic copy,5.418404083663287,1,0,False,pilot_logodds_distinctive_ngram
TH016,Environmental Sustainability,need encourage,need encourage,5.418404083663287,0,0,False,pilot_logodds_distinctive_ngram
TH016,Environmental Sustainability,development enhancing,development enhancing,5.418404083663287,2,0,False,pilot_logodds_distinctive_ngram
TH016,Environmental Sustainability,africa news file,africa news file,5.418404083663287,1,0,False,pilot_logodds_distinctive_ngram
TH016,Environmental Sustainability,africa news,africa news,5.418404083663287,1,0,False,pilot_logodds_distinctive_ngram
TH016,Environmental Sustainability,afr news,afr news,5.418404083663287,1,0,False,pilot_logodds_distinctive_ngram
TH016,Environmental Sustainability,inter state bodies,inter state bodies,5.418404083663287,1,0,False,pilot_logodds_distinctive_ngram
TH016,Environmental Sustainability,lexis africa,lexis africa,5.418404083663287,1,0,False,pilot_logodds_distinctive_ngram
TH016,Environmental Sustainability,governments igos,governments igos,5.418404083663287,1,1,False,pilot_logodds_distinctive_ngram
TH016,Environmental Sustainability,lexis africa news,lexis africa news,5.418404083663287,1,0,False,pilot_logodds_distinctive_ngram
TH016,Environmental Sustainability,sends,sends,5.418404083663287,1,0,False,pilot_logodds_distinctive_ngram
TH016,Environmental Sustainability,ifsd,ifsd,5.033326553100515,1,0,False,pilot_logodds_distinctive_ngram
TH016,Environmental Sustainability,al state world,al state world,4.808176025763444,0,0,False,pilot_logodds_distinctive_ngram
TH016,Environmental Sustainability,al state,al state,4.808176025763444,1,0,False,pilot_logodds_distinctive_ngram
TH016,Environmental Sustainability,et al state,et al state,4.808176025763444,1,0,False,pilot_logodds_distinctive_ngram
TH016,Environmental Sustainability,forest policy,forest policy,4.6563600479142035,1,0,False,pilot_logodds_distinctive_ngram
TH016,Environmental Sustainability,emil,emil,4.396944878365052,2,0,False,pilot_logodds_distinctive_ngram
TH016,Environmental Sustainability,emil salim,emil salim,4.396944878365052,2,0,False,pilot_logodds_distinctive_ngram
TH016,Environmental Sustainability,brown et,brown et,4.356186548094071,2,0,False,pilot_logodds_distinctive_ngram
TH016,Environmental Sustainability,brown et al,brown et al,4.356186548094071,2,0,False,pilot_logodds_distinctive_ngram
TH016,Environmental Sustainability,modalities horizontal accountability,modalities horizontal accountability,4.319789618048606,0,1,False,pilot_logodds_distinctive_ngram
TH016,Environmental Sustainability,modalities horizontal,modalities horizontal,4.319789618048606,0,0,False,pilot_logodds_distinctive_ngram
TH016,Environmental Sustainability,deutz,deutz,4.319789618048606,1,0,False,pilot_logodds_distinctive_ngram
TH016,Environmental Sustainability,challenge global,challenge global,4.319789618048606,0,0,False,pilot_logodds_distinctive_ngram
TH016,Environmental Sustainability,transnational public private,transnational public private,4.319789618048606,1,1,False,pilot_logodds_distinctive_ngram
TH016,Environmental Sustainability,need significant,need significant,4.319789618048606,0,0,False,pilot_logodds_distinctive_ngram
TH016,Environmental Sustainability,igos engage,igos engage,4.319789618048606,1,0,False,pilot_logodds_distinctive_ngram
TH016,Environmental Sustainability,ﬂows,ﬂows,4.319789618048606,1,0,False,pilot_logodds_distinctive_ngram
TH016,Environmental Sustainability,schäferhoff,schäferhoff,4.319789618048606,1,0,False,pilot_logodds_distinctive_ngram
TH016,Environmental Sustainability,reeep,reeep,4.319789618048606,1,0,False,pilot_logodds_distinctive_ngram
TH016,Environmental Sustainability,domestic counterparts,domestic counterparts,4.319789618048606,2,0,False,pilot_logodds_distinctive_ngram
TH016,Environmental Sustainability,deal challenges,deal challenges,4.319789618048606,0,0,False,pilot_logodds_distinctive_ngram
TH016,Environmental Sustainability,draft political,draft political,4.319789618048606,1,0,False,pilot_logodds_distinctive_ngram
TH017,Inclusiveness,capacity builders,capacity builders,6.786879950506164,1,1,False,pilot_logodds_distinctive_ngram
TH017,Inclusiveness,agencies act,agencies act,6.276811630636418,0,0,False,pilot_logodds_distinctive_ngram
TH017,Inclusiveness,statistically,statistically,6.025117407440198,2,0,False,pilot_logodds_distinctive_ngram
TH017,Inclusiveness,ingo membership,ingo membership,6.025117407440198,1,0,False,pilot_logodds_distinctive_ngram
TH017,Inclusiveness,igo membership,igo membership,5.765983865120875,2,0,False,pilot_logodds_distinctive_ngram
TH017,Inclusiveness,local reviews,local reviews,5.688265520093089,1,0,False,pilot_logodds_distinctive_ngram
TH017,Inclusiveness,nations active player,nations active player,5.688265520093089,0,0,False,pilot_logodds_distinctive_ngram
TH017,Inclusiveness,california effect,california effect,5.688265520093089,1,0,False,pilot_logodds_distinctive_ngram
TH017,Inclusiveness,nascent issues,nascent issues,5.688265520093089,1,0,False,pilot_logodds_distinctive_ngram
TH017,Inclusiveness,implementation learning,implementation learning,5.5142896419246545,0,1,False,pilot_logodds_distinctive_ngram
TH017,Inclusiveness,compact participation,compact participation,5.178192916705889,1,1,False,pilot_logodds_distinctive_ngram
TH017,Inclusiveness,important step,important step,5.177437754577546,3,0,False,pilot_logodds_distinctive_ngram
TH017,Inclusiveness,united nations active,united nations active,5.177437754577546,0,0,False,pilot_logodds_distinctive_ngram
TH017,Inclusiveness,active player,active player,5.177437754577546,2,0,False,pilot_logodds_distinctive_ngram
TH017,Inclusiveness,norm program,norm program,5.177437754577546,1,1,False,pilot_logodds_distinctive_ngram
TH017,Inclusiveness,nations faces,nations faces,5.177437754577546,1,0,False,pilot_logodds_distinctive_ngram
TH017,Inclusiveness,multilevel network,multilevel network,5.177437754577546,1,1,False,pilot_logodds_distinctive_ngram
TH017,Inclusiveness,nations active,nations active,5.177437754577546,0,0,False,pilot_logodds_distinctive_ngram
TH017,Inclusiveness,local global north,local global north,5.177437754577546,0,0,False,pilot_logodds_distinctive_ngram
TH017,Inclusiveness,dam projects,dam projects,5.177437754577546,1,0,False,pilot_logodds_distinctive_ngram
TH017,Inclusiveness,united nations faces,united nations faces,5.177437754577546,1,0,False,pilot_logodds_distinctive_ngram
TH017,Inclusiveness,public policy issue,public policy issue,5.177060389681177,1,1,False,pilot_logodds_distinctive_ngram
TH017,Inclusiveness,organizations raises,organizations raises,5.177060389681177,0,0,False,pilot_logodds_distinctive_ngram
TH017,Inclusiveness,organizations raises number,organizations raises number,5.177060389681177,0,0,False,pilot_logodds_distinctive_ngram
TH017,Inclusiveness,recent reform,recent reform,5.177060389681177,2,0,False,pilot_logodds_distinctive_ngram
TH017,Inclusiveness,active player gpp,active player gpp,5.177060389681177,0,0,False,pilot_logodds_distinctive_ngram
TH017,Inclusiveness,human financial,human financial,5.177060389681177,0,0,False,pilot_logodds_distinctive_ngram
TH017,Inclusiveness,countries export,countries export,5.177060389681177,0,0,False,pilot_logodds_distinctive_ngram
TH017,Inclusiveness,compact initiative launched,compact initiative launched,5.177060389681177,1,0,False,pilot_logodds_distinctive_ngram
TH017,Inclusiveness,public policy states,public policy states,5.177060389681177,0,1,False,pilot_logodds_distinctive_ngram
TH017,Inclusiveness,basis making safe,basis making safe,5.177060389681177,0,0,False,pilot_logodds_distinctive_ngram
TH017,Inclusiveness,basis making,basis making,5.177060389681177,0,0,False,pilot_logodds_distinctive_ngram
TH017,Inclusiveness,human development human,human development human,5.177060389681177,1,0,False,pilot_logodds_distinctive_ngram
TH017,Inclusiveness,major gap,major gap,5.177060389681177,1,0,False,pilot_logodds_distinctive_ngram
TH017,Inclusiveness,human financial resources,human financial resources,5.177060389681177,0,0,False,pilot_logodds_distinctive_ngram
TH017,Inclusiveness,mission launch,mission launch,5.177060389681177,0,0,False,pilot_logodds_distinctive_ngram
TH017,Inclusiveness,mission launch new,mission launch new,5.177060389681177,0,0,False,pilot_logodds_distinctive_ngram
TH017,Inclusiveness,major gap governance,major gap governance,5.177060389681177,0,1,False,pilot_logodds_distinctive_ngram
TH017,Inclusiveness,compact trisectoral basis,compact trisectoral basis,5.177060389681177,0,0,False,pilot_logodds_distinctive_ngram
TH017,Inclusiveness,convene negotiate,convene negotiate,5.177060389681177,0,0,False,pilot_logodds_distinctive_ngram
TH017,Inclusiveness,existing institutions charge,existing institutions charge,5.177060389681177,0,1,False,pilot_logodds_distinctive_ngram
TH017,Inclusiveness,interacting appropriate,interacting appropriate,5.177060389681177,0,0,False,pilot_logodds_distinctive_ngram
TH017,Inclusiveness,facilitating collaboration,facilitating collaboration,5.177060389681177,2,0,False,pilot_logodds_distinctive_ngram
TH017,Inclusiveness,given additional,given additional,5.177060389681177,0,0,False,pilot_logodds_distinctive_ngram
TH017,Inclusiveness,private sector global,private sector global,5.177060389681177,1,0,False,pilot_logodds_distinctive_ngram
TH017,Inclusiveness,organizations work cross,organizations work cross,5.177060389681177,0,0,False,pilot_logodds_distinctive_ngram
TH017,Inclusiveness,organizations work,organizations work,5.177060389681177,0,0,False,pilot_logodds_distinctive_ngram
TH017,Inclusiveness,learning processes build,learning processes build,5.177060389681177,1,0,False,pilot_logodds_distinctive_ngram
TH017,Inclusiveness,interacting appropriate levels,interacting appropriate levels,5.177060389681177,0,0,False,pilot_logodds_distinctive_ngram
TH017,Inclusiveness,associated participation,associated participation,5.177060389681177,0,1,False,pilot_logodds_distinctive_ngram
TH017,Inclusiveness,forprofit,forprofit,5.177060389681177,2,0,False,pilot_logodds_distinctive_ngram
TH017,Inclusiveness,networks place,networks place,5.177060389681177,2,1,False,pilot_logodds_distinctive_ngram
TH017,Inclusiveness,measure trust,measure trust,5.177060389681177,0,1,False,pilot_logodds_distinctive_ngram
TH017,Inclusiveness,networks needs reach,networks needs reach,5.177060389681177,0,1,False,pilot_logodds_distinctive_ngram
TH017,Inclusiveness,networks needs,networks needs,5.177060389681177,0,1,False,pilot_logodds_distinctive_ngram
TH017,Inclusiveness,significant constraints,significant constraints,5.177060389681177,2,0,False,pilot_logodds_distinctive_ngram
TH017,Inclusiveness,specifically regard,specifically regard,5.177060389681177,0,0,False,pilot_logodds_distinctive_ngram
TH018,Capacity Building,gppns,gppns,5.5129651581913155,1,0,False,pilot_logodds_distinctive_ngram
TH018,Capacity Building,institutional strengthening,institutional strengthening,5.369826989976138,1,1,False,pilot_logodds_distinctive_ngram
TH018,Capacity Building,national programmes,national programmes,5.002027564880924,1,0,False,pilot_logodds_distinctive_ngram
TH018,Capacity Building,micro credit,micro credit,5.002027564880924,1,0,False,pilot_logodds_distinctive_ngram
TH018,Capacity Building,prioritize,prioritize,4.750675816204417,3,0,False,pilot_logodds_distinctive_ngram
TH018,Capacity Building,capacitybuilding,capacitybuilding,4.750675816204417,2,1,False,pilot_logodds_distinctive_ngram
TH018,Capacity Building,management ecosystem,management ecosystem,4.750675816204417,0,0,False,pilot_logodds_distinctive_ngram
TH018,Capacity Building,integrated management ecosystem,integrated management ecosystem,4.750675816204417,0,1,False,pilot_logodds_distinctive_ngram
TH018,Capacity Building,lead countries,lead countries,4.750675816204417,1,0,False,pilot_logodds_distinctive_ngram
TH018,Capacity Building,energy organization,energy organization,4.750675816204417,1,0,False,pilot_logodds_distinctive_ngram
TH018,Capacity Building,integrated management natural,integrated management natural,4.750675816204417,0,1,False,pilot_logodds_distinctive_ngram
TH018,Capacity Building,management ecosystem approach,management ecosystem approach,4.750675816204417,0,0,False,pilot_logodds_distinctive_ngram
TH018,Capacity Building,information experiences,information experiences,4.750675816204417,1,1,False,pilot_logodds_distinctive_ngram
TH018,Capacity Building,members society,members society,4.750675816204417,0,0,False,pilot_logodds_distinctive_ngram
TH018,Capacity Building,inefficiency,inefficiency,4.750675816204417,3,0,False,pilot_logodds_distinctive_ngram
TH018,Capacity Building,ngos developing countries,ngos developing countries,4.750675816204417,0,0,False,pilot_logodds_distinctive_ngram
TH018,Capacity Building,innovative financing,innovative financing,4.750675816204417,2,0,False,pilot_logodds_distinctive_ngram
TH018,Capacity Building,community based management,community based management,4.750675816204417,1,0,False,pilot_logodds_distinctive_ngram
TH018,Capacity Building,convention cwc,convention cwc,4.750675816204417,1,0,False,pilot_logodds_distinctive_ngram
TH018,Capacity Building,people rural,people rural,4.750675816204417,0,0,False,pilot_logodds_distinctive_ngram
TH018,Capacity Building,weapons convention cwc,weapons convention cwc,4.750675816204417,1,0,False,pilot_logodds_distinctive_ngram
TH018,Capacity Building,council eu,council eu,4.414166260580364,0,0,False,pilot_logodds_distinctive_ngram
TH018,Capacity Building,information experiences resources,information experiences resources,4.414166260580364,0,1,False,pilot_logodds_distinctive_ngram
TH018,Capacity Building,council meeting,council meeting,4.414166260580364,1,0,False,pilot_logodds_distinctive_ngram
TH018,Capacity Building,ma international,ma international,4.414166260580364,1,0,False,pilot_logodds_distinctive_ngram
TH018,Capacity Building,combines voluntary energy,combines voluntary energy,4.414166260580364,0,0,False,pilot_logodds_distinctive_ngram
TH018,Capacity Building,thing combines voluntary,thing combines voluntary,4.414166260580364,0,0,False,pilot_logodds_distinctive_ngram
TH018,Capacity Building,thing combines,thing combines,4.414166260580364,2,0,False,pilot_logodds_distinctive_ngram
TH018,Capacity Building,ma international institute,ma international institute,4.414166260580364,1,0,False,pilot_logodds_distinctive_ngram
TH018,Capacity Building,combines voluntary,combines voluntary,4.414166260580364,0,0,False,pilot_logodds_distinctive_ngram
TH018,Capacity Building,lykke,lykke,4.414166260580364,1,0,False,pilot_logodds_distinctive_ngram
TH019,Collaboration,projects programs,projects programs,6.20706555764281,0,0,False,pilot_logodds_distinctive_ngram
TH019,Collaboration,mainstreaming adaptation,mainstreaming adaptation,6.20706555764281,1,1,False,pilot_logodds_distinctive_ngram
TH019,Collaboration,runhaar et,runhaar et,6.130063243651833,1,0,False,pilot_logodds_distinctive_ngram
TH019,Collaboration,runhaar et al,runhaar et al,6.130063243651833,1,0,False,pilot_logodds_distinctive_ngram
TH019,Collaboration,collaborations,collaborations,5.955627315907351,4,0,False,pilot_logodds_distinctive_ngram
TH019,Collaboration,adaptation mainstreaming,adaptation mainstreaming,5.820525341447323,1,1,False,pilot_logodds_distinctive_ngram
TH019,Collaboration,mainstreaming igos,mainstreaming igos,5.744235688452828,0,0,False,pilot_logodds_distinctive_ngram
TH019,Collaboration,adaptation mainstreaming igos,adaptation mainstreaming igos,5.619031281159458,0,1,False,pilot_logodds_distinctive_ngram
TH019,Collaboration,procedures outputs,procedures outputs,5.619031281159458,0,0,False,pilot_logodds_distinctive_ngram
TH019,Collaboration,budget allocation,budget allocation,5.619031281159458,1,0,False,pilot_logodds_distinctive_ngram
TH019,Collaboration,adaptation projects,adaptation projects,5.475889174882097,1,1,False,pilot_logodds_distinctive_ngram
TH019,Collaboration,adaptation integration,adaptation integration,5.475889174882097,1,2,False,pilot_logodds_distinctive_ngram
TH019,Collaboration,integrate adaptation,integrate adaptation,5.475889174882097,1,2,False,pilot_logodds_distinctive_ngram
TH019,Collaboration,migration security,migration security,5.475889174882097,1,0,False,pilot_logodds_distinctive_ngram
TH019,Collaboration,figure shows,figure shows,5.475889174882097,1,0,False,pilot_logodds_distinctive_ngram
TH019,Collaboration,projects budget,projects budget,5.308793829284777,0,0,False,pilot_logodds_distinctive_ngram
TH019,Collaboration,diﬀerent issue areas,diﬀerent issue areas,5.308793829284777,1,0,False,pilot_logodds_distinctive_ngram
TH019,Collaboration,diﬀerent issue,diﬀerent issue,5.308793829284777,1,0,False,pilot_logodds_distinctive_ngram
TH019,Collaboration,discursively,discursively,5.308793829284777,1,0,False,pilot_logodds_distinctive_ngram
TH019,Collaboration,igo bureaucrats,igo bureaucrats,5.308793829284777,1,0,False,pilot_logodds_distinctive_ngram
TH019,Collaboration,procedures outputs igos,procedures outputs igos,5.308793829284777,0,0,False,pilot_logodds_distinctive_ngram
TH019,Collaboration,survey data,survey data,5.308793829284777,1,1,False,pilot_logodds_distinctive_ngram
TH019,Collaboration,nonclimate,nonclimate,5.308793829284777,1,0,False,pilot_logodds_distinctive_ngram
TH019,Collaboration,allocation budgetary,allocation budgetary,5.308793829284777,0,0,False,pilot_logodds_distinctive_ngram
TH019,Collaboration,allocation budgetary resources,allocation budgetary resources,5.308793829284777,0,0,False,pilot_logodds_distinctive_ngram
TH019,Collaboration,programs projects budget,programs projects budget,5.308793829284777,0,0,False,pilot_logodds_distinctive_ngram
TH019,Collaboration,outputs igos,outputs igos,5.308793829284777,0,0,False,pilot_logodds_distinctive_ngram
TH019,Collaboration,climate risks,climate risks,5.179951261858315,1,0,False,pilot_logodds_distinctive_ngram
TH019,Collaboration,adaptation policy,adaptation policy,5.108081874590868,1,1,False,pilot_logodds_distinctive_ngram
TH019,Collaboration,resources adaptation,resources adaptation,5.108081874590868,0,1,False,pilot_logodds_distinctive_ngram
TH019,Collaboration,igos working,igos working,5.108081874590868,1,0,False,pilot_logodds_distinctive_ngram
TH019,Collaboration,interpret mandates,interpret mandates,5.108081874590868,0,1,False,pilot_logodds_distinctive_ngram
TH019,Collaboration,projects budget allocation,projects budget allocation,5.108081874590868,0,0,False,pilot_logodds_distinctive_ngram
TH019,Collaboration,regional multi,regional multi,5.108081874590868,1,0,False,pilot_logodds_distinctive_ngram
TH019,Collaboration,regional multi issue,regional multi issue,5.108081874590868,1,0,False,pilot_logodds_distinctive_ngram
TH019,Collaboration,extent igos,extent igos,5.108081874590868,1,0,False,pilot_logodds_distinctive_ngram
TH019,Collaboration,adaptation funds,adaptation funds,5.108081874590868,1,1,False,pilot_logodds_distinctive_ngram
TH019,Collaboration,broader sample igos,broader sample igos,5.108081874590868,0,0,False,pilot_logodds_distinctive_ngram
TH019,Collaboration,broader sample,broader sample,5.108081874590868,1,0,False,pilot_logodds_distinctive_ngram
TH019,Collaboration,screening,screening,5.108081874590868,1,0,False,pilot_logodds_distinctive_ngram
TH019,Collaboration,sample igos,sample igos,5.108081874590868,0,0,False,pilot_logodds_distinctive_ngram
TH019,Collaboration,questionnaire,questionnaire,5.108081874590868,1,0,False,pilot_logodds_distinctive_ngram
TH019,Collaboration,mainstream adaptation,mainstream adaptation,5.031448709326824,1,1,False,pilot_logodds_distinctive_ngram
TH019,Collaboration,include adaptation,include adaptation,4.856726188780456,1,1,False,pilot_logodds_distinctive_ngram
TH019,Collaboration,adaptation issue areas,adaptation issue areas,4.856726188780456,0,1,False,pilot_logodds_distinctive_ngram
TH019,Collaboration,makers diﬀerent,makers diﬀerent,4.856726188780456,0,0,False,pilot_logodds_distinctive_ngram
TH019,Collaboration,makers diﬀerent views,makers diﬀerent views,4.856726188780456,0,0,False,pilot_logodds_distinctive_ngram
TH019,Collaboration,adaptation issue,adaptation issue,4.856726188780456,0,1,False,pilot_logodds_distinctive_ngram
TH019,Collaboration,implementation national,implementation national,4.856726188780456,1,1,False,pilot_logodds_distinctive_ngram
TH019,Collaboration,makers igo,makers igo,4.856726188780456,0,0,False,pilot_logodds_distinctive_ngram
TH019,Collaboration,following issue complex,following issue complex,4.856726188780456,0,0,False,pilot_logodds_distinctive_ngram
TH020,Compliance,transboundary risk,transboundary risk,5.597481174809932,1,0,False,pilot_logodds_distinctive_ngram
TH020,Compliance,transboundary risk management,transboundary risk management,5.597481174809932,1,0,False,pilot_logodds_distinctive_ngram
TH020,Compliance,executive body,executive body,4.591749482878702,1,0,False,pilot_logodds_distinctive_ngram
TH020,Compliance,verification monitoring,verification monitoring,4.448632500574632,1,1,False,pilot_logodds_distinctive_ngram
TH020,Compliance,recruitment national quotas,recruitment national quotas,4.448632500574632,0,0,False,pilot_logodds_distinctive_ngram
TH020,Compliance,deter non,deter non,4.448632500574632,1,0,False,pilot_logodds_distinctive_ngram
TH020,Compliance,noncompliance mechanisms,noncompliance mechanisms,4.448632500574632,1,1,False,pilot_logodds_distinctive_ngram
TH020,Compliance,hanf,hanf,4.448632500574632,1,0,False,pilot_logodds_distinctive_ngram
TH020,Compliance,monitoring provisions,monitoring provisions,4.448632500574632,1,1,False,pilot_logodds_distinctive_ngram
TH020,Compliance,choices comply,choices comply,4.448632500574632,0,0,False,pilot_logodds_distinctive_ngram
TH020,Compliance,knowledge transfers,knowledge transfers,4.448632500574632,1,0,False,pilot_logodds_distinctive_ngram
TH020,Compliance,green technologies,green technologies,4.448632500574632,1,0,False,pilot_logodds_distinctive_ngram
TH020,Compliance,national quotas,national quotas,4.448632500574632,1,0,False,pilot_logodds_distinctive_ngram
TH020,Compliance,transnational scientific involvement,transnational scientific involvement,4.281562277508522,1,0,False,pilot_logodds_distinctive_ngram
TH020,Compliance,mea cop,mea cop,4.281562277508522,1,0,False,pilot_logodds_distinctive_ngram
TH020,Compliance,sulphur protocol,sulphur protocol,4.281562277508522,2,0,False,pilot_logodds_distinctive_ngram
TH020,Compliance,kell,kell,4.281562277508522,1,0,False,pilot_logodds_distinctive_ngram
TH020,Compliance,monitoring state,monitoring state,4.281562277508522,2,1,False,pilot_logodds_distinctive_ngram
TH020,Compliance,decisions comply,decisions comply,4.281562277508522,0,0,False,pilot_logodds_distinctive_ngram
TH020,Compliance,sulphur,sulphur,4.281562277508522,2,0,False,pilot_logodds_distinctive_ngram
TH020,Compliance,marine assessments,marine assessments,4.281562277508522,1,0,False,pilot_logodds_distinctive_ngram
TH020,Compliance,include verification,include verification,4.281562277508522,1,0,False,pilot_logodds_distinctive_ngram
TH020,Compliance,marine resource,marine resource,4.2063726354884725,1,0,False,pilot_logodds_distinctive_ngram
TH020,Compliance,marine resource management,marine resource management,4.124662318028859,1,0,False,pilot_logodds_distinctive_ngram
TH020,Compliance,international obligations,international obligations,4.0810182430329185,1,0,False,pilot_logodds_distinctive_ngram
TH020,Compliance,chinkin,chinkin,4.080875443903873,2,0,False,pilot_logodds_distinctive_ngram
TH020,Compliance,organizational experience,organizational experience,4.080875443903873,1,0,False,pilot_logodds_distinctive_ngram
TH020,Compliance,organizational experience issue,organizational experience issue,4.080875443903873,1,0,False,pilot_logodds_distinctive_ngram
TH020,Compliance,tuinstra,tuinstra,4.080875443903873,1,0,False,pilot_logodds_distinctive_ngram
TH020,Compliance,role ngos knowledge,role ngos knowledge,4.080875443903873,0,0,False,pilot_logodds_distinctive_ngram
TH021,Conflict Resolution,conceptual stretching,conceptual stretching,6.623660975038247,1,0,False,pilot_logodds_distinctive_ngram
TH021,Conflict Resolution,stretching,stretching,6.623660975038247,1,0,False,pilot_logodds_distinctive_ngram
TH021,Conflict Resolution,büthe private regulation,büthe private regulation,5.86184156801473,1,0,False,pilot_logodds_distinctive_ngram
TH021,Conflict Resolution,büthe private,büthe private,5.86184156801473,1,0,False,pilot_logodds_distinctive_ngram
TH021,Conflict Resolution,victor regime,victor regime,5.86184156801473,1,1,False,pilot_logodds_distinctive_ngram
TH021,Conflict Resolution,victor regime complex,victor regime complex,5.86184156801473,1,1,False,pilot_logodds_distinctive_ngram
TH021,Conflict Resolution,north asia,north asia,5.525046542494653,2,0,False,pilot_logodds_distinctive_ngram
TH021,Conflict Resolution,contingency,contingency,5.525046542494653,1,0,False,pilot_logodds_distinctive_ngram
TH021,Conflict Resolution,levy franchising global,levy franchising global,5.525046542494653,1,0,False,pilot_logodds_distinctive_ngram
TH021,Conflict Resolution,börzel,börzel,5.525046542494653,1,0,False,pilot_logodds_distinctive_ngram
TH021,Conflict Resolution,rules world,rules world,5.525046542494653,0,1,False,pilot_logodds_distinctive_ngram
TH021,Conflict Resolution,levy franchising,levy franchising,5.525046542494653,1,0,False,pilot_logodds_distinctive_ngram
TH021,Conflict Resolution,principle common,principle common,5.525046542494653,0,0,False,pilot_logodds_distinctive_ngram
TH021,Conflict Resolution,andonova levy,andonova levy,5.525046542494653,1,0,False,pilot_logodds_distinctive_ngram
TH021,Conflict Resolution,franchising global governance,franchising global governance,5.525046542494653,1,1,False,pilot_logodds_distinctive_ngram
TH021,Conflict Resolution,franchising global,franchising global,5.525046542494653,1,0,False,pilot_logodds_distinctive_ngram
TH021,Conflict Resolution,private regulation,private regulation,5.35101380036866,1,0,False,pilot_logodds_distinctive_ngram
TH021,Conflict Resolution,regime complex,regime complex,5.266176741268859,1,1,False,pilot_logodds_distinctive_ngram
TH021,Conflict Resolution,fukuda parr,fukuda parr,5.014218774848583,1,0,False,pilot_logodds_distinctive_ngram
TH021,Conflict Resolution,told,told,5.014218774848583,2,0,False,pilot_logodds_distinctive_ngram
TH021,Conflict Resolution,franchising,franchising,5.014218774848583,2,0,False,pilot_logodds_distinctive_ngram
TH021,Conflict Resolution,corn laws,corn laws,5.014218774848583,1,1,False,pilot_logodds_distinctive_ngram
TH021,Conflict Resolution,fukuda,fukuda,5.014218774848583,1,0,False,pilot_logodds_distinctive_ngram
TH021,Conflict Resolution,parr,parr,5.014218774848583,1,0,False,pilot_logodds_distinctive_ngram
TH021,Conflict Resolution,abbott snidal governance,abbott snidal governance,5.014218774848583,1,1,True,pilot_logodds_distinctive_ngram
TH021,Conflict Resolution,schumpeter,schumpeter,5.014218774848583,1,0,False,pilot_logodds_distinctive_ngram
TH021,Conflict Resolution,percentage world trade,percentage world trade,5.013898233988851,0,0,False,pilot_logodds_distinctive_ngram
TH021,Conflict Resolution,epistemic communities subject,epistemic communities subject,5.013898233988851,0,0,False,pilot_logodds_distinctive_ngram
TH021,Conflict Resolution,ozone action programme,ozone action programme,5.013898233988851,1,0,False,pilot_logodds_distinctive_ngram
TH021,Conflict Resolution,epistemic beliefs,epistemic beliefs,5.013898233988851,1,0,False,pilot_logodds_distinctive_ngram
TH021,Conflict Resolution,michael barnett martha,michael barnett martha,5.013898233988851,1,0,True,pilot_logodds_distinctive_ngram
TH021,Conflict Resolution,training officials,training officials,5.013898233988851,1,0,False,pilot_logodds_distinctive_ngram
TH021,Conflict Resolution,triggers,triggers,5.013898233988851,1,0,False,pilot_logodds_distinctive_ngram
TH021,Conflict Resolution,weyland,weyland,5.013898233988851,1,0,False,pilot_logodds_distinctive_ngram
TH021,Conflict Resolution,economics research wider,economics research wider,5.013898233988851,2,0,False,pilot_logodds_distinctive_ngram
TH021,Conflict Resolution,comprehensive security,comprehensive security,5.013898233988851,1,0,False,pilot_logodds_distinctive_ngram
TH021,Conflict Resolution,orenstein,orenstein,5.013898233988851,1,0,False,pilot_logodds_distinctive_ngram
TH022,Monitoring and Evaluation,program emep,program emep,6.715889472732496,1,0,False,pilot_logodds_distinctive_ngram
TH022,Monitoring and Evaluation,partner countries,partner countries,5.280549570982334,1,1,False,pilot_logodds_distinctive_ngram
TH022,Monitoring and Evaluation,influence actors,influence actors,5.280549570982334,0,0,False,pilot_logodds_distinctive_ngram
TH022,Monitoring and Evaluation,identify research questions,identify research questions,5.280549570982334,1,0,False,pilot_logodds_distinctive_ngram
TH022,Monitoring and Evaluation,identify research,identify research,5.280549570982334,1,0,False,pilot_logodds_distinctive_ngram
TH022,Monitoring and Evaluation,uses term,uses term,5.280549570982334,0,0,False,pilot_logodds_distinctive_ngram
TH022,Monitoring and Evaluation,global complexity,global complexity,5.280549570982334,1,0,False,pilot_logodds_distinctive_ngram
TH022,Monitoring and Evaluation,imbalances,imbalances,5.280549570982334,2,0,False,pilot_logodds_distinctive_ngram
TH022,Monitoring and Evaluation,emep,emep,4.770224025281339,2,0,False,pilot_logodds_distinctive_ngram
TH022,Monitoring and Evaluation,commitments member states,commitments member states,4.769721799417729,0,0,False,pilot_logodds_distinctive_ngram
TH022,Monitoring and Evaluation,code international,code international,4.769721799417729,2,0,False,pilot_logodds_distinctive_ngram
TH022,Monitoring and Evaluation,commitments member,commitments member,4.769721799417729,0,0,False,pilot_logodds_distinctive_ngram
TH022,Monitoring and Evaluation,research questions,research questions,4.769721799417729,1,0,False,pilot_logodds_distinctive_ngram
TH022,Monitoring and Evaluation,symmetry,symmetry,4.769721799417729,1,0,False,pilot_logodds_distinctive_ngram
TH022,Monitoring and Evaluation,nuance,nuance,4.769721799417729,2,0,False,pilot_logodds_distinctive_ngram
TH022,Monitoring and Evaluation,gems,gems,4.769721799417729,3,0,False,pilot_logodds_distinctive_ngram
TH022,Monitoring and Evaluation,acidification information,acidification information,4.769470782658029,1,1,False,pilot_logodds_distinctive_ngram
TH022,Monitoring and Evaluation,needed meet commitments,needed meet commitments,4.769470782658029,0,0,False,pilot_logodds_distinctive_ngram
TH022,Monitoring and Evaluation,responsibility donors recipient,responsibility donors recipient,4.769470782658029,0,0,False,pilot_logodds_distinctive_ngram
TH022,Monitoring and Evaluation,participants monitor reflect,participants monitor reflect,4.769470782658029,0,2,False,pilot_logodds_distinctive_ngram
TH022,Monitoring and Evaluation,legitimacy means,legitimacy means,4.769470782658029,1,1,False,pilot_logodds_distinctive_ngram
TH022,Monitoring and Evaluation,responsibility donors,responsibility donors,4.769470782658029,0,0,False,pilot_logodds_distinctive_ngram
TH022,Monitoring and Evaluation,strong environmental presence,strong environmental presence,4.769470782658029,1,0,False,pilot_logodds_distinctive_ngram
TH022,Monitoring and Evaluation,needs account views,needs account views,4.769470782658029,0,1,False,pilot_logodds_distinctive_ngram
TH022,Monitoring and Evaluation,differences knowledge,differences knowledge,4.769470782658029,0,0,False,pilot_logodds_distinctive_ngram
TH022,Monitoring and Evaluation,differences understanding communication,differences understanding communication,4.769470782658029,0,0,False,pilot_logodds_distinctive_ngram
TH022,Monitoring and Evaluation,convene panels,convene panels,4.769470782658029,1,0,False,pilot_logodds_distinctive_ngram
TH022,Monitoring and Evaluation,deﬁned paris declaration,deﬁned paris declaration,4.769470782658029,0,0,False,pilot_logodds_distinctive_ngram
TH022,Monitoring and Evaluation,deﬁned paris,deﬁned paris,4.769470782658029,0,0,False,pilot_logodds_distinctive_ngram
TH022,Monitoring and Evaluation,secretariats play,secretariats play,4.769470782658029,2,0,False,pilot_logodds_distinctive_ngram
TH022,Monitoring and Evaluation,volume international,volume international,4.769470782658029,1,0,False,pilot_logodds_distinctive_ngram
TH022,Monitoring and Evaluation,policies experiments,policies experiments,4.769470782658029,0,0,False,pilot_logodds_distinctive_ngram
TH022,Monitoring and Evaluation,application truth,application truth,4.769470782658029,0,0,False,pilot_logodds_distinctive_ngram
TH022,Monitoring and Evaluation,performance fulﬁlling international,performance fulﬁlling international,4.769470782658029,0,0,False,pilot_logodds_distinctive_ngram
TH022,Monitoring and Evaluation,policies experiments participants,policies experiments participants,4.769470782658029,0,1,False,pilot_logodds_distinctive_ngram
TH022,Monitoring and Evaluation,achieve highly effective,achieve highly effective,4.769470782658029,1,0,False,pilot_logodds_distinctive_ngram
TH022,Monitoring and Evaluation,achieve highly,achieve highly,4.769470782658029,1,0,False,pilot_logodds_distinctive_ngram
TH022,Monitoring and Evaluation,convene panels develop,convene panels develop,4.769470782658029,0,0,False,pilot_logodds_distinctive_ngram
TH022,Monitoring and Evaluation,participants monitor,participants monitor,4.769470782658029,1,2,False,pilot_logodds_distinctive_ngram
TH022,Monitoring and Evaluation,provides important,provides important,4.769470782658029,2,0,False,pilot_logodds_distinctive_ngram
TH022,Monitoring and Evaluation,members provide,members provide,4.769470782658029,0,0,False,pilot_logodds_distinctive_ngram
TH022,Monitoring and Evaluation,members neutral,members neutral,4.769470782658029,1,0,False,pilot_logodds_distinctive_ngram
TH022,Monitoring and Evaluation,undertake comprehensive,undertake comprehensive,4.769470782658029,0,0,False,pilot_logodds_distinctive_ngram
TH022,Monitoring and Evaluation,performance orchestration review,performance orchestration review,4.769470782658029,0,1,False,pilot_logodds_distinctive_ngram
TH022,Monitoring and Evaluation,control resources brown,control resources brown,4.769470782658029,1,0,False,pilot_logodds_distinctive_ngram
TH022,Monitoring and Evaluation,performance orchestration,performance orchestration,4.769470782658029,0,1,False,pilot_logodds_distinctive_ngram
TH022,Monitoring and Evaluation,agreements recently,agreements recently,4.769470782658029,0,0,False,pilot_logodds_distinctive_ngram
TH022,Monitoring and Evaluation,dieback,dieback,4.769470782658029,1,0,False,pilot_logodds_distinctive_ngram
TH022,Monitoring and Evaluation,single funder political,single funder political,4.769470782658029,0,0,False,pilot_logodds_distinctive_ngram
TH023,Ethical Governance,systems sectors,systems sectors,6.899417709761183,0,0,False,pilot_logodds_distinctive_ngram
TH023,Ethical Governance,efforts promote,efforts promote,5.800803280627138,0,0,False,pilot_logodds_distinctive_ngram
TH023,Ethical Governance,draft political declaration,draft political declaration,5.800803280627138,1,0,False,pilot_logodds_distinctive_ngram
TH023,Ethical Governance,policy arenas,policy arenas,5.800803280627138,2,0,False,pilot_logodds_distinctive_ngram
TH023,Ethical Governance,draft political,draft political,5.800803280627138,1,0,False,pilot_logodds_distinctive_ngram
TH023,Ethical Governance,ethic,ethic,5.626872381468328,1,0,False,pilot_logodds_distinctive_ngram
TH023,Ethical Governance,future present,future present,5.289553208637457,0,0,False,pilot_logodds_distinctive_ngram
TH023,Ethical Governance,alien species,alien species,5.289553208637457,2,0,False,pilot_logodds_distinctive_ngram
TH023,Ethical Governance,adequate global,adequate global,5.289553208637457,2,0,False,pilot_logodds_distinctive_ngram
TH023,Ethical Governance,promote ethic,promote ethic,5.289553208637457,0,0,False,pilot_logodds_distinctive_ngram
TH023,Ethical Governance,elements international,elements international,5.289553208637457,0,0,False,pilot_logodds_distinctive_ngram
TH023,Ethical Governance,ability institutions,ability institutions,5.289553208637457,0,1,False,pilot_logodds_distinctive_ngram
TH023,Ethical Governance,government private sector,government private sector,5.289553208637457,0,1,False,pilot_logodds_distinctive_ngram
TH023,Ethical Governance,international civil society,international civil society,5.289553208637457,2,0,False,pilot_logodds_distinctive_ngram
TH023,Ethical Governance,regard financial,regard financial,5.289553208637457,0,0,False,pilot_logodds_distinctive_ngram
TH023,Ethical Governance,cbd strategic plan,cbd strategic plan,5.289553208637457,1,0,False,pilot_logodds_distinctive_ngram
TH023,Ethical Governance,government private,government private,5.289553208637457,0,1,False,pilot_logodds_distinctive_ngram
TH023,Ethical Governance,managing complex,managing complex,5.289553208637457,2,0,False,pilot_logodds_distinctive_ngram
TH023,Ethical Governance,today propel,today propel,5.289553208637457,1,0,False,pilot_logodds_distinctive_ngram
TH023,Ethical Governance,consensual views,consensual views,5.289553208637457,1,0,False,pilot_logodds_distinctive_ngram
TH023,Ethical Governance,participation means,participation means,5.289553208637457,0,1,False,pilot_logodds_distinctive_ngram
TH023,Ethical Governance,management support,management support,5.289553208637457,1,0,False,pilot_logodds_distinctive_ngram
TH023,Ethical Governance,nations millennium development,nations millennium development,5.289553208637457,2,0,False,pilot_logodds_distinctive_ngram
TH023,Ethical Governance,increased role,increased role,5.289553208637457,2,0,False,pilot_logodds_distinctive_ngram
TH023,Ethical Governance,significant reduction rate,significant reduction rate,5.289553208637457,0,0,False,pilot_logodds_distinctive_ngram
TH023,Ethical Governance,conceptual linkage,conceptual linkage,5.289553208637457,1,0,False,pilot_logodds_distinctive_ngram
TH023,Ethical Governance,impacts sectors,impacts sectors,5.289553208637457,0,0,False,pilot_logodds_distinctive_ngram
TH023,Ethical Governance,recognized process,recognized process,5.289553208637457,1,0,False,pilot_logodds_distinctive_ngram
TH023,Ethical Governance,increase transparency,increase transparency,5.289553208637457,1,1,False,pilot_logodds_distinctive_ngram
TH023,Ethical Governance,management approach,management approach,5.289553208637457,1,0,False,pilot_logodds_distinctive_ngram
TH023,Ethical Governance,cbd strategic,cbd strategic,5.289553208637457,1,0,False,pilot_logodds_distinctive_ngram
TH023,Ethical Governance,acting common differentiated,acting common differentiated,5.289553208637457,0,0,False,pilot_logodds_distinctive_ngram
TH023,Ethical Governance,impartially,impartially,5.289553208637457,1,0,False,pilot_logodds_distinctive_ngram
TH023,Ethical Governance,principles effective,principles effective,5.289553208637457,0,0,False,pilot_logodds_distinctive_ngram
TH023,Ethical Governance,chair preparatory,chair preparatory,5.289553208637457,0,0,False,pilot_logodds_distinctive_ngram
TH023,Ethical Governance,learning local level,learning local level,5.289553208637457,0,0,False,pilot_logodds_distinctive_ngram
TH023,Ethical Governance,systems effectively,systems effectively,5.289553208637457,1,0,False,pilot_logodds_distinctive_ngram
TH023,Ethical Governance,principle national sovereignty,principle national sovereignty,5.289553208637457,0,0,False,pilot_logodds_distinctive_ngram
TH023,Ethical Governance,required states,required states,5.289553208637457,1,0,False,pilot_logodds_distinctive_ngram
TH023,Ethical Governance,principle national,principle national,5.289553208637457,0,0,False,pilot_logodds_distinctive_ngram
TH023,Ethical Governance,activities effective,activities effective,5.289553208637457,1,0,False,pilot_logodds_distinctive_ngram
TH023,Ethical Governance,silo mentality,silo mentality,5.289553208637457,1,0,False,pilot_logodds_distinctive_ngram
TH023,Ethical Governance,knowledge global,knowledge global,5.289553208637457,1,0,False,pilot_logodds_distinctive_ngram
TH023,Ethical Governance,hendrickson,hendrickson,5.289553208637457,1,0,False,pilot_logodds_distinctive_ngram
TH023,Ethical Governance,rules game,rules game,5.289553208637457,0,1,False,pilot_logodds_distinctive_ngram
TH023,Ethical Governance,deliberative process,deliberative process,5.289553208637457,1,0,False,pilot_logodds_distinctive_ngram
TH023,Ethical Governance,silo,silo,5.289553208637457,1,0,False,pilot_logodds_distinctive_ngram
TH023,Ethical Governance,states adhere,states adhere,5.289553208637457,0,0,False,pilot_logodds_distinctive_ngram
TH023,Ethical Governance,requisite diversity,requisite diversity,5.289553208637457,1,0,False,pilot_logodds_distinctive_ngram
TH024,Intergenerational Equity,space time,space time,6.46072217407471,1,0,False,pilot_logodds_distinctive_ngram
TH024,Intergenerational Equity,compartments,compartments,6.46072217407471,1,0,False,pilot_logodds_distinctive_ngram
TH024,Intergenerational Equity,growing number public,growing number public,5.949894415025731,0,1,False,pilot_logodds_distinctive_ngram
TH024,Intergenerational Equity,structure use,structure use,5.949077549443939,0,0,False,pilot_logodds_distinctive_ngram
TH024,Intergenerational Equity,difficult predict stabilize,difficult predict stabilize,5.949077549443939,0,0,False,pilot_logodds_distinctive_ngram
TH024,Intergenerational Equity,policy today,policy today,5.949077549443939,2,0,False,pilot_logodds_distinctive_ngram
TH024,Intergenerational Equity,studied terms,studied terms,5.949077549443939,0,0,False,pilot_logodds_distinctive_ngram
TH024,Intergenerational Equity,challenges current,challenges current,5.949077549443939,0,0,False,pilot_logodds_distinctive_ngram
TH024,Intergenerational Equity,world live,world live,5.949077549443939,0,0,False,pilot_logodds_distinctive_ngram
TH024,Intergenerational Equity,created operational,created operational,5.949077549443939,0,0,False,pilot_logodds_distinctive_ngram
TH024,Intergenerational Equity,global publicpolicy,global publicpolicy,5.949077549443939,2,1,False,pilot_logodds_distinctive_ngram
TH024,Intergenerational Equity,lack awareness,lack awareness,5.949077549443939,0,0,False,pilot_logodds_distinctive_ngram
TH024,Intergenerational Equity,issue packages,issue packages,5.949077549443939,1,0,False,pilot_logodds_distinctive_ngram
TH024,Intergenerational Equity,nondecomposable problems effective,nondecomposable problems effective,5.949077549443939,0,0,False,pilot_logodds_distinctive_ngram
TH024,Intergenerational Equity,daunting complexity,daunting complexity,5.949077549443939,1,0,False,pilot_logodds_distinctive_ngram
TH024,Intergenerational Equity,politics time,politics time,5.949077549443939,0,0,False,pilot_logodds_distinctive_ngram
TH024,Intergenerational Equity,organizations force,organizations force,5.949077549443939,0,0,False,pilot_logodds_distinctive_ngram
TH024,Intergenerational Equity,created operational gap,created operational gap,5.949077549443939,0,0,False,pilot_logodds_distinctive_ngram
TH024,Intergenerational Equity,difficult predict,difficult predict,5.949077549443939,0,0,False,pilot_logodds_distinctive_ngram
TH024,Intergenerational Equity,economic relations intertwined,economic relations intertwined,5.949077549443939,0,0,False,pilot_logodds_distinctive_ngram
TH024,Intergenerational Equity,growing reliance,growing reliance,5.949077549443939,2,0,False,pilot_logodds_distinctive_ngram
TH024,Intergenerational Equity,financial crisis,financial crisis,5.949077549443939,1,0,False,pilot_logodds_distinctive_ngram
TH024,Intergenerational Equity,revolution information technology,revolution information technology,5.949077549443939,0,1,False,pilot_logodds_distinctive_ngram
TH024,Intergenerational Equity,revolution information,revolution information,5.949077549443939,0,1,False,pilot_logodds_distinctive_ngram
TH024,Intergenerational Equity,make informed,make informed,5.949077549443939,1,1,False,pilot_logodds_distinctive_ngram
TH024,Intergenerational Equity,make informed decisions,make informed decisions,5.949077549443939,1,1,False,pilot_logodds_distinctive_ngram
TH024,Intergenerational Equity,problems effective,problems effective,5.949077549443939,0,0,False,pilot_logodds_distinctive_ngram
TH024,Intergenerational Equity,relations intertwined,relations intertwined,5.949077549443939,0,0,False,pilot_logodds_distinctive_ngram
TH024,Intergenerational Equity,nations forum,nations forum,5.949077549443939,2,0,False,pilot_logodds_distinctive_ngram
TH024,Intergenerational Equity,react quickly,react quickly,5.949077549443939,1,0,False,pilot_logodds_distinctive_ngram
TH024,Intergenerational Equity,catalysts,catalysts,5.949077549443939,1,0,False,pilot_logodds_distinctive_ngram
TH024,Intergenerational Equity,arms trade,arms trade,5.949077549443939,2,0,False,pilot_logodds_distinctive_ngram
TH024,Intergenerational Equity,reaching decisions,reaching decisions,5.949077549443939,1,0,False,pilot_logodds_distinctive_ngram
TH024,Intergenerational Equity,change transformed,change transformed,5.949077549443939,0,0,False,pilot_logodds_distinctive_ngram
TH024,Intergenerational Equity,change transformed way,change transformed way,5.949077549443939,0,0,False,pilot_logodds_distinctive_ngram
TH024,Intergenerational Equity,growing recognition,growing recognition,5.949077549443939,2,0,False,pilot_logodds_distinctive_ngram
TH024,Intergenerational Equity,public goods provided,public goods provided,5.949077549443939,1,1,False,pilot_logodds_distinctive_ngram
TH024,Intergenerational Equity,processes far,processes far,5.949077549443939,0,0,False,pilot_logodds_distinctive_ngram
TH024,Intergenerational Equity,driven political,driven political,5.949077549443939,0,0,False,pilot_logodds_distinctive_ngram
TH024,Intergenerational Equity,actors numerous,actors numerous,5.949077549443939,1,0,False,pilot_logodds_distinctive_ngram
TH024,Intergenerational Equity,nations forum forests,nations forum forests,5.949077549443939,0,0,False,pilot_logodds_distinctive_ngram
TH024,Intergenerational Equity,actors various sectors,actors various sectors,5.949077549443939,0,0,False,pilot_logodds_distinctive_ngram
TH024,Intergenerational Equity,challenge public,challenge public,5.949077549443939,0,1,False,pilot_logodds_distinctive_ngram
TH024,Intergenerational Equity,governance core,governance core,5.949077549443939,0,1,False,pilot_logodds_distinctive_ngram
TH024,Intergenerational Equity,consultation processes,consultation processes,5.949077549443939,1,0,False,pilot_logodds_distinctive_ngram
TH024,Intergenerational Equity,countries future,countries future,5.949077549443939,2,0,False,pilot_logodds_distinctive_ngram
TH024,Intergenerational Equity,organization able,organization able,5.949077549443939,0,0,False,pilot_logodds_distinctive_ngram
TH024,Intergenerational Equity,area size,area size,5.949077549443939,0,0,False,pilot_logodds_distinctive_ngram
TH024,Intergenerational Equity,transformed way information,transformed way information,5.949077549443939,0,1,False,pilot_logodds_distinctive_ngram
TH024,Intergenerational Equity,transformed way,transformed way,5.949077549443939,0,0,False,pilot_logodds_distinctive_ngram
TH024,Intergenerational Equity,damaged,damaged,5.949077549443939,1,0,False,pilot_logodds_distinctive_ngram
TH024,Intergenerational Equity,capacities state,capacities state,5.949077549443939,0,0,False,pilot_logodds_distinctive_ngram
TH024,Intergenerational Equity,earth climate,earth climate,5.949077549443939,2,0,False,pilot_logodds_distinctive_ngram
TH024,Intergenerational Equity,effective solutions,effective solutions,5.949077549443939,1,0,False,pilot_logodds_distinctive_ngram
TH024,Intergenerational Equity,substantive issue,substantive issue,5.949077549443939,1,0,False,pilot_logodds_distinctive_ngram
TH024,Intergenerational Equity,development programme united,development programme united,5.949077549443939,1,0,False,pilot_logodds_distinctive_ngram
TH024,Intergenerational Equity,functional domain,functional domain,5.949077549443939,1,0,False,pilot_logodds_distinctive_ngram
TH024,Intergenerational Equity,drastically,drastically,5.949077549443939,2,0,False,pilot_logodds_distinctive_ngram
TH025,Public Trust,water utilities,water utilities,6.521407406999681,1,0,False,pilot_logodds_distinctive_ngram
TH025,Public Trust,operator,operator,6.269930059200656,1,0,False,pilot_logodds_distinctive_ngram
TH025,Public Trust,utilities,utilities,5.934107502024844,2,0,False,pilot_logodds_distinctive_ngram
TH025,Public Trust,trisectoral coalitions,trisectoral coalitions,5.933294929599771,1,0,False,pilot_logodds_distinctive_ngram
TH025,Public Trust,regulation private,regulation private,5.933294929599771,0,0,False,pilot_logodds_distinctive_ngram
TH025,Public Trust,introduction private,introduction private,5.933294929599771,0,0,False,pilot_logodds_distinctive_ngram
TH025,Public Trust,regulation private sector,regulation private sector,5.933294929599771,0,0,False,pilot_logodds_distinctive_ngram
TH025,Public Trust,climate regime,climate regime,5.933294929599771,1,1,False,pilot_logodds_distinctive_ngram
TH025,Public Trust,governments igos,governments igos,5.933294929599771,1,1,False,pilot_logodds_distinctive_ngram
TH025,Public Trust,regulation water,regulation water,5.933294929599771,1,0,False,pilot_logodds_distinctive_ngram
TH025,Public Trust,actors sensitive issue,actors sensitive issue,5.933294929599771,0,0,False,pilot_logodds_distinctive_ngram
TH025,Public Trust,regulation water utilities,regulation water utilities,5.933294929599771,1,0,False,pilot_logodds_distinctive_ngram
TH025,Public Trust,sensitive issue area,sensitive issue area,5.933294929599771,1,0,False,pilot_logodds_distinctive_ngram
TH025,Public Trust,private interactions,private interactions,5.933294929599771,1,0,False,pilot_logodds_distinctive_ngram
TH025,Public Trust,governance legitimacy,governance legitimacy,5.933294929599771,0,2,False,pilot_logodds_distinctive_ngram
TH025,Public Trust,actors sensitive,actors sensitive,5.933294929599771,0,0,False,pilot_logodds_distinctive_ngram
TH025,Public Trust,reconciliation,reconciliation,5.933294929599771,1,0,False,pilot_logodds_distinctive_ngram
TH025,Public Trust,attention international community,attention international community,5.933294929599771,0,0,False,pilot_logodds_distinctive_ngram
TH025,Public Trust,diverse actors sensitive,diverse actors sensitive,5.933294929599771,0,0,False,pilot_logodds_distinctive_ngram
TH025,Public Trust,diverse actors,diverse actors,5.933294929599771,1,0,False,pilot_logodds_distinctive_ngram
TH025,Public Trust,legitimacy democratic institutions,legitimacy democratic institutions,5.933294929599771,0,2,False,pilot_logodds_distinctive_ngram
TH025,Public Trust,governance legitimacy democratic,governance legitimacy democratic,5.933294929599771,0,2,False,pilot_logodds_distinctive_ngram
TH025,Public Trust,private standards,private standards,5.422792960387315,1,0,False,pilot_logodds_distinctive_ngram
TH025,Public Trust,oegd,oegd,5.17131561258829,1,0,False,pilot_logodds_distinctive_ngram
TH025,Public Trust,private institutions,private institutions,5.17131561258829,1,1,False,pilot_logodds_distinctive_ngram
TH025,Public Trust,gpp networks respond,gpp networks respond,4.834680482987404,1,1,False,pilot_logodds_distinctive_ngram
TH025,Public Trust,orts,orts,4.834680482987404,1,0,False,pilot_logodds_distinctive_ngram
TH025,Public Trust,reeep,reeep,4.834680482987404,1,0,False,pilot_logodds_distinctive_ngram
TH025,Public Trust,decentralize,decentralize,4.834680482987404,2,0,False,pilot_logodds_distinctive_ngram
TH025,Public Trust,geography time,geography time,4.834680482987404,1,0,False,pilot_logodds_distinctive_ngram
TH025,Public Trust,factors best,factors best,4.834680482987404,1,0,False,pilot_logodds_distinctive_ngram
TH025,Public Trust,special thanks,special thanks,4.834680482987404,1,0,False,pilot_logodds_distinctive_ngram
TH025,Public Trust,büthe global private,büthe global private,4.834680482987404,1,0,False,pilot_logodds_distinctive_ngram
TH025,Public Trust,countries governance systems,countries governance systems,4.834680482987404,1,1,False,pilot_logodds_distinctive_ngram
TH025,Public Trust,countries governance,countries governance,4.834680482987404,1,1,False,pilot_logodds_distinctive_ngram
TH025,Public Trust,non rival,non rival,4.834680482987404,1,0,False,pilot_logodds_distinctive_ngram
TH025,Public Trust,büthe global,büthe global,4.834680482987404,1,0,False,pilot_logodds_distinctive_ngram
TH025,Public Trust,sovereign right,sovereign right,4.834680482987404,2,0,False,pilot_logodds_distinctive_ngram
TH025,Public Trust,sensitive issue,sensitive issue,4.834680482987404,2,0,False,pilot_logodds_distinctive_ngram
TH025,Public Trust,remarks,remarks,4.834680482987404,2,0,False,pilot_logodds_distinctive_ngram
TH025,Public Trust,igos engage,igos engage,4.834680482987404,1,0,False,pilot_logodds_distinctive_ngram
TH025,Public Trust,private operators,private operators,4.834680482987404,1,0,False,pilot_logodds_distinctive_ngram
TH025,Public Trust,schäferhoff,schäferhoff,4.834680482987404,1,0,False,pilot_logodds_distinctive_ngram
TH025,Public Trust,falkner,falkner,4.776324425624993,1,0,False,pilot_logodds_distinctive_ngram
TH025,Public Trust,intangible,intangible,4.776324425624993,1,0,False,pilot_logodds_distinctive_ngram
TH026,Data Driven Governance,draft political,draft political,6.0106179422100965,1,0,False,pilot_logodds_distinctive_ngram
TH026,Data Driven Governance,policy arenas,policy arenas,6.0106179422100965,2,0,False,pilot_logodds_distinctive_ngram
TH026,Data Driven Governance,draft political declaration,draft political declaration,6.0106179422100965,1,0,False,pilot_logodds_distinctive_ngram
TH026,Data Driven Governance,efforts promote,efforts promote,6.0106179422100965,0,0,False,pilot_logodds_distinctive_ngram
TH026,Data Driven Governance,knowledge global,knowledge global,5.499269305879882,1,0,False,pilot_logodds_distinctive_ngram
TH026,Data Driven Governance,affect biodiversity,affect biodiversity,5.499269305879882,1,0,False,pilot_logodds_distinctive_ngram
TH026,Data Driven Governance,organizational theorists,organizational theorists,5.499269305879882,1,0,False,pilot_logodds_distinctive_ngram
TH026,Data Driven Governance,gaps remain,gaps remain,5.499269305879882,1,0,False,pilot_logodds_distinctive_ngram
TH026,Data Driven Governance,increased role,increased role,5.499269305879882,2,0,False,pilot_logodds_distinctive_ngram
TH026,Data Driven Governance,conceptual linkage,conceptual linkage,5.499269305879882,1,0,False,pilot_logodds_distinctive_ngram
TH026,Data Driven Governance,com news,com news,5.499269305879882,2,0,False,pilot_logodds_distinctive_ngram
TH026,Data Driven Governance,interested establishing,interested establishing,5.499269305879882,0,0,False,pilot_logodds_distinctive_ngram
TH026,Data Driven Governance,begun consider,begun consider,5.499269305879882,0,0,False,pilot_logodds_distinctive_ngram
TH026,Data Driven Governance,reduction rate,reduction rate,5.499269305879882,0,0,False,pilot_logodds_distinctive_ngram
TH026,Data Driven Governance,alien species,alien species,5.499269305879882,2,0,False,pilot_logodds_distinctive_ngram
TH026,Data Driven Governance,activities effective,activities effective,5.499269305879882,1,0,False,pilot_logodds_distinctive_ngram
TH026,Data Driven Governance,multilateralism general,multilateralism general,5.499269305879882,0,0,False,pilot_logodds_distinctive_ngram
TH026,Data Driven Governance,resources regional,resources regional,5.499269305879882,0,0,False,pilot_logodds_distinctive_ngram
TH026,Data Driven Governance,protection economic development,protection economic development,5.499269305879882,1,0,False,pilot_logodds_distinctive_ngram
TH026,Data Driven Governance,cbd strategic plan,cbd strategic plan,5.499269305879882,1,0,False,pilot_logodds_distinctive_ngram
TH026,Data Driven Governance,cbd strategic,cbd strategic,5.499269305879882,1,0,False,pilot_logodds_distinctive_ngram
TH026,Data Driven Governance,resources monitor,resources monitor,5.499269305879882,0,1,False,pilot_logodds_distinctive_ngram
TH026,Data Driven Governance,extraction,extraction,5.499269305879882,1,0,False,pilot_logodds_distinctive_ngram
TH026,Data Driven Governance,goals promoting,goals promoting,5.499269305879882,1,0,False,pilot_logodds_distinctive_ngram
TH026,Data Driven Governance,adequate global,adequate global,5.499269305879882,2,0,False,pilot_logodds_distinctive_ngram
TH026,Data Driven Governance,offshore oil gas,offshore oil gas,5.499269305879882,0,0,False,pilot_logodds_distinctive_ngram
TH026,Data Driven Governance,setting framing,setting framing,5.499269305879882,1,0,False,pilot_logodds_distinctive_ngram
TH026,Data Driven Governance,direct economic,direct economic,5.499269305879882,2,0,False,pilot_logodds_distinctive_ngram
TH026,Data Driven Governance,development scale,development scale,5.499269305879882,0,0,False,pilot_logodds_distinctive_ngram
TH026,Data Driven Governance,consensual views,consensual views,5.499269305879882,1,0,False,pilot_logodds_distinctive_ngram
TH026,Data Driven Governance,like global,like global,5.499269305879882,1,0,False,pilot_logodds_distinctive_ngram
TH026,Data Driven Governance,chair preparatory,chair preparatory,5.499269305879882,0,0,False,pilot_logodds_distinctive_ngram
TH026,Data Driven Governance,msangi,msangi,5.499269305879882,1,0,False,pilot_logodds_distinctive_ngram
TH026,Data Driven Governance,institutions actors,institutions actors,5.499269305879882,1,1,False,pilot_logodds_distinctive_ngram
TH026,Data Driven Governance,international civil society,international civil society,5.499269305879882,2,0,False,pilot_logodds_distinctive_ngram
TH026,Data Driven Governance,solely national,solely national,5.499269305879882,1,0,False,pilot_logodds_distinctive_ngram
TH026,Data Driven Governance,resources achieve compliance,resources achieve compliance,5.499269305879882,0,1,False,pilot_logodds_distinctive_ngram
TH026,Data Driven Governance,resources achieve,resources achieve,5.499269305879882,0,0,False,pilot_logodds_distinctive_ngram
TH026,Data Driven Governance,strengthening multilateralism,strengthening multilateralism,5.499269305879882,0,0,False,pilot_logodds_distinctive_ngram
TH026,Data Driven Governance,development peter haas,development peter haas,5.499269305879882,2,0,False,pilot_logodds_distinctive_ngram
TH026,Data Driven Governance,development peter,development peter,5.499269305879882,2,0,False,pilot_logodds_distinctive_ngram
TH026,Data Driven Governance,principle national,principle national,5.499269305879882,0,0,False,pilot_logodds_distinctive_ngram
TH026,Data Driven Governance,msangi et,msangi et,5.499269305879882,1,0,False,pilot_logodds_distinctive_ngram
TH026,Data Driven Governance,msangi et al,msangi et al,5.499269305879882,1,0,False,pilot_logodds_distinctive_ngram
TH027,Intergovernmental Treaty Secretariats,public nonstate,public nonstate,7.28922433486289,1,1,False,pilot_logodds_distinctive_ngram
TH027,Intergovernmental Treaty Secretariats,arendt,arendt,7.1219282366457834,1,0,False,pilot_logodds_distinctive_ngram
TH027,Intergovernmental Treaty Secretariats,bear bureaucratic,bear bureaucratic,6.921015586186082,1,0,False,pilot_logodds_distinctive_ngram
TH027,Intergovernmental Treaty Secretariats,public nonstate actors,public nonstate actors,6.921015586186082,1,1,False,pilot_logodds_distinctive_ngram
TH027,Intergovernmental Treaty Secretariats,ozone secretariat desertiªcation,ozone secretariat desertiªcation,6.6694592614356845,0,0,False,pilot_logodds_distinctive_ngram
TH027,Intergovernmental Treaty Secretariats,respective regime,respective regime,6.6694592614356845,1,1,False,pilot_logodds_distinctive_ngram
TH027,Intergovernmental Treaty Secretariats,bureaucratic organizations,bureaucratic organizations,6.6694592614356845,1,0,False,pilot_logodds_distinctive_ngram
TH027,Intergovernmental Treaty Secretariats,bureaucratic personalities,bureaucratic personalities,6.6694592614356845,1,0,False,pilot_logodds_distinctive_ngram
TH027,Intergovernmental Treaty Secretariats,bear bureaucratic authority,bear bureaucratic authority,6.6694592614356845,1,1,False,pilot_logodds_distinctive_ngram
TH027,Intergovernmental Treaty Secretariats,hannah,hannah,6.6694592614356845,1,0,False,pilot_logodds_distinctive_ngram
TH027,Intergovernmental Treaty Secretariats,regime dynamics,regime dynamics,6.6694592614356845,1,1,False,pilot_logodds_distinctive_ngram
TH027,Intergovernmental Treaty Secretariats,difference ways,difference ways,6.6694592614356845,0,0,False,pilot_logodds_distinctive_ngram
TH027,Intergovernmental Treaty Secretariats,bureaucratic authority,bureaucratic authority,6.632629201180623,1,1,False,pilot_logodds_distinctive_ngram
TH027,Intergovernmental Treaty Secretariats,sandford,sandford,6.333952813321768,1,0,False,pilot_logodds_distinctive_ngram
TH027,Intergovernmental Treaty Secretariats,bureaucratic personality,bureaucratic personality,6.333952813321768,1,0,False,pilot_logodds_distinctive_ngram
TH027,Intergovernmental Treaty Secretariats,source bureaucratic authority,source bureaucratic authority,6.332745186844732,0,1,False,pilot_logodds_distinctive_ngram
TH027,Intergovernmental Treaty Secretariats,source bureaucratic,source bureaucratic,6.332745186844732,0,0,False,pilot_logodds_distinctive_ngram
TH027,Intergovernmental Treaty Secretariats,peculiar,peculiar,6.332745186844732,1,0,False,pilot_logodds_distinctive_ngram
TH027,Intergovernmental Treaty Secretariats,ozone secretariat secretariat,ozone secretariat secretariat,6.332745186844732,1,0,False,pilot_logodds_distinctive_ngram
TH027,Intergovernmental Treaty Secretariats,thereof respect,thereof respect,6.332745186844732,0,0,False,pilot_logodds_distinctive_ngram
TH027,Intergovernmental Treaty Secretariats,concept authority,concept authority,6.332745186844732,0,1,False,pilot_logodds_distinctive_ngram
TH027,Intergovernmental Treaty Secretariats,authority use thereof,authority use thereof,6.332745186844732,0,1,False,pilot_logodds_distinctive_ngram
TH027,Intergovernmental Treaty Secretariats,authority use,authority use,6.332745186844732,0,1,False,pilot_logodds_distinctive_ngram
TH027,Intergovernmental Treaty Secretariats,depends activities,depends activities,6.332745186844732,0,0,False,pilot_logodds_distinctive_ngram
TH027,Intergovernmental Treaty Secretariats,authority public nonstate,authority public nonstate,6.332745186844732,0,2,False,pilot_logodds_distinctive_ngram
TH027,Intergovernmental Treaty Secretariats,protocol ozone secretariat,protocol ozone secretariat,6.332745186844732,0,0,False,pilot_logodds_distinctive_ngram
TH027,Intergovernmental Treaty Secretariats,signiªcantly,signiªcantly,6.332745186844732,1,0,False,pilot_logodds_distinctive_ngram
TH027,Intergovernmental Treaty Secretariats,authority differences authority,authority differences authority,6.332745186844732,0,1,False,pilot_logodds_distinctive_ngram
TH027,Intergovernmental Treaty Secretariats,authority bureaucratic,authority bureaucratic,6.332745186844732,0,1,False,pilot_logodds_distinctive_ngram
TH027,Intergovernmental Treaty Secretariats,respect secretariat,respect secretariat,6.332745186844732,0,0,False,pilot_logodds_distinctive_ngram
TH027,Intergovernmental Treaty Secretariats,means exert,means exert,6.332745186844732,0,0,False,pilot_logodds_distinctive_ngram
TH027,Intergovernmental Treaty Secretariats,thereof respect secretariat,thereof respect secretariat,6.332745186844732,0,0,False,pilot_logodds_distinctive_ngram
TH027,Intergovernmental Treaty Secretariats,thereof,thereof,6.332745186844732,1,0,False,pilot_logodds_distinctive_ngram
TH027,Intergovernmental Treaty Secretariats,attitudes behavior,attitudes behavior,6.332745186844732,0,0,False,pilot_logodds_distinctive_ngram
TH027,Intergovernmental Treaty Secretariats,authority differences,authority differences,6.332745186844732,0,1,False,pilot_logodds_distinctive_ngram
TH027,Intergovernmental Treaty Secretariats,loss authority,loss authority,6.332745186844732,0,1,False,pilot_logodds_distinctive_ngram
TH027,Intergovernmental Treaty Secretariats,type international organization,type international organization,6.332745186844732,0,0,False,pilot_logodds_distinctive_ngram
TH027,Intergovernmental Treaty Secretariats,use thereof respect,use thereof respect,6.332745186844732,0,0,False,pilot_logodds_distinctive_ngram
TH027,Intergovernmental Treaty Secretariats,overall effectiveness,overall effectiveness,6.332745186844732,1,0,False,pilot_logodds_distinctive_ngram
TH027,Intergovernmental Treaty Secretariats,civil servants employed,civil servants employed,6.332745186844732,1,0,False,pilot_logodds_distinctive_ngram
TH027,Intergovernmental Treaty Secretariats,activity authority,activity authority,6.332745186844732,0,1,False,pilot_logodds_distinctive_ngram
TH027,Intergovernmental Treaty Secretariats,political thought,political thought,6.332745186844732,1,0,False,pilot_logodds_distinctive_ngram
TH027,Intergovernmental Treaty Secretariats,speciªc bureaucratic,speciªc bureaucratic,6.332745186844732,1,0,False,pilot_logodds_distinctive_ngram
TH027,Intergovernmental Treaty Secretariats,ideal typical,ideal typical,6.332745186844732,1,0,False,pilot_logodds_distinctive_ngram
TH028,Institutional Strengthening Capacity,integrated management ecosystem,integrated management ecosystem,7.392999432843494,0,1,False,pilot_logodds_distinctive_ngram
TH028,Institutional Strengthening Capacity,management ecosystem approach,management ecosystem approach,7.392999432843494,0,0,False,pilot_logodds_distinctive_ngram
TH028,Institutional Strengthening Capacity,management ecosystem,management ecosystem,7.392999432843494,0,0,False,pilot_logodds_distinctive_ngram
TH028,Institutional Strengthening Capacity,regulatory frameworks horizontal,regulatory frameworks horizontal,7.056030918296463,1,0,False,pilot_logodds_distinctive_ngram
TH028,Institutional Strengthening Capacity,building integrated,building integrated,7.056030918296463,1,1,False,pilot_logodds_distinctive_ngram
TH028,Institutional Strengthening Capacity,cooperation vertical coherence,cooperation vertical coherence,7.056030918296463,1,1,False,pilot_logodds_distinctive_ngram
TH028,Institutional Strengthening Capacity,coordination cooperation vertical,coordination cooperation vertical,7.056030918296463,0,1,False,pilot_logodds_distinctive_ngram
TH028,Institutional Strengthening Capacity,building integrated management,building integrated management,7.056030918296463,1,1,False,pilot_logodds_distinctive_ngram
TH028,Institutional Strengthening Capacity,frameworks horizontal,frameworks horizontal,7.056030918296463,1,0,False,pilot_logodds_distinctive_ngram
TH028,Institutional Strengthening Capacity,vertical coherence good,vertical coherence good,7.056030918296463,1,1,False,pilot_logodds_distinctive_ngram
TH028,Institutional Strengthening Capacity,approach legal regulatory,approach legal regulatory,7.056030918296463,0,1,False,pilot_logodds_distinctive_ngram
TH028,Institutional Strengthening Capacity,approach legal,approach legal,7.056030918296463,1,1,False,pilot_logodds_distinctive_ngram
TH028,Institutional Strengthening Capacity,frameworks horizontal coordination,frameworks horizontal coordination,7.056030918296463,1,1,False,pilot_logodds_distinctive_ngram
TH028,Institutional Strengthening Capacity,coherence good,coherence good,7.056030918296463,1,1,False,pilot_logodds_distinctive_ngram
TH028,Institutional Strengthening Capacity,ecosystem approach legal,ecosystem approach legal,7.056030918296463,1,1,False,pilot_logodds_distinctive_ngram
TH028,Institutional Strengthening Capacity,coherence good governance,coherence good governance,7.056030918296463,1,2,False,pilot_logodds_distinctive_ngram
TH028,Institutional Strengthening Capacity,development poverty reduction,development poverty reduction,5.957416490719025,0,0,False,pilot_logodds_distinctive_ngram
TH028,Institutional Strengthening Capacity,vertical coherence,vertical coherence,5.957416490719025,1,1,False,pilot_logodds_distinctive_ngram
TH028,Institutional Strengthening Capacity,integrated management natural,integrated management natural,5.957416490719025,0,1,False,pilot_logodds_distinctive_ngram
TH028,Institutional Strengthening Capacity,cooperation vertical,cooperation vertical,5.957416490719025,1,0,False,pilot_logodds_distinctive_ngram
TH028,Institutional Strengthening Capacity,horizontal coordination cooperation,horizontal coordination cooperation,5.957416490719025,0,1,False,pilot_logodds_distinctive_ngram
TH028,Institutional Strengthening Capacity,legal regulatory frameworks,legal regulatory frameworks,5.447082867046474,0,1,False,pilot_logodds_distinctive_ngram
TH028,Institutional Strengthening Capacity,strategic implications,strategic implications,5.446588728039131,2,0,False,pilot_logodds_distinctive_ngram
TH028,Institutional Strengthening Capacity,commitments support,commitments support,5.446588728039131,0,0,False,pilot_logodds_distinctive_ngram
TH028,Institutional Strengthening Capacity,horizontal coordination,horizontal coordination,5.446588728039131,1,1,False,pilot_logodds_distinctive_ngram
TH028,Institutional Strengthening Capacity,spheres governance,spheres governance,5.446094835196831,0,1,False,pilot_logodds_distinctive_ngram
TH028,Institutional Strengthening Capacity,barriers effective governance,barriers effective governance,5.446094835196831,0,1,False,pilot_logodds_distinctive_ngram
TH028,Institutional Strengthening Capacity,governance recommendations,governance recommendations,5.446094835196831,1,1,False,pilot_logodds_distinctive_ngram
TH028,Institutional Strengthening Capacity,interests different,interests different,5.446094835196831,0,0,False,pilot_logodds_distinctive_ngram
TH028,Institutional Strengthening Capacity,overlap duplication activities,overlap duplication activities,5.446094835196831,0,0,False,pilot_logodds_distinctive_ngram
TH028,Institutional Strengthening Capacity,resulted inclusion,resulted inclusion,5.446094835196831,0,0,False,pilot_logodds_distinctive_ngram
TH028,Institutional Strengthening Capacity,specific theme,specific theme,5.446094835196831,1,0,False,pilot_logodds_distinctive_ngram
TH028,Institutional Strengthening Capacity,protocol nuclear non,protocol nuclear non,5.446094835196831,0,0,False,pilot_logodds_distinctive_ngram
TH028,Institutional Strengthening Capacity,strong commitment,strong commitment,5.446094835196831,1,0,False,pilot_logodds_distinctive_ngram
TH028,Institutional Strengthening Capacity,formal decision making,formal decision making,5.446094835196831,2,0,False,pilot_logodds_distinctive_ngram
TH028,Institutional Strengthening Capacity,formal decision,formal decision,5.446094835196831,2,0,False,pilot_logodds_distinctive_ngram
TH028,Institutional Strengthening Capacity,implement sustainable development,implement sustainable development,5.446094835196831,1,1,False,pilot_logodds_distinctive_ngram
TH028,Institutional Strengthening Capacity,challenge pointed,challenge pointed,5.446094835196831,1,0,False,pilot_logodds_distinctive_ngram
TH028,Institutional Strengthening Capacity,nations based mandates,nations based mandates,5.446094835196831,0,1,False,pilot_logodds_distinctive_ngram
TH028,Institutional Strengthening Capacity,programme work commission,programme work commission,5.446094835196831,0,0,False,pilot_logodds_distinctive_ngram
TH028,Institutional Strengthening Capacity,addressing gaps,addressing gaps,5.446094835196831,1,0,False,pilot_logodds_distinctive_ngram
TH028,Institutional Strengthening Capacity,final agreement,final agreement,5.446094835196831,2,0,False,pilot_logodds_distinctive_ngram
TH029,Environmental Treaty Secretariats,sandford,sandford,7.398208397753656,1,0,False,pilot_logodds_distinctive_ngram
TH029,Environmental Treaty Secretariats,public nonstate,public nonstate,7.129531059907871,1,1,False,pilot_logodds_distinctive_ngram
TH029,Environmental Treaty Secretariats,authority intergovernmental,authority intergovernmental,6.9622703636737215,0,2,False,pilot_logodds_distinctive_ngram
TH029,Environmental Treaty Secretariats,arendt,arendt,6.9622703636737215,1,0,False,pilot_logodds_distinctive_ngram
TH029,Environmental Treaty Secretariats,public nonstate actors,public nonstate actors,6.76139309932011,1,1,False,pilot_logodds_distinctive_ngram
TH029,Environmental Treaty Secretariats,difference ways,difference ways,6.5098721448096395,0,0,False,pilot_logodds_distinctive_ngram
TH029,Environmental Treaty Secretariats,regime dynamics,regime dynamics,6.5098721448096395,1,1,False,pilot_logodds_distinctive_ngram
TH029,Environmental Treaty Secretariats,bureaucratic personalities,bureaucratic personalities,6.5098721448096395,1,0,False,pilot_logodds_distinctive_ngram
TH029,Environmental Treaty Secretariats,bureaucratic organizations,bureaucratic organizations,6.5098721448096395,1,0,False,pilot_logodds_distinctive_ngram
TH029,Environmental Treaty Secretariats,respective regime,respective regime,6.5098721448096395,1,1,False,pilot_logodds_distinctive_ngram
TH029,Environmental Treaty Secretariats,hannah,hannah,6.5098721448096395,1,0,False,pilot_logodds_distinctive_ngram
TH029,Environmental Treaty Secretariats,source bureaucratic authority,source bureaucratic authority,6.173193424603138,0,1,False,pilot_logodds_distinctive_ngram
TH029,Environmental Treaty Secretariats,ideal typical,ideal typical,6.173193424603138,1,0,False,pilot_logodds_distinctive_ngram
TH029,Environmental Treaty Secretariats,desertiªcation particularly africa,desertiªcation particularly africa,6.173193424603138,0,0,False,pilot_logodds_distinctive_ngram
TH029,Environmental Treaty Secretariats,attached called,attached called,6.173193424603138,0,0,False,pilot_logodds_distinctive_ngram
TH029,Environmental Treaty Secretariats,attached called rio,attached called rio,6.173193424603138,0,0,False,pilot_logodds_distinctive_ngram
TH029,Environmental Treaty Secretariats,thereof,thereof,6.173193424603138,1,0,False,pilot_logodds_distinctive_ngram
TH029,Environmental Treaty Secretariats,overall effectiveness,overall effectiveness,6.173193424603138,1,0,False,pilot_logodds_distinctive_ngram
TH029,Environmental Treaty Secretariats,means exert,means exert,6.173193424603138,0,0,False,pilot_logodds_distinctive_ngram
TH029,Environmental Treaty Secretariats,authority use,authority use,6.173193424603138,0,1,False,pilot_logodds_distinctive_ngram
TH029,Environmental Treaty Secretariats,activity authority,activity authority,6.173193424603138,0,1,False,pilot_logodds_distinctive_ngram
TH029,Environmental Treaty Secretariats,called rio,called rio,6.173193424603138,1,0,False,pilot_logodds_distinctive_ngram
TH029,Environmental Treaty Secretariats,desertiªcation countries experiencing,desertiªcation countries experiencing,6.173193424603138,0,0,False,pilot_logodds_distinctive_ngram
TH029,Environmental Treaty Secretariats,authority public nonstate,authority public nonstate,6.173193424603138,0,2,False,pilot_logodds_distinctive_ngram
TH029,Environmental Treaty Secretariats,desertiªcation countries,desertiªcation countries,6.173193424603138,0,0,False,pilot_logodds_distinctive_ngram
TH029,Environmental Treaty Secretariats,thereof respect secretariat,thereof respect secretariat,6.173193424603138,0,0,False,pilot_logodds_distinctive_ngram
TH029,Environmental Treaty Secretariats,civil servants employed,civil servants employed,6.173193424603138,1,0,False,pilot_logodds_distinctive_ngram
TH029,Environmental Treaty Secretariats,authority use thereof,authority use thereof,6.173193424603138,0,1,False,pilot_logodds_distinctive_ngram
TH029,Environmental Treaty Secretariats,source bureaucratic,source bureaucratic,6.173193424603138,0,0,False,pilot_logodds_distinctive_ngram
TH029,Environmental Treaty Secretariats,hannah arendt,hannah arendt,6.173193424603138,1,0,False,pilot_logodds_distinctive_ngram
TH029,Environmental Treaty Secretariats,drought desertiªcation particularly,drought desertiªcation particularly,6.173193424603138,0,0,False,pilot_logodds_distinctive_ngram
TH029,Environmental Treaty Secretariats,attitudes behavior,attitudes behavior,6.173193424603138,0,0,False,pilot_logodds_distinctive_ngram
TH029,Environmental Treaty Secretariats,peculiar,peculiar,6.173193424603138,1,0,False,pilot_logodds_distinctive_ngram
TH029,Environmental Treaty Secretariats,bureaucratic authority intergovernmental,bureaucratic authority intergovernmental,6.173193424603138,0,2,False,pilot_logodds_distinctive_ngram
TH029,Environmental Treaty Secretariats,desertiªcation particularly,desertiªcation particularly,6.173193424603138,1,0,False,pilot_logodds_distinctive_ngram
TH029,Environmental Treaty Secretariats,thereof respect,thereof respect,6.173193424603138,0,0,False,pilot_logodds_distinctive_ngram
TH029,Environmental Treaty Secretariats,called rio conventions,called rio conventions,6.173193424603138,1,0,False,pilot_logodds_distinctive_ngram
TH029,Environmental Treaty Secretariats,drought desertiªcation,drought desertiªcation,6.173193424603138,0,0,False,pilot_logodds_distinctive_ngram
TH029,Environmental Treaty Secretariats,type international organization,type international organization,6.173193424603138,0,0,False,pilot_logodds_distinctive_ngram
TH029,Environmental Treaty Secretariats,paper read,paper read,6.173193424603138,1,0,False,pilot_logodds_distinctive_ngram
TH029,Environmental Treaty Secretariats,authority differences,authority differences,6.173193424603138,0,1,False,pilot_logodds_distinctive_ngram
TH029,Environmental Treaty Secretariats,politics ªrst,politics ªrst,6.173193424603138,0,0,False,pilot_logodds_distinctive_ngram
TH029,Environmental Treaty Secretariats,protocol ozone secretariat,protocol ozone secretariat,6.173193424603138,0,0,False,pilot_logodds_distinctive_ngram
TH029,Environmental Treaty Secretariats,speciªc bureaucratic,speciªc bureaucratic,6.173193424603138,1,0,False,pilot_logodds_distinctive_ngram
TH029,Environmental Treaty Secretariats,ozone secretariat secretariat,ozone secretariat secretariat,6.173193424603138,1,0,False,pilot_logodds_distinctive_ngram
TH029,Environmental Treaty Secretariats,authority differences authority,authority differences authority,6.173193424603138,0,1,False,pilot_logodds_distinctive_ngram
TH030,International Institutional Law,breach treaty,breach treaty,6.592668143112386,0,0,False,pilot_logodds_distinctive_ngram
TH030,International Institutional Law,alas internal,alas internal,6.341178920214708,0,0,False,pilot_logodds_distinctive_ngram
TH030,International Institutional Law,alas internal level,alas internal level,6.341178920214708,0,0,False,pilot_logodds_distinctive_ngram
TH030,International Institutional Law,parties meas,parties meas,6.341178920214708,0,0,False,pilot_logodds_distinctive_ngram
TH030,International Institutional Law,schermers,schermers,6.006276624135862,1,0,False,pilot_logodds_distinctive_ngram
TH030,International Institutional Law,treaties meas,treaties meas,6.004531919524544,1,0,False,pilot_logodds_distinctive_ngram
TH030,International Institutional Law,account taken,account taken,6.004531919524544,0,1,False,pilot_logodds_distinctive_ngram
TH030,International Institutional Law,expulsion,expulsion,6.004531919524544,1,0,False,pilot_logodds_distinctive_ngram
TH030,International Institutional Law,decisions cop subsidiary,decisions cop subsidiary,6.004531919524544,0,0,False,pilot_logodds_distinctive_ngram
TH030,International Institutional Law,cooperation mea,cooperation mea,6.004531919524544,0,0,False,pilot_logodds_distinctive_ngram
TH030,International Institutional Law,koskenniemi supra,koskenniemi supra,6.004531919524544,1,0,False,pilot_logodds_distinctive_ngram
TH030,International Institutional Law,koskenniemi supra note,koskenniemi supra note,6.004531919524544,1,0,False,pilot_logodds_distinctive_ngram
TH030,International Institutional Law,powers host organization,powers host organization,6.004531919524544,0,0,False,pilot_logodds_distinctive_ngram
TH030,International Institutional Law,powers host,powers host,6.004531919524544,0,0,False,pilot_logodds_distinctive_ngram
TH030,International Institutional Law,cops subsidiary,cops subsidiary,6.004531919524544,1,0,False,pilot_logodds_distinctive_ngram
TH030,International Institutional Law,cooperation founded,cooperation founded,6.004531919524544,1,0,False,pilot_logodds_distinctive_ngram
TH030,International Institutional Law,subsidiary bodies adoption,subsidiary bodies adoption,6.004531919524544,0,0,False,pilot_logodds_distinctive_ngram
TH030,International Institutional Law,stated climate change,stated climate change,6.004531919524544,0,0,False,pilot_logodds_distinctive_ngram
TH030,International Institutional Law,parties meas establishing,parties meas establishing,6.004531919524544,0,0,False,pilot_logodds_distinctive_ngram
TH030,International Institutional Law,bodies adoption rules,bodies adoption rules,6.004531919524544,0,1,False,pilot_logodds_distinctive_ngram
TH030,International Institutional Law,bodies adoption,bodies adoption,6.004531919524544,0,0,False,pilot_logodds_distinctive_ngram
TH030,International Institutional Law,cops subsidiary bodies,cops subsidiary bodies,6.004531919524544,1,0,False,pilot_logodds_distinctive_ngram
TH030,International Institutional Law,special characteristics,special characteristics,6.004531919524544,1,0,False,pilot_logodds_distinctive_ngram
TH030,International Institutional Law,special characteristics arrangements,special characteristics arrangements,6.004531919524544,0,0,False,pilot_logodds_distinctive_ngram
TH030,International Institutional Law,entity organization,entity organization,6.004531919524544,1,0,False,pilot_logodds_distinctive_ngram
TH030,International Institutional Law,applied alas,applied alas,6.004531919524544,0,0,False,pilot_logodds_distinctive_ngram
TH030,International Institutional Law,characteristics arrangements,characteristics arrangements,6.004531919524544,0,0,False,pilot_logodds_distinctive_ngram
TH030,International Institutional Law,treaty interpretation,treaty interpretation,6.004531919524544,1,0,False,pilot_logodds_distinctive_ngram
TH030,International Institutional Law,meas obviously,meas obviously,6.004531919524544,1,0,False,pilot_logodds_distinctive_ngram
TH030,International Institutional Law,differ alas,differ alas,6.004531919524544,0,0,False,pilot_logodds_distinctive_ngram
TH030,International Institutional Law,stated climate,stated climate,6.004531919524544,0,0,False,pilot_logodds_distinctive_ngram
TH030,International Institutional Law,implementation provisions,implementation provisions,6.004531919524544,0,1,False,pilot_logodds_distinctive_ngram
TH030,International Institutional Law,establishment subsidiary bodies,establishment subsidiary bodies,6.004531919524544,0,0,False,pilot_logodds_distinctive_ngram
TH030,International Institutional Law,establishment subsidiary,establishment subsidiary,6.004531919524544,0,0,False,pilot_logodds_distinctive_ngram
TH030,International Institutional Law,meas establishing,meas establishing,6.004531919524544,0,0,False,pilot_logodds_distinctive_ngram
TH031,Coordination Capacity Building,networks manage relationships,networks manage relationships,6.33176982476067,2,1,False,pilot_logodds_distinctive_ngram
TH031,Coordination Capacity Building,voluntary energy,voluntary energy,6.33176982476067,2,0,False,pilot_logodds_distinctive_ngram
TH031,Coordination Capacity Building,political cultural gaps,political cultural gaps,6.33176982476067,0,0,False,pilot_logodds_distinctive_ngram
TH031,Coordination Capacity Building,voluntary energy legitimacy,voluntary energy legitimacy,6.33176982476067,0,1,False,pilot_logodds_distinctive_ngram
TH031,Coordination Capacity Building,response governments,response governments,6.33176982476067,0,1,False,pilot_logodds_distinctive_ngram
TH031,Coordination Capacity Building,cultural gaps networks,cultural gaps networks,6.33176982476067,2,1,False,pilot_logodds_distinctive_ngram
TH031,Coordination Capacity Building,build institutional,build institutional,6.33176982476067,1,1,False,pilot_logodds_distinctive_ngram
TH031,Coordination Capacity Building,skills states,skills states,6.33176982476067,0,0,False,pilot_logodds_distinctive_ngram
TH031,Coordination Capacity Building,skills states international,skills states international,6.33176982476067,0,0,False,pilot_logodds_distinctive_ngram
TH031,Coordination Capacity Building,energy legitimacy civil,energy legitimacy civil,6.33176982476067,0,1,False,pilot_logodds_distinctive_ngram
TH031,Coordination Capacity Building,manage relationships degenerate,manage relationships degenerate,6.33176982476067,0,0,False,pilot_logodds_distinctive_ngram
TH031,Coordination Capacity Building,relationships degenerate,relationships degenerate,6.33176982476067,0,0,False,pilot_logodds_distinctive_ngram
TH031,Coordination Capacity Building,relationships degenerate counterproductive,relationships degenerate counterproductive,6.33176982476067,0,0,False,pilot_logodds_distinctive_ngram
TH031,Coordination Capacity Building,enforcement rule,enforcement rule,6.33176982476067,0,2,False,pilot_logodds_distinctive_ngram
TH031,Coordination Capacity Building,energy legitimacy,energy legitimacy,6.33176982476067,0,1,False,pilot_logodds_distinctive_ngram
TH031,Coordination Capacity Building,networks manage,networks manage,6.33176982476067,2,1,False,pilot_logodds_distinctive_ngram
TH031,Coordination Capacity Building,legitimacy civil society,legitimacy civil society,6.33176982476067,0,1,False,pilot_logodds_distinctive_ngram
TH031,Coordination Capacity Building,network thing combines,network thing combines,6.33176982476067,0,1,False,pilot_logodds_distinctive_ngram
TH031,Coordination Capacity Building,network thing,network thing,6.33176982476067,0,1,False,pilot_logodds_distinctive_ngram
TH031,Coordination Capacity Building,typical network,typical network,6.33176982476067,2,1,False,pilot_logodds_distinctive_ngram
TH031,Coordination Capacity Building,gaps networks manage,gaps networks manage,6.33176982476067,2,1,False,pilot_logodds_distinctive_ngram
TH031,Coordination Capacity Building,gaps networks,gaps networks,6.33176982476067,2,1,False,pilot_logodds_distinctive_ngram
TH031,Coordination Capacity Building,typical network thing,typical network thing,6.33176982476067,0,1,False,pilot_logodds_distinctive_ngram
TH031,Coordination Capacity Building,sector financial,sector financial,6.33176982476067,0,0,False,pilot_logodds_distinctive_ngram
TH031,Coordination Capacity Building,combines voluntary energy,combines voluntary energy,6.33176982476067,0,0,False,pilot_logodds_distinctive_ngram
TH031,Coordination Capacity Building,combines voluntary,combines voluntary,6.33176982476067,0,0,False,pilot_logodds_distinctive_ngram
TH031,Coordination Capacity Building,thing combines voluntary,thing combines voluntary,6.33176982476067,0,0,False,pilot_logodds_distinctive_ngram
TH031,Coordination Capacity Building,thing combines,thing combines,6.33176982476067,2,0,False,pilot_logodds_distinctive_ngram
TH031,Coordination Capacity Building,rule making power,rule making power,6.33176982476067,2,1,False,pilot_logodds_distinctive_ngram
TH031,Coordination Capacity Building,legitimacy civil,legitimacy civil,6.33176982476067,0,1,False,pilot_logodds_distinctive_ngram
TH031,Coordination Capacity Building,enforcement rule making,enforcement rule making,6.33176982476067,0,2,False,pilot_logodds_distinctive_ngram
TH031,Coordination Capacity Building,technology training,technology training,6.33176982476067,1,0,False,pilot_logodds_distinctive_ngram
TH031,Coordination Capacity Building,cultural gaps,cultural gaps,6.33176982476067,2,0,False,pilot_logodds_distinctive_ngram
TH031,Coordination Capacity Building,sector financial muscle,sector financial muscle,6.33176982476067,0,0,False,pilot_logodds_distinctive_ngram
TH031,Coordination Capacity Building,society sector financial,society sector financial,6.33176982476067,0,0,False,pilot_logodds_distinctive_ngram
TH031,Coordination Capacity Building,financial muscle,financial muscle,6.33176982476067,2,0,False,pilot_logodds_distinctive_ngram
TH031,Coordination Capacity Building,degenerate counterproductive,degenerate counterproductive,6.33176982476067,0,0,False,pilot_logodds_distinctive_ngram
TH031,Coordination Capacity Building,include verification,include verification,5.82142531921739,1,0,False,pilot_logodds_distinctive_ngram
TH031,Coordination Capacity Building,access strategies,access strategies,5.569869228296351,1,0,False,pilot_logodds_distinctive_ngram
TH031,Coordination Capacity Building,public awareness,public awareness,5.569869228296351,2,1,False,pilot_logodds_distinctive_ngram
TH031,Coordination Capacity Building,effective institutional,effective institutional,5.31059754677595,2,1,False,pilot_logodds_distinctive_ngram
TH031,Coordination Capacity Building,verification monitoring,verification monitoring,5.31059754677595,1,1,False,pilot_logodds_distinctive_ngram
TH031,Coordination Capacity Building,functions include,functions include,5.31059754677595,2,0,False,pilot_logodds_distinctive_ngram
TH031,Coordination Capacity Building,resources promote,resources promote,5.2331553874217285,0,0,False,pilot_logodds_distinctive_ngram
TH031,Coordination Capacity Building,energy access strategies,energy access strategies,5.2331553874217285,1,0,False,pilot_logodds_distinctive_ngram
TH031,Coordination Capacity Building,integrated management natural,integrated management natural,5.2331553874217285,0,1,False,pilot_logodds_distinctive_ngram
TH031,Coordination Capacity Building,political cultural,political cultural,5.2331553874217285,0,0,False,pilot_logodds_distinctive_ngram
TH031,Coordination Capacity Building,acquiring,acquiring,5.2331553874217285,2,0,False,pilot_logodds_distinctive_ngram
TH031,Coordination Capacity Building,muscle,muscle,5.2331553874217285,2,0,False,pilot_logodds_distinctive_ngram
TH031,Coordination Capacity Building,degenerate,degenerate,5.2331553874217285,2,0,False,pilot_logodds_distinctive_ngram
TH032,Organisations Learning Agents,organisational effectiveness,organisational effectiveness,7.399406680517709,1,0,False,pilot_logodds_distinctive_ngram
TH032,Organisations Learning Agents,international organisation,international organisation,7.256071589979737,2,0,False,pilot_logodds_distinctive_ngram
TH032,Organisations Learning Agents,contextual variables,contextual variables,7.088783313278029,1,0,False,pilot_logodds_distinctive_ngram
TH032,Organisations Learning Agents,speciﬁc policy,speciﬁc policy,6.887878480610406,1,0,False,pilot_logodds_distinctive_ngram
TH032,Organisations Learning Agents,variation effectiveness,variation effectiveness,6.887878480610406,0,0,False,pilot_logodds_distinctive_ngram
TH032,Organisations Learning Agents,environmental operation,environmental operation,6.6363299699314275,0,0,False,pilot_logodds_distinctive_ngram
TH032,Organisations Learning Agents,explain variation effectiveness,explain variation effectiveness,6.6363299699314275,0,0,False,pilot_logodds_distinctive_ngram
TH032,Organisations Learning Agents,speciﬁc inﬂuence,speciﬁc inﬂuence,6.6363299699314275,1,0,False,pilot_logodds_distinctive_ngram
TH032,Organisations Learning Agents,ﬁeld international environmental,ﬁeld international environmental,6.6363299699314275,0,0,False,pilot_logodds_distinctive_ngram
TH032,Organisations Learning Agents,ness,ness,6.299623705693888,1,0,False,pilot_logodds_distinctive_ngram
TH032,Organisations Learning Agents,ness brechin,ness brechin,6.299623705693888,1,0,False,pilot_logodds_distinctive_ngram
TH032,Organisations Learning Agents,explaining organisational effectiveness,explaining organisational effectiveness,6.299623705693888,1,0,False,pilot_logodds_distinctive_ngram
TH032,Organisations Learning Agents,explaining organisational,explaining organisational,6.299623705693888,1,0,False,pilot_logodds_distinctive_ngram
TH032,Organisations Learning Agents,environmental policy diffusion,environmental policy diffusion,6.299623705693888,1,0,False,pilot_logodds_distinctive_ngram
TH032,Organisations Learning Agents,research methodology,research methodology,6.299623705693888,1,0,False,pilot_logodds_distinctive_ngram
TH032,Organisations Learning Agents,life management,life management,6.299623705693888,1,0,False,pilot_logodds_distinctive_ngram
TH032,Organisations Learning Agents,international environmental organisation,international environmental organisation,6.299623705693888,1,0,False,pilot_logodds_distinctive_ngram
TH032,Organisations Learning Agents,operating ﬁeld,operating ﬁeld,6.299623705693888,0,0,False,pilot_logodds_distinctive_ngram
TH032,Organisations Learning Agents,org biermann bauer,org biermann bauer,6.299623705693888,1,0,True,pilot_logodds_distinctive_ngram
TH032,Organisations Learning Agents,assessing effectiveness intergovernmental,assessing effectiveness intergovernmental,6.299623705693888,0,1,False,pilot_logodds_distinctive_ngram
TH032,Organisations Learning Agents,org biermann,org biermann,6.299623705693888,1,0,True,pilot_logodds_distinctive_ngram
TH032,Organisations Learning Agents,tews,tews,6.299623705693888,1,0,False,pilot_logodds_distinctive_ngram
TH032,Organisations Learning Agents,tews busch,tews busch,6.299623705693888,1,0,False,pilot_logodds_distinctive_ngram
TH032,Organisations Learning Agents,package deals,package deals,6.299623705693888,2,0,False,pilot_logodds_distinctive_ngram
TH032,Organisations Learning Agents,strategy assessing,strategy assessing,6.299623705693888,0,0,False,pilot_logodds_distinctive_ngram
TH032,Organisations Learning Agents,glogov org biermann,glogov org biermann,6.299623705693888,1,0,True,pilot_logodds_distinctive_ngram
TH032,Organisations Learning Agents,autonomous organisation,autonomous organisation,6.299623705693888,1,0,False,pilot_logodds_distinctive_ngram
TH033,Institutional Fragmentation,igo mainstreaming,igo mainstreaming,7.0862485612359025,1,0,False,pilot_logodds_distinctive_ngram
TH033,Institutional Fragmentation,igo mainstreaming practices,igo mainstreaming practices,6.749410560162916,1,0,False,pilot_logodds_distinctive_ngram
TH033,Institutional Fragmentation,time horizons adaptation,time horizons adaptation,6.749410560162916,0,1,False,pilot_logodds_distinctive_ngram
TH033,Institutional Fragmentation,allocations funding,allocations funding,6.749410560162916,1,0,False,pilot_logodds_distinctive_ngram
TH033,Institutional Fragmentation,variation igo,variation igo,6.749410560162916,0,0,False,pilot_logodds_distinctive_ngram
TH033,Institutional Fragmentation,horizons adaptation,horizons adaptation,6.749410560162916,0,1,False,pilot_logodds_distinctive_ngram
TH033,Institutional Fragmentation,ﬁscal,ﬁscal,6.749410560162916,1,0,False,pilot_logodds_distinctive_ngram
TH033,Institutional Fragmentation,allocation budgetary resources,allocation budgetary resources,6.239314456929289,0,0,False,pilot_logodds_distinctive_ngram
TH033,Institutional Fragmentation,allocation budgetary,allocation budgetary,6.239314456929289,0,0,False,pilot_logodds_distinctive_ngram
TH033,Institutional Fragmentation,ﬁnancially,ﬁnancially,5.987634130364023,2,0,False,pilot_logodds_distinctive_ngram
TH033,Institutional Fragmentation,ﬁnancially supported,ﬁnancially supported,5.987634130364023,2,0,False,pilot_logodds_distinctive_ngram
TH033,Institutional Fragmentation,regional multi issue,regional multi issue,5.987634130364023,1,0,False,pilot_logodds_distinctive_ngram
TH033,Institutional Fragmentation,regional multi,regional multi,5.987634130364023,1,0,False,pilot_logodds_distinctive_ngram
TH033,Institutional Fragmentation,secure sustainable,secure sustainable,5.987634130364023,1,0,False,pilot_logodds_distinctive_ngram
TH033,Institutional Fragmentation,navigating,navigating,5.987634130364023,2,0,False,pilot_logodds_distinctive_ngram
TH033,Institutional Fragmentation,external factors,external factors,5.987634130364023,2,0,False,pilot_logodds_distinctive_ngram
TH033,Institutional Fragmentation,geopolitics,geopolitics,5.987634130364023,1,0,False,pilot_logodds_distinctive_ngram
TH033,Institutional Fragmentation,resources adaptation,resources adaptation,5.987634130364023,0,1,False,pilot_logodds_distinctive_ngram
TH033,Institutional Fragmentation,multi issue igos,multi issue igos,5.987634130364023,1,0,False,pilot_logodds_distinctive_ngram
TH033,Institutional Fragmentation,issue igos,issue igos,5.72848669095494,1,0,False,pilot_logodds_distinctive_ngram
TH033,Institutional Fragmentation,adaptation mainstreamed,adaptation mainstreamed,5.650796129291036,0,1,False,pilot_logodds_distinctive_ngram
TH033,Institutional Fragmentation,nilsson persson,nilsson persson,5.650796129291036,1,0,False,pilot_logodds_distinctive_ngram
TH033,Institutional Fragmentation,diﬀerent types,diﬀerent types,5.650796129291036,1,0,False,pilot_logodds_distinctive_ngram
TH033,Institutional Fragmentation,types mainstreaming,types mainstreaming,5.650796129291036,0,0,False,pilot_logodds_distinctive_ngram
TH033,Institutional Fragmentation,types mainstreaming practices,types mainstreaming practices,5.650796129291036,0,0,False,pilot_logodds_distinctive_ngram
TH033,Institutional Fragmentation,research needed,research needed,5.650796129291036,0,0,False,pilot_logodds_distinctive_ngram
TH033,Institutional Fragmentation,favourable,favourable,5.650796129291036,2,0,False,pilot_logodds_distinctive_ngram
TH033,Institutional Fragmentation,budgetary resources adaptation,budgetary resources adaptation,5.650796129291036,0,1,False,pilot_logodds_distinctive_ngram
TH033,Institutional Fragmentation,target issue,target issue,5.650796129291036,1,0,False,pilot_logodds_distinctive_ngram
TH033,Institutional Fragmentation,tosun,tosun,5.392012312120777,1,0,False,pilot_logodds_distinctive_ngram
TH033,Institutional Fragmentation,budgetary resources,budgetary resources,5.392012312120777,3,0,False,pilot_logodds_distinctive_ngram
TH033,Institutional Fragmentation,tosun peters,tosun peters,5.392012312120777,1,0,False,pilot_logodds_distinctive_ngram
TH033,Institutional Fragmentation,runhaar et al,runhaar et al,5.141423655631975,1,0,False,pilot_logodds_distinctive_ngram
TH033,Institutional Fragmentation,runhaar et,runhaar et,5.141423655631975,1,0,False,pilot_logodds_distinctive_ngram
TH033,Institutional Fragmentation,time horizons,time horizons,5.140695741622334,3,0,False,pilot_logodds_distinctive_ngram
TH033,Institutional Fragmentation,lenschow,lenschow,5.14033198555551,1,0,False,pilot_logodds_distinctive_ngram
TH033,Institutional Fragmentation,jordan lenschow,jordan lenschow,5.14033198555551,1,0,False,pilot_logodds_distinctive_ngram
TH033,Institutional Fragmentation,multi issue,multi issue,5.14033198555551,1,0,False,pilot_logodds_distinctive_ngram
TH033,Institutional Fragmentation,chirac,chirac,5.139968363316687,2,0,False,pilot_logodds_distinctive_ngram
TH033,Institutional Fragmentation,allocate resources,allocate resources,5.139968363316687,2,0,False,pilot_logodds_distinctive_ngram
TH033,Institutional Fragmentation,underlines,underlines,5.139968363316687,3,0,False,pilot_logodds_distinctive_ngram
TH033,Institutional Fragmentation,conﬂictive,conﬂictive,5.139968363316687,1,0,False,pilot_logodds_distinctive_ngram
TH033,Institutional Fragmentation,igos working,igos working,5.139968363316687,1,0,False,pilot_logodds_distinctive_ngram
TH033,Institutional Fragmentation,varying degrees,varying degrees,5.139968363316687,3,0,False,pilot_logodds_distinctive_ngram
TH033,Institutional Fragmentation,optimal environmental,optimal environmental,5.1396048748079926,2,0,False,pilot_logodds_distinctive_ngram
TH033,Institutional Fragmentation,columbia journal environmental,columbia journal environmental,5.1396048748079926,0,0,False,pilot_logodds_distinctive_ngram
TH033,Institutional Fragmentation,don want,don want,5.1396048748079926,2,0,False,pilot_logodds_distinctive_ngram
TH033,Institutional Fragmentation,policies developing,policies developing,5.1396048748079926,0,0,False,pilot_logodds_distinctive_ngram
TH034,Power Coordination Capacity,cultural gaps networks,cultural gaps networks,7.748600258497253,2,1,False,pilot_logodds_distinctive_ngram
TH034,Power Coordination Capacity,network thing,network thing,7.748600258497253,0,1,False,pilot_logodds_distinctive_ngram
TH034,Power Coordination Capacity,legitimacy civil,legitimacy civil,7.748600258497253,0,1,False,pilot_logodds_distinctive_ngram
TH034,Power Coordination Capacity,legitimacy civil society,legitimacy civil society,7.748600258497253,0,1,False,pilot_logodds_distinctive_ngram
TH034,Power Coordination Capacity,manage relationships degenerate,manage relationships degenerate,7.748600258497253,0,0,False,pilot_logodds_distinctive_ngram
TH034,Power Coordination Capacity,financial muscle,financial muscle,7.748600258497253,2,0,False,pilot_logodds_distinctive_ngram
TH034,Power Coordination Capacity,thing combines voluntary,thing combines voluntary,7.748600258497253,0,0,False,pilot_logodds_distinctive_ngram
TH034,Power Coordination Capacity,enforcement rule,enforcement rule,7.748600258497253,0,2,False,pilot_logodds_distinctive_ngram
TH034,Power Coordination Capacity,skills states international,skills states international,7.748600258497253,0,0,False,pilot_logodds_distinctive_ngram
TH034,Power Coordination Capacity,thing combines,thing combines,7.748600258497253,2,0,False,pilot_logodds_distinctive_ngram
TH034,Power Coordination Capacity,enforcement rule making,enforcement rule making,7.748600258497253,0,2,False,pilot_logodds_distinctive_ngram
TH034,Power Coordination Capacity,skills states,skills states,7.748600258497253,0,0,False,pilot_logodds_distinctive_ngram
TH034,Power Coordination Capacity,political cultural gaps,political cultural gaps,7.748600258497253,0,0,False,pilot_logodds_distinctive_ngram
TH034,Power Coordination Capacity,voluntary energy,voluntary energy,7.748600258497253,2,0,False,pilot_logodds_distinctive_ngram
TH034,Power Coordination Capacity,sector financial,sector financial,7.748600258497253,0,0,False,pilot_logodds_distinctive_ngram
TH034,Power Coordination Capacity,voluntary energy legitimacy,voluntary energy legitimacy,7.748600258497253,0,1,False,pilot_logodds_distinctive_ngram
TH034,Power Coordination Capacity,relationships degenerate counterproductive,relationships degenerate counterproductive,7.748600258497253,0,0,False,pilot_logodds_distinctive_ngram
TH034,Power Coordination Capacity,sector financial muscle,sector financial muscle,7.748600258497253,0,0,False,pilot_logodds_distinctive_ngram
TH034,Power Coordination Capacity,relationships degenerate,relationships degenerate,7.748600258497253,0,0,False,pilot_logodds_distinctive_ngram
TH034,Power Coordination Capacity,network thing combines,network thing combines,7.748600258497253,0,1,False,pilot_logodds_distinctive_ngram
TH034,Power Coordination Capacity,typical network thing,typical network thing,7.748600258497253,0,1,False,pilot_logodds_distinctive_ngram
TH034,Power Coordination Capacity,cultural gaps,cultural gaps,7.748600258497253,2,0,False,pilot_logodds_distinctive_ngram
TH034,Power Coordination Capacity,society sector financial,society sector financial,7.748600258497253,0,0,False,pilot_logodds_distinctive_ngram
TH034,Power Coordination Capacity,networks manage relationships,networks manage relationships,7.748600258497253,2,1,False,pilot_logodds_distinctive_ngram
TH034,Power Coordination Capacity,combines voluntary energy,combines voluntary energy,7.748600258497253,0,0,False,pilot_logodds_distinctive_ngram
TH034,Power Coordination Capacity,combines voluntary,combines voluntary,7.748600258497253,0,0,False,pilot_logodds_distinctive_ngram
TH034,Power Coordination Capacity,networks manage,networks manage,7.748600258497253,2,1,False,pilot_logodds_distinctive_ngram
TH034,Power Coordination Capacity,gaps networks,gaps networks,7.748600258497253,2,1,False,pilot_logodds_distinctive_ngram
TH034,Power Coordination Capacity,gaps networks manage,gaps networks manage,7.748600258497253,2,1,False,pilot_logodds_distinctive_ngram
TH034,Power Coordination Capacity,typical network,typical network,7.748600258497253,2,1,False,pilot_logodds_distinctive_ngram
TH034,Power Coordination Capacity,energy legitimacy civil,energy legitimacy civil,7.748600258497253,0,1,False,pilot_logodds_distinctive_ngram
TH034,Power Coordination Capacity,building skills,building skills,7.748600258497253,2,0,False,pilot_logodds_distinctive_ngram
TH034,Power Coordination Capacity,energy legitimacy,energy legitimacy,7.748600258497253,0,1,False,pilot_logodds_distinctive_ngram
TH034,Power Coordination Capacity,degenerate counterproductive,degenerate counterproductive,7.748600258497253,0,0,False,pilot_logodds_distinctive_ngram
TH034,Power Coordination Capacity,building skills states,building skills states,7.748600258497253,0,0,False,pilot_logodds_distinctive_ngram
TH034,Power Coordination Capacity,civil society sector,civil society sector,6.649985835507761,2,0,False,pilot_logodds_distinctive_ngram
TH034,Power Coordination Capacity,manage relationships,manage relationships,6.649985835507761,2,0,False,pilot_logodds_distinctive_ngram
TH034,Power Coordination Capacity,muscle,muscle,6.649985835507761,2,0,False,pilot_logodds_distinctive_ngram
TH034,Power Coordination Capacity,political cultural,political cultural,6.649985835507761,0,0,False,pilot_logodds_distinctive_ngram
TH034,Power Coordination Capacity,society sector,society sector,6.649985835507761,2,0,False,pilot_logodds_distinctive_ngram
TH034,Power Coordination Capacity,degenerate,degenerate,6.649985835507761,2,0,False,pilot_logodds_distinctive_ngram
TH034,Power Coordination Capacity,gppns,gppns,6.392451550815656,1,0,False,pilot_logodds_distinctive_ngram
TH034,Power Coordination Capacity,msds,msds,6.139158077415833,1,0,False,pilot_logodds_distinctive_ngram
TH034,Power Coordination Capacity,society global policy,society global policy,6.138171091977646,0,0,False,pilot_logodds_distinctive_ngram
TH034,Power Coordination Capacity,countries develop,countries develop,6.138171091977646,0,0,False,pilot_logodds_distinctive_ngram
TH034,Power Coordination Capacity,partners united,partners united,6.138171091977646,0,1,False,pilot_logodds_distinctive_ngram
TH034,Power Coordination Capacity,iagsd,iagsd,6.138171091977646,1,0,False,pilot_logodds_distinctive_ngram
TH034,Power Coordination Capacity,led international,led international,6.138171091977646,1,0,False,pilot_logodds_distinctive_ngram
TH034,Power Coordination Capacity,led jubilee,led jubilee,6.138171091977646,0,0,False,pilot_logodds_distinctive_ngram
TH034,Power Coordination Capacity,elinor,elinor,6.138171091977646,2,0,False,pilot_logodds_distinctive_ngram
TH034,Power Coordination Capacity,phase gef,phase gef,6.138171091977646,1,0,False,pilot_logodds_distinctive_ngram
TH035,Stakeholder Participation,ncsds,ncsds,7.005767509690888,1,0,False,pilot_logodds_distinctive_ngram
TH035,Stakeholder Participation,irish,irish,6.553351119094786,1,0,False,pilot_logodds_distinctive_ngram
TH035,Stakeholder Participation,evaluation monitoring,evaluation monitoring,6.216663318773665,0,2,False,pilot_logodds_distinctive_ngram
TH035,Stakeholder Participation,ncsd,ncsd,6.216663318773665,1,0,False,pilot_logodds_distinctive_ngram
TH035,Stakeholder Participation,philippine agenda,philippine agenda,6.216663318773665,1,0,False,pilot_logodds_distinctive_ngram
TH035,Stakeholder Participation,regional governments sustainable,regional governments sustainable,6.216663318773665,0,1,False,pilot_logodds_distinctive_ngram
TH035,Stakeholder Participation,network regional,network regional,6.216663318773665,0,1,False,pilot_logodds_distinctive_ngram
TH035,Stakeholder Participation,network regional governments,network regional governments,6.216663318773665,0,2,False,pilot_logodds_distinctive_ngram
TH035,Stakeholder Participation,comhar,comhar,6.216663318773665,1,0,False,pilot_logodds_distinctive_ngram
TH035,Stakeholder Participation,challenge supporting,challenge supporting,6.216663318773665,0,0,False,pilot_logodds_distinctive_ngram
TH035,Stakeholder Participation,governance approaches,governance approaches,6.216663318773665,1,1,False,pilot_logodds_distinctive_ngram
TH035,Stakeholder Participation,governments sustainable development,governments sustainable development,6.216663318773665,0,1,False,pilot_logodds_distinctive_ngram
TH035,Stakeholder Participation,ncsds typically,ncsds typically,6.216663318773665,1,0,False,pilot_logodds_distinctive_ngram
TH035,Stakeholder Participation,governments sustainable,governments sustainable,6.216663318773665,0,1,False,pilot_logodds_distinctive_ngram
TH035,Stakeholder Participation,nssd,nssd,5.707557054147822,1,0,False,pilot_logodds_distinctive_ngram
TH035,Stakeholder Participation,philippine,philippine,5.706266717903509,1,0,False,pilot_logodds_distinctive_ngram
TH035,Stakeholder Participation,pcsd,pcsd,5.454736679444967,1,0,False,pilot_logodds_distinctive_ngram
TH035,Stakeholder Participation,livestock,livestock,5.195438943151184,1,0,False,pilot_logodds_distinctive_ngram
TH035,Stakeholder Participation,recursive,recursive,5.1180488791238465,1,0,False,pilot_logodds_distinctive_ngram
TH035,Stakeholder Participation,decentralize,decentralize,5.1180488791238465,2,0,False,pilot_logodds_distinctive_ngram
TH035,Stakeholder Participation,orts,orts,5.1180488791238465,1,0,False,pilot_logodds_distinctive_ngram
TH035,Stakeholder Participation,report progress,report progress,5.1180488791238465,0,0,False,pilot_logodds_distinctive_ngram
TH035,Stakeholder Participation,philippine council sustainable,philippine council sustainable,5.1180488791238465,0,0,False,pilot_logodds_distinctive_ngram
TH035,Stakeholder Participation,shared commitment,shared commitment,5.1180488791238465,2,0,False,pilot_logodds_distinctive_ngram
TH035,Stakeholder Participation,livestock production programme,livestock production programme,5.1180488791238465,1,0,False,pilot_logodds_distinctive_ngram
TH035,Stakeholder Participation,production programme,production programme,5.1180488791238465,1,0,False,pilot_logodds_distinctive_ngram
TH035,Stakeholder Participation,new work,new work,5.1180488791238465,2,0,False,pilot_logodds_distinctive_ngram
TH035,Stakeholder Participation,trade institutions,trade institutions,5.1180488791238465,2,1,False,pilot_logodds_distinctive_ngram
TH035,Stakeholder Participation,goals approaches,goals approaches,5.1180488791238465,0,0,False,pilot_logodds_distinctive_ngram
TH035,Stakeholder Participation,community technical understanding,community technical understanding,5.1180488791238465,1,0,False,pilot_logodds_distinctive_ngram
TH035,Stakeholder Participation,community technical,community technical,5.1180488791238465,1,0,False,pilot_logodds_distinctive_ngram
TH035,Stakeholder Participation,philippine council,philippine council,5.1180488791238465,1,0,False,pilot_logodds_distinctive_ngram
TH035,Stakeholder Participation,cardoso panel,cardoso panel,5.1180488791238465,1,0,False,pilot_logodds_distinctive_ngram
TH035,Stakeholder Participation,livestock production,livestock production,5.1180488791238465,1,0,False,pilot_logodds_distinctive_ngram
TH035,Stakeholder Participation,popularize,popularize,5.1180488791238465,2,0,False,pilot_logodds_distinctive_ngram
TH035,Stakeholder Participation,epistemic community technical,epistemic community technical,5.1180488791238465,1,0,False,pilot_logodds_distinctive_ngram
TH035,Stakeholder Participation,experimentation,experimentation,4.607434517080468,3,0,False,pilot_logodds_distinctive_ngram
TH035,Stakeholder Participation,sub national governments,sub national governments,4.607434517080468,2,1,False,pilot_logodds_distinctive_ngram
TH035,Stakeholder Participation,international sustainable energy,international sustainable energy,4.607221104371521,1,0,False,pilot_logodds_distinctive_ngram
TH035,Stakeholder Participation,sustainable development nssd,sustainable development nssd,4.607221104371521,1,0,False,pilot_logodds_distinctive_ngram
TH035,Stakeholder Participation,involve stakeholders,involve stakeholders,4.607221104371521,1,1,False,pilot_logodds_distinctive_ngram
TH035,Stakeholder Participation,long lasting,long lasting,4.607221104371521,2,0,False,pilot_logodds_distinctive_ngram
TH035,Stakeholder Participation,engagement gap,engagement gap,4.607221104371521,1,0,False,pilot_logodds_distinctive_ngram
TH036,Treaty Secretariats Stage,respective regime,respective regime,6.9175060386446665,1,1,False,pilot_logodds_distinctive_ngram
TH036,Treaty Secretariats Stage,bureaucratic organizations,bureaucratic organizations,6.9175060386446665,1,0,False,pilot_logodds_distinctive_ngram
TH036,Treaty Secretariats Stage,difference ways,difference ways,6.9175060386446665,0,0,False,pilot_logodds_distinctive_ngram
TH036,Treaty Secretariats Stage,sandford,sandford,6.582269856106793,1,0,False,pilot_logodds_distinctive_ngram
TH036,Treaty Secretariats Stage,attached called,attached called,6.580724491782819,0,0,False,pilot_logodds_distinctive_ngram
TH036,Treaty Secretariats Stage,signiªcantly,signiªcantly,6.580724491782819,1,0,False,pilot_logodds_distinctive_ngram
TH036,Treaty Secretariats Stage,thereof,thereof,6.580724491782819,1,0,False,pilot_logodds_distinctive_ngram
TH036,Treaty Secretariats Stage,thereof respect,thereof respect,6.580724491782819,0,0,False,pilot_logodds_distinctive_ngram
TH036,Treaty Secretariats Stage,thereof respect secretariat,thereof respect secretariat,6.580724491782819,0,0,False,pilot_logodds_distinctive_ngram
TH036,Treaty Secretariats Stage,actors global environmental,actors global environmental,6.580724491782819,0,0,False,pilot_logodds_distinctive_ngram
TH036,Treaty Secretariats Stage,combat desertiªcation countries,combat desertiªcation countries,6.580724491782819,0,0,False,pilot_logodds_distinctive_ngram
TH036,Treaty Secretariats Stage,type international organization,type international organization,6.580724491782819,0,0,False,pilot_logodds_distinctive_ngram
TH036,Treaty Secretariats Stage,respect secretariat,respect secretariat,6.580724491782819,0,0,False,pilot_logodds_distinctive_ngram
TH036,Treaty Secretariats Stage,protocol ozone secretariat,protocol ozone secretariat,6.580724491782819,0,0,False,pilot_logodds_distinctive_ngram
TH036,Treaty Secretariats Stage,civil servants employed,civil servants employed,6.580724491782819,1,0,False,pilot_logodds_distinctive_ngram
TH036,Treaty Secretariats Stage,authority differences,authority differences,6.580724491782819,0,1,False,pilot_logodds_distinctive_ngram
TH036,Treaty Secretariats Stage,authority differences authority,authority differences authority,6.580724491782819,0,1,False,pilot_logodds_distinctive_ngram
TH036,Treaty Secretariats Stage,authority use,authority use,6.580724491782819,0,1,False,pilot_logodds_distinctive_ngram
TH036,Treaty Secretariats Stage,paper read,paper read,6.580724491782819,1,0,False,pilot_logodds_distinctive_ngram
TH036,Treaty Secretariats Stage,experiencing drought desertiªcation,experiencing drought desertiªcation,6.580724491782819,0,0,False,pilot_logodds_distinctive_ngram
TH036,Treaty Secretariats Stage,speciªc bureaucratic,speciªc bureaucratic,6.580724491782819,1,0,False,pilot_logodds_distinctive_ngram
TH036,Treaty Secretariats Stage,source bureaucratic,source bureaucratic,6.580724491782819,0,0,False,pilot_logodds_distinctive_ngram
TH036,Treaty Secretariats Stage,politics ªrst,politics ªrst,6.580724491782819,0,0,False,pilot_logodds_distinctive_ngram
TH036,Treaty Secretariats Stage,servants employed,servants employed,6.580724491782819,1,0,False,pilot_logodds_distinctive_ngram
TH036,Treaty Secretariats Stage,drought desertiªcation particularly,drought desertiªcation particularly,6.580724491782819,0,0,False,pilot_logodds_distinctive_ngram
TH036,Treaty Secretariats Stage,drought desertiªcation,drought desertiªcation,6.580724491782819,0,0,False,pilot_logodds_distinctive_ngram
TH036,Treaty Secretariats Stage,peculiar,peculiar,6.580724491782819,1,0,False,pilot_logodds_distinctive_ngram
TH036,Treaty Secretariats Stage,overall effectiveness,overall effectiveness,6.580724491782819,1,0,False,pilot_logodds_distinctive_ngram
TH036,Treaty Secretariats Stage,differences authority use,differences authority use,6.580724491782819,0,1,False,pilot_logodds_distinctive_ngram
TH036,Treaty Secretariats Stage,ozone secretariat secretariat,ozone secretariat secretariat,6.580724491782819,1,0,False,pilot_logodds_distinctive_ngram
TH036,Treaty Secretariats Stage,differences authority,differences authority,6.580724491782819,0,1,False,pilot_logodds_distinctive_ngram
TH036,Treaty Secretariats Stage,called rio,called rio,6.580724491782819,1,0,False,pilot_logodds_distinctive_ngram
TH036,Treaty Secretariats Stage,called rio conventions,called rio conventions,6.580724491782819,1,0,False,pilot_logodds_distinctive_ngram
TH036,Treaty Secretariats Stage,use thereof,use thereof,6.580724491782819,1,0,False,pilot_logodds_distinctive_ngram
TH036,Treaty Secretariats Stage,use thereof respect,use thereof respect,6.580724491782819,0,0,False,pilot_logodds_distinctive_ngram
TH036,Treaty Secretariats Stage,authority use thereof,authority use thereof,6.580724491782819,0,1,False,pilot_logodds_distinctive_ngram
TH036,Treaty Secretariats Stage,source bureaucratic authority,source bureaucratic authority,6.580724491782819,0,1,False,pilot_logodds_distinctive_ngram
TH036,Treaty Secretariats Stage,political thought,political thought,6.580724491782819,1,0,False,pilot_logodds_distinctive_ngram
TH036,Treaty Secretariats Stage,attached called rio,attached called rio,6.580724491782819,0,0,False,pilot_logodds_distinctive_ngram
TH036,Treaty Secretariats Stage,desertiªcation particularly africa,desertiªcation particularly africa,6.580724491782819,0,0,False,pilot_logodds_distinctive_ngram
TH036,Treaty Secretariats Stage,desertiªcation countries experiencing,desertiªcation countries experiencing,6.580724491782819,0,0,False,pilot_logodds_distinctive_ngram
TH036,Treaty Secretariats Stage,desertiªcation particularly,desertiªcation particularly,6.580724491782819,1,0,False,pilot_logodds_distinctive_ngram
TH036,Treaty Secretariats Stage,desertiªcation countries,desertiªcation countries,6.580724491782819,0,0,False,pilot_logodds_distinctive_ngram
TH036,Treaty Secretariats Stage,passive,passive,6.308450540594911,2,0,False,pilot_logodds_distinctive_ngram
TH036,Treaty Secretariats Stage,public nonstate actors,public nonstate actors,5.818891605480405,1,1,False,pilot_logodds_distinctive_ngram
TH036,Treaty Secretariats Stage,secretariat desertiªcation,secretariat desertiªcation,5.818891605480405,0,0,False,pilot_logodds_distinctive_ngram
TH036,Treaty Secretariats Stage,secretariat desertiªcation secretariat,secretariat desertiªcation secretariat,5.818891605480405,0,0,False,pilot_logodds_distinctive_ngram
TH036,Treaty Secretariats Stage,bear bureaucratic,bear bureaucratic,5.818891605480405,1,0,False,pilot_logodds_distinctive_ngram
TH037,Learning Agents Emerging,problematiques ios,problematiques ios,7.011675759949052,0,0,False,pilot_logodds_distinctive_ngram
TH037,Learning Agents Emerging,denser,denser,7.011675759949052,1,0,False,pilot_logodds_distinctive_ngram
TH037,Learning Agents Emerging,notions causality,notions causality,7.011675759949052,0,0,False,pilot_logodds_distinctive_ngram
TH037,Learning Agents Emerging,causality,causality,6.702943870707982,1,0,False,pilot_logodds_distinctive_ngram
TH037,Learning Agents Emerging,causes effects,causes effects,6.250008402393518,0,0,False,pilot_logodds_distinctive_ngram
TH037,Learning Agents Emerging,cells,cells,6.250008402393518,1,0,False,pilot_logodds_distinctive_ngram
TH037,Learning Agents Emerging,political control,political control,5.913061331955216,1,0,False,pilot_logodds_distinctive_ngram
TH037,Learning Agents Emerging,ios able,ios able,5.913061331955216,1,0,False,pilot_logodds_distinctive_ngram
TH037,Learning Agents Emerging,actor groups,actor groups,5.913061331955216,1,0,False,pilot_logodds_distinctive_ngram
TH037,Learning Agents Emerging,trial,trial,5.913061331955216,1,0,False,pilot_logodds_distinctive_ngram
TH037,Learning Agents Emerging,able learn,able learn,5.913061331955216,0,0,False,pilot_logodds_distinctive_ngram
TH037,Learning Agents Emerging,insulate,insulate,5.402233568858922,1,0,False,pilot_logodds_distinctive_ngram
TH037,Learning Agents Emerging,environmental problematique,environmental problematique,5.402233568858922,1,0,False,pilot_logodds_distinctive_ngram
TH037,Learning Agents Emerging,countries learn,countries learn,5.401761099732286,0,0,False,pilot_logodds_distinctive_ngram
TH037,Learning Agents Emerging,held epistemic,held epistemic,5.401761099732286,0,0,False,pilot_logodds_distinctive_ngram
TH037,Learning Agents Emerging,available international institutions,available international institutions,5.401761099732286,0,1,False,pilot_logodds_distinctive_ngram
TH037,Learning Agents Emerging,countries instance,countries instance,5.401761099732286,0,0,False,pilot_logodds_distinctive_ngram
TH037,Learning Agents Emerging,served consultant,served consultant,5.401761099732286,0,0,False,pilot_logodds_distinctive_ngram
TH037,Learning Agents Emerging,legitimacy international,legitimacy international,5.401761099732286,0,1,False,pilot_logodds_distinctive_ngram
TH037,Learning Agents Emerging,development sd,development sd,5.401761099732286,1,0,False,pilot_logodds_distinctive_ngram
TH037,Learning Agents Emerging,speak power,speak power,5.401761099732286,0,0,False,pilot_logodds_distinctive_ngram
TH037,Learning Agents Emerging,originally solicited,originally solicited,5.401761099732286,1,0,False,pilot_logodds_distinctive_ngram
TH037,Learning Agents Emerging,accompanies,accompanies,5.401761099732286,2,0,False,pilot_logodds_distinctive_ngram
TH037,Learning Agents Emerging,living standards better,living standards better,5.401761099732286,0,0,False,pilot_logodds_distinctive_ngram
TH037,Learning Agents Emerging,legitimized,legitimized,5.401761099732286,2,1,False,pilot_logodds_distinctive_ngram
TH037,Learning Agents Emerging,change regime focus,change regime focus,5.401761099732286,0,1,False,pilot_logodds_distinctive_ngram
TH037,Learning Agents Emerging,building concern,building concern,5.401761099732286,1,0,False,pilot_logodds_distinctive_ngram
TH037,Learning Agents Emerging,environmental issues share,environmental issues share,5.401761099732286,1,0,False,pilot_logodds_distinctive_ngram
TH037,Learning Agents Emerging,lessons country,lessons country,5.401761099732286,0,0,False,pilot_logodds_distinctive_ngram
TH037,Learning Agents Emerging,complexly,complexly,5.401761099732286,1,0,False,pilot_logodds_distinctive_ngram
TH037,Learning Agents Emerging,complexly linked,complexly linked,5.401761099732286,1,0,False,pilot_logodds_distinctive_ngram
TH037,Learning Agents Emerging,simplicity,simplicity,5.401761099732286,2,0,False,pilot_logodds_distinctive_ngram
TH037,Learning Agents Emerging,pollution imo,pollution imo,5.401761099732286,1,0,False,pilot_logodds_distinctive_ngram
TH037,Learning Agents Emerging,focus majority global,focus majority global,5.401761099732286,0,0,False,pilot_logodds_distinctive_ngram
TH037,Learning Agents Emerging,terms social,terms social,5.401761099732286,0,0,False,pilot_logodds_distinctive_ngram
TH037,Learning Agents Emerging,mechanisms available,mechanisms available,5.401761099732286,1,0,False,pilot_logodds_distinctive_ngram
TH037,Learning Agents Emerging,majority global,majority global,5.401761099732286,0,0,False,pilot_logodds_distinctive_ngram
TH037,Learning Agents Emerging,majority global environmental,majority global environmental,5.401761099732286,0,0,False,pilot_logodds_distinctive_ngram
TH037,Learning Agents Emerging,technical consensual,technical consensual,5.401761099732286,1,0,False,pilot_logodds_distinctive_ngram
TH037,Learning Agents Emerging,policy studies journal,policy studies journal,5.401761099732286,1,0,False,pilot_logodds_distinctive_ngram
TH037,Learning Agents Emerging,instance unep,instance unep,5.401761099732286,1,0,False,pilot_logodds_distinctive_ngram
TH037,Learning Agents Emerging,environmental risks social,environmental risks social,5.401761099732286,1,0,False,pilot_logodds_distinctive_ngram
TH037,Learning Agents Emerging,reprinted permission john,reprinted permission john,5.401761099732286,0,0,False,pilot_logodds_distinctive_ngram
TH037,Learning Agents Emerging,stopping,stopping,5.401761099732286,2,0,False,pilot_logodds_distinctive_ngram
TH037,Learning Agents Emerging,outreach efforts,outreach efforts,5.401761099732286,1,0,False,pilot_logodds_distinctive_ngram
TH037,Learning Agents Emerging,significant social,significant social,5.401761099732286,1,0,False,pilot_logodds_distinctive_ngram
TH037,Learning Agents Emerging,general acceptance,general acceptance,5.401761099732286,2,0,False,pilot_logodds_distinctive_ngram
TH038,Norms Rules Strategies,actors expectations,actors expectations,6.807501196639693,2,0,False,pilot_logodds_distinctive_ngram
TH038,Norms Rules Strategies,implicit explicit principles,implicit explicit principles,6.470751644431568,0,0,False,pilot_logodds_distinctive_ngram
TH038,Norms Rules Strategies,converge given,converge given,6.470751644431568,0,0,False,pilot_logodds_distinctive_ngram
TH038,Norms Rules Strategies,converge given area,converge given area,6.470751644431568,0,0,False,pilot_logodds_distinctive_ngram
TH038,Norms Rules Strategies,ecological perspective,ecological perspective,6.470751644431568,1,0,False,pilot_logodds_distinctive_ngram
TH038,Norms Rules Strategies,set expectations,set expectations,6.470751644431568,0,0,False,pilot_logodds_distinctive_ngram
TH038,Norms Rules Strategies,soft law developed,soft law developed,6.470751644431568,0,1,False,pilot_logodds_distinctive_ngram
TH038,Norms Rules Strategies,expectations converge given,expectations converge given,6.470751644431568,0,0,False,pilot_logodds_distinctive_ngram
TH038,Norms Rules Strategies,expectations converge,expectations converge,6.470751644431568,2,0,False,pilot_logodds_distinctive_ngram
TH038,Norms Rules Strategies,given area international,given area international,6.470751644431568,0,0,False,pilot_logodds_distinctive_ngram
TH038,Norms Rules Strategies,new beliefs,new beliefs,6.470751644431568,1,0,False,pilot_logodds_distinctive_ngram
TH038,Norms Rules Strategies,area international relations,area international relations,6.470751644431568,0,0,False,pilot_logodds_distinctive_ngram
TH038,Norms Rules Strategies,sets implicit,sets implicit,6.470751644431568,0,0,False,pilot_logodds_distinctive_ngram
TH038,Norms Rules Strategies,actors expectations converge,actors expectations converge,6.470751644431568,2,0,False,pilot_logodds_distinctive_ngram
TH038,Norms Rules Strategies,sets implicit explicit,sets implicit explicit,6.470751644431568,0,0,False,pilot_logodds_distinctive_ngram
TH038,Norms Rules Strategies,new ecological beliefs,new ecological beliefs,6.470751644431568,1,0,False,pilot_logodds_distinctive_ngram
TH038,Norms Rules Strategies,environmental behavior,environmental behavior,6.470751644431568,1,0,False,pilot_logodds_distinctive_ngram
TH038,Norms Rules Strategies,explicit principles,explicit principles,6.470751644431568,2,0,False,pilot_logodds_distinctive_ngram
TH038,Norms Rules Strategies,entails set,entails set,6.470751644431568,1,0,False,pilot_logodds_distinctive_ngram
TH038,Norms Rules Strategies,implicit explicit,implicit explicit,6.470751644431568,0,0,False,pilot_logodds_distinctive_ngram
TH038,Norms Rules Strategies,sufficiently broad,sufficiently broad,5.708886761758684,1,0,False,pilot_logodds_distinctive_ngram
TH038,Norms Rules Strategies,epigov,epigov,5.372137209550559,1,0,False,pilot_logodds_distinctive_ngram
TH038,Norms Rules Strategies,time state,time state,5.372137209550559,1,0,False,pilot_logodds_distinctive_ngram
TH038,Norms Rules Strategies,given area,given area,5.372137209550559,2,0,False,pilot_logodds_distinctive_ngram
TH038,Norms Rules Strategies,did constitute,did constitute,5.372137209550559,1,0,False,pilot_logodds_distinctive_ngram
TH038,Norms Rules Strategies,features international,features international,5.372137209550559,0,0,False,pilot_logodds_distinctive_ngram
TH038,Norms Rules Strategies,visits,visits,5.372137209550559,1,0,False,pilot_logodds_distinctive_ngram
TH038,Norms Rules Strategies,law developed,law developed,5.198058991775186,2,1,False,pilot_logodds_distinctive_ngram
TH038,Norms Rules Strategies,state practices,state practices,4.861584608931862,1,0,False,pilot_logodds_distinctive_ngram
TH038,Norms Rules Strategies,new ecological,new ecological,4.861584608931862,2,0,False,pilot_logodds_distinctive_ngram
TH038,Norms Rules Strategies,informal institutions,informal institutions,4.86130943956706,2,2,False,pilot_logodds_distinctive_ngram
TH038,Norms Rules Strategies,dahl,dahl,4.86130943956706,1,0,False,pilot_logodds_distinctive_ngram
TH038,Norms Rules Strategies,vigorously,vigorously,4.86130943956706,1,0,False,pilot_logodds_distinctive_ngram
TH038,Norms Rules Strategies,evolution international,evolution international,4.86130943956706,0,0,False,pilot_logodds_distinctive_ngram
TH038,Norms Rules Strategies,institutional organizational,institutional organizational,4.86130943956706,0,1,False,pilot_logodds_distinctive_ngram
TH038,Norms Rules Strategies,ascertained,ascertained,4.86130943956706,1,0,False,pilot_logodds_distinctive_ngram
TH038,Norms Rules Strategies,refuse entry,refuse entry,4.861034347080269,1,0,False,pilot_logodds_distinctive_ngram
TH038,Norms Rules Strategies,greenpeace regularly monitors,greenpeace regularly monitors,4.861034347080269,0,1,False,pilot_logodds_distinctive_ngram
TH038,Norms Rules Strategies,national environmental policies,national environmental policies,4.861034347080269,1,0,False,pilot_logodds_distinctive_ngram
TH038,Norms Rules Strategies,judged,judged,4.861034347080269,2,0,False,pilot_logodds_distinctive_ngram
TH038,Norms Rules Strategies,lack formal,lack formal,4.861034347080269,0,0,False,pilot_logodds_distinctive_ngram
TH038,Norms Rules Strategies,shipments violation international,shipments violation international,4.861034347080269,0,0,False,pilot_logodds_distinctive_ngram
TH038,Norms Rules Strategies,range public,range public,4.861034347080269,0,1,False,pilot_logodds_distinctive_ngram
TH038,Norms Rules Strategies,given complexity,given complexity,4.861034347080269,0,0,False,pilot_logodds_distinctive_ngram
TH038,Norms Rules Strategies,constructivist methodology,constructivist methodology,4.861034347080269,1,0,False,pilot_logodds_distinctive_ngram
TH038,Norms Rules Strategies,presented way,presented way,4.861034347080269,0,0,False,pilot_logodds_distinctive_ngram
TH039,Principles Norms Rules,actors expectations,actors expectations,7.194505821748611,2,0,False,pilot_logodds_distinctive_ngram
TH039,Principles Norms Rules,given area international,given area international,6.857626253146205,0,0,False,pilot_logodds_distinctive_ngram
TH039,Principles Norms Rules,soft law developed,soft law developed,6.857626253146205,0,1,False,pilot_logodds_distinctive_ngram
TH039,Principles Norms Rules,expectations converge,expectations converge,6.857626253146205,2,0,False,pilot_logodds_distinctive_ngram
TH039,Principles Norms Rules,expectations converge given,expectations converge given,6.857626253146205,0,0,False,pilot_logodds_distinctive_ngram
TH039,Principles Norms Rules,actors expectations converge,actors expectations converge,6.857626253146205,2,0,False,pilot_logodds_distinctive_ngram
TH039,Principles Norms Rules,area international relations,area international relations,6.857626253146205,0,0,False,pilot_logodds_distinctive_ngram
TH039,Principles Norms Rules,converge given area,converge given area,6.857626253146205,0,0,False,pilot_logodds_distinctive_ngram
TH039,Principles Norms Rules,entails set,entails set,6.857626253146205,1,0,False,pilot_logodds_distinctive_ngram
TH039,Principles Norms Rules,implicit explicit,implicit explicit,6.857626253146205,0,0,False,pilot_logodds_distinctive_ngram
TH039,Principles Norms Rules,converge given,converge given,6.857626253146205,0,0,False,pilot_logodds_distinctive_ngram
TH039,Principles Norms Rules,sets implicit,sets implicit,6.857626253146205,0,0,False,pilot_logodds_distinctive_ngram
TH039,Principles Norms Rules,sets implicit explicit,sets implicit explicit,6.857626253146205,0,0,False,pilot_logodds_distinctive_ngram
TH039,Principles Norms Rules,sufficiently broad,sufficiently broad,6.0958913921563065,1,0,False,pilot_logodds_distinctive_ngram
TH039,Principles Norms Rules,given area,given area,5.759011823553901,2,0,False,pilot_logodds_distinctive_ngram
TH039,Principles Norms Rules,epigov,epigov,5.759011823553901,1,0,False,pilot_logodds_distinctive_ngram
TH039,Principles Norms Rules,law developed,law developed,5.585063627461538,2,1,False,pilot_logodds_distinctive_ngram
TH039,Principles Norms Rules,dahl,dahl,5.248184058859132,1,0,False,pilot_logodds_distinctive_ngram
TH039,Principles Norms Rules,institutional organizational,institutional organizational,5.248184058859132,0,1,False,pilot_logodds_distinctive_ngram
TH039,Principles Norms Rules,ascertained,ascertained,5.248184058859132,1,0,False,pilot_logodds_distinctive_ngram
TH039,Principles Norms Rules,informal institutions,informal institutions,5.248184058859132,2,2,False,pilot_logodds_distinctive_ngram
TH039,Principles Norms Rules,retard,retard,5.247779033658507,2,0,False,pilot_logodds_distinctive_ngram
TH039,Principles Norms Rules,study collective action,study collective action,5.247779033658507,1,0,False,pilot_logodds_distinctive_ngram
TH039,Principles Norms Rules,study collective,study collective,5.247779033658507,1,0,False,pilot_logodds_distinctive_ngram
TH039,Principles Norms Rules,concerns policy,concerns policy,5.247779033658507,0,0,False,pilot_logodds_distinctive_ngram
TH039,Principles Norms Rules,consensus approaches truth,consensus approaches truth,5.247779033658507,0,0,False,pilot_logodds_distinctive_ngram
TH039,Principles Norms Rules,precision,precision,5.247779033658507,1,0,False,pilot_logodds_distinctive_ngram
TH039,Principles Norms Rules,pollution waste,pollution waste,5.247779033658507,1,0,False,pilot_logodds_distinctive_ngram
TH039,Principles Norms Rules,formal governance,formal governance,5.247779033658507,2,1,False,pilot_logodds_distinctive_ngram
TH039,Principles Norms Rules,formal informal prescribe,formal informal prescribe,5.247779033658507,0,1,False,pilot_logodds_distinctive_ngram
TH039,Principles Norms Rules,governance widely,governance widely,5.247779033658507,1,1,False,pilot_logodds_distinctive_ngram
TH039,Principles Norms Rules,epistemic communities defined,epistemic communities defined,5.247779033658507,0,0,False,pilot_logodds_distinctive_ngram
TH039,Principles Norms Rules,retain influence,retain influence,5.247779033658507,1,0,False,pilot_logodds_distinctive_ngram
TH039,Principles Norms Rules,issues likely,issues likely,5.247779033658507,1,0,False,pilot_logodds_distinctive_ngram
TH039,Principles Norms Rules,embodying,embodying,5.247779033658507,2,0,False,pilot_logodds_distinctive_ngram
TH039,Principles Norms Rules,epistemic communities provide,epistemic communities provide,5.247779033658507,1,0,False,pilot_logodds_distinctive_ngram
TH039,Principles Norms Rules,epistemic communities shaping,epistemic communities shaping,5.247779033658507,0,0,False,pilot_logodds_distinctive_ngram
TH039,Principles Norms Rules,principal actors responsible,principal actors responsible,5.247779033658507,1,0,False,pilot_logodds_distinctive_ngram
TH039,Principles Norms Rules,collective actor,collective actor,5.247779033658507,2,0,False,pilot_logodds_distinctive_ngram
TH039,Principles Norms Rules,principal actors,principal actors,5.247779033658507,1,0,False,pilot_logodds_distinctive_ngram
TH039,Principles Norms Rules,pollution waste management,pollution waste management,5.247779033658507,1,0,False,pilot_logodds_distinctive_ngram
TH039,Principles Norms Rules,industrial pollution waste,industrial pollution waste,5.247779033658507,1,0,False,pilot_logodds_distinctive_ngram
TH039,Principles Norms Rules,industrialized states,industrialized states,5.247779033658507,2,0,False,pilot_logodds_distinctive_ngram
TH039,Principles Norms Rules,tracing focused,tracing focused,5.247779033658507,1,0,False,pilot_logodds_distinctive_ngram
TH039,Principles Norms Rules,states expectations,states expectations,5.247779033658507,1,0,False,pilot_logodds_distinctive_ngram
TH039,Principles Norms Rules,legislature,legislature,5.247779033658507,2,0,False,pilot_logodds_distinctive_ngram
TH040,Coordination Capacity,manage relationships degenerate,manage relationships degenerate,7.51671501739464,0,0,False,pilot_logodds_distinctive_ngram
TH040,Coordination Capacity,cultural gaps,cultural gaps,7.51671501739464,2,0,False,pilot_logodds_distinctive_ngram
TH040,Coordination Capacity,cultural gaps networks,cultural gaps networks,7.51671501739464,2,1,False,pilot_logodds_distinctive_ngram
TH040,Coordination Capacity,enforcement rule,enforcement rule,7.51671501739464,0,2,False,pilot_logodds_distinctive_ngram
TH040,Coordination Capacity,networks manage,networks manage,7.51671501739464,2,1,False,pilot_logodds_distinctive_ngram
TH040,Coordination Capacity,voluntary energy,voluntary energy,7.51671501739464,2,0,False,pilot_logodds_distinctive_ngram
TH040,Coordination Capacity,typical network,typical network,7.51671501739464,2,1,False,pilot_logodds_distinctive_ngram
TH040,Coordination Capacity,voluntary energy legitimacy,voluntary energy legitimacy,7.51671501739464,0,1,False,pilot_logodds_distinctive_ngram
TH040,Coordination Capacity,skills states international,skills states international,7.51671501739464,0,0,False,pilot_logodds_distinctive_ngram
TH040,Coordination Capacity,relationships degenerate,relationships degenerate,7.51671501739464,0,0,False,pilot_logodds_distinctive_ngram
TH040,Coordination Capacity,political cultural gaps,political cultural gaps,7.51671501739464,0,0,False,pilot_logodds_distinctive_ngram
TH040,Coordination Capacity,relationships degenerate counterproductive,relationships degenerate counterproductive,7.51671501739464,0,0,False,pilot_logodds_distinctive_ngram
TH040,Coordination Capacity,typical network thing,typical network thing,7.51671501739464,0,1,False,pilot_logodds_distinctive_ngram
TH040,Coordination Capacity,skills states,skills states,7.51671501739464,0,0,False,pilot_logodds_distinctive_ngram
TH040,Coordination Capacity,networks manage relationships,networks manage relationships,7.51671501739464,2,1,False,pilot_logodds_distinctive_ngram
TH040,Coordination Capacity,enforcement rule making,enforcement rule making,7.51671501739464,0,2,False,pilot_logodds_distinctive_ngram
TH040,Coordination Capacity,legitimacy civil society,legitimacy civil society,7.51671501739464,0,1,False,pilot_logodds_distinctive_ngram
TH040,Coordination Capacity,legitimacy civil,legitimacy civil,7.51671501739464,0,1,False,pilot_logodds_distinctive_ngram
TH040,Coordination Capacity,energy legitimacy civil,energy legitimacy civil,7.51671501739464,0,1,False,pilot_logodds_distinctive_ngram
TH040,Coordination Capacity,building skills,building skills,7.51671501739464,2,0,False,pilot_logodds_distinctive_ngram
TH040,Coordination Capacity,sector financial muscle,sector financial muscle,7.51671501739464,0,0,False,pilot_logodds_distinctive_ngram
TH040,Coordination Capacity,gaps networks,gaps networks,7.51671501739464,2,1,False,pilot_logodds_distinctive_ngram
TH040,Coordination Capacity,building skills states,building skills states,7.51671501739464,0,0,False,pilot_logodds_distinctive_ngram
TH040,Coordination Capacity,gaps networks manage,gaps networks manage,7.51671501739464,2,1,False,pilot_logodds_distinctive_ngram
TH040,Coordination Capacity,sector financial,sector financial,7.51671501739464,0,0,False,pilot_logodds_distinctive_ngram
TH040,Coordination Capacity,financial muscle,financial muscle,7.51671501739464,2,0,False,pilot_logodds_distinctive_ngram
TH040,Coordination Capacity,combines voluntary,combines voluntary,7.51671501739464,0,0,False,pilot_logodds_distinctive_ngram
TH040,Coordination Capacity,rule making power,rule making power,7.51671501739464,2,1,False,pilot_logodds_distinctive_ngram
TH040,Coordination Capacity,society sector financial,society sector financial,7.51671501739464,0,0,False,pilot_logodds_distinctive_ngram
TH040,Coordination Capacity,thing combines,thing combines,7.51671501739464,2,0,False,pilot_logodds_distinctive_ngram
TH040,Coordination Capacity,network thing combines,network thing combines,7.51671501739464,0,1,False,pilot_logodds_distinctive_ngram
TH040,Coordination Capacity,network thing,network thing,7.51671501739464,0,1,False,pilot_logodds_distinctive_ngram
TH040,Coordination Capacity,energy legitimacy,energy legitimacy,7.51671501739464,0,1,False,pilot_logodds_distinctive_ngram
TH040,Coordination Capacity,degenerate counterproductive,degenerate counterproductive,7.51671501739464,0,0,False,pilot_logodds_distinctive_ngram
TH040,Coordination Capacity,thing combines voluntary,thing combines voluntary,7.51671501739464,0,0,False,pilot_logodds_distinctive_ngram
TH040,Coordination Capacity,combines voluntary energy,combines voluntary energy,7.51671501739464,0,0,False,pilot_logodds_distinctive_ngram
TH040,Coordination Capacity,civil society sector,civil society sector,6.418100593206425,2,0,False,pilot_logodds_distinctive_ngram
TH040,Coordination Capacity,making power,making power,6.418100593206425,3,0,False,pilot_logodds_distinctive_ngram
TH040,Coordination Capacity,manage relationships,manage relationships,6.418100593206425,2,0,False,pilot_logodds_distinctive_ngram
TH040,Coordination Capacity,degenerate,degenerate,6.418100593206425,2,0,False,pilot_logodds_distinctive_ngram
TH040,Coordination Capacity,society sector,society sector,6.418100593206425,2,0,False,pilot_logodds_distinctive_ngram
TH040,Coordination Capacity,political cultural,political cultural,6.418100593206425,0,0,False,pilot_logodds_distinctive_ngram
TH040,Coordination Capacity,muscle,muscle,6.418100593206425,2,0,False,pilot_logodds_distinctive_ngram
TH040,Coordination Capacity,gppns,gppns,6.160156836224784,1,0,False,pilot_logodds_distinctive_ngram
TH040,Coordination Capacity,msds,msds,5.907272833915767,1,0,False,pilot_logodds_distinctive_ngram
TH040,Coordination Capacity,response governments,response governments,5.906490040043776,0,1,False,pilot_logodds_distinctive_ngram
TH040,Coordination Capacity,features bretton,features bretton,5.906490040043776,0,0,False,pilot_logodds_distinctive_ngram
TH040,Coordination Capacity,effectiveness development,effectiveness development,5.906490040043776,0,0,False,pilot_logodds_distinctive_ngram
TH040,Coordination Capacity,strong support,strong support,5.906490040043776,2,0,False,pilot_logodds_distinctive_ngram
TH040,Coordination Capacity,goal strengthening,goal strengthening,5.906490040043776,0,0,False,pilot_logodds_distinctive_ngram
TH040,Coordination Capacity,research networks,research networks,5.906490040043776,1,1,False,pilot_logodds_distinctive_ngram
TH040,Coordination Capacity,networks important,networks important,5.906490040043776,0,1,False,pilot_logodds_distinctive_ngram
TH040,Coordination Capacity,actors various sectors,actors various sectors,5.906490040043776,0,0,False,pilot_logodds_distinctive_ngram
TH041,Monitoring Evaluation,cases national,cases national,6.3425505593301645,1,0,False,pilot_logodds_distinctive_ngram
TH041,Monitoring Evaluation,institutions foster,institutions foster,6.3425505593301645,0,1,False,pilot_logodds_distinctive_ngram
TH041,Monitoring Evaluation,secretariats lack,secretariats lack,5.243936122194342,1,0,False,pilot_logodds_distinctive_ngram
TH041,Monitoring Evaluation,imbalances,imbalances,5.243936122194342,2,0,False,pilot_logodds_distinctive_ngram
TH041,Monitoring Evaluation,provisions environmental,provisions environmental,5.243936122194342,0,0,False,pilot_logodds_distinctive_ngram
TH041,Monitoring Evaluation,influence actors,influence actors,5.243936122194342,0,0,False,pilot_logodds_distinctive_ngram
TH041,Monitoring Evaluation,global complexity,global complexity,5.243936122194342,1,0,False,pilot_logodds_distinctive_ngram
TH041,Monitoring Evaluation,global environment outlook,global environment outlook,5.243936122194342,2,0,False,pilot_logodds_distinctive_ngram
TH041,Monitoring Evaluation,environment outlook,environment outlook,5.243936122194342,2,0,False,pilot_logodds_distinctive_ngram
TH041,Monitoring Evaluation,baselines,baselines,5.243936122194342,1,0,False,pilot_logodds_distinctive_ngram
TH041,Monitoring Evaluation,shifting baselines,shifting baselines,5.243936122194342,1,0,False,pilot_logodds_distinctive_ngram
TH041,Monitoring Evaluation,partner countries,partner countries,5.243936122194342,1,1,False,pilot_logodds_distinctive_ngram
TH041,Monitoring Evaluation,program emep,program emep,5.243936122194342,1,0,False,pilot_logodds_distinctive_ngram
TH041,Monitoring Evaluation,uses term,uses term,5.243936122194342,0,0,False,pilot_logodds_distinctive_ngram
TH041,Monitoring Evaluation,reporting obligations,reporting obligations,5.243936122194342,2,0,False,pilot_logodds_distinctive_ngram
TH041,Monitoring Evaluation,commitments member,commitments member,4.733108349956024,0,0,False,pilot_logodds_distinctive_ngram
TH041,Monitoring Evaluation,commitments member states,commitments member states,4.733108349956024,0,0,False,pilot_logodds_distinctive_ngram
TH041,Monitoring Evaluation,check data,check data,4.733108349956024,1,1,False,pilot_logodds_distinctive_ngram
TH041,Monitoring Evaluation,networks organized,networks organized,4.733108349956024,2,1,False,pilot_logodds_distinctive_ngram
TH041,Monitoring Evaluation,oil spills,oil spills,4.733108349956024,2,0,False,pilot_logodds_distinctive_ngram
TH041,Monitoring Evaluation,nuance,nuance,4.733108349956024,2,0,False,pilot_logodds_distinctive_ngram
TH041,Monitoring Evaluation,quality national,quality national,4.733108349956024,1,0,False,pilot_logodds_distinctive_ngram
TH041,Monitoring Evaluation,unspecified,unspecified,4.733108349956024,1,0,False,pilot_logodds_distinctive_ngram
TH041,Monitoring Evaluation,gems,gems,4.733108349956024,3,0,False,pilot_logodds_distinctive_ngram
TH041,Monitoring Evaluation,symmetry,symmetry,4.733108349956024,1,0,False,pilot_logodds_distinctive_ngram
TH041,Monitoring Evaluation,code international,code international,4.733108349956024,2,0,False,pilot_logodds_distinctive_ngram
TH041,Monitoring Evaluation,spills,spills,4.733108349956024,2,0,False,pilot_logodds_distinctive_ngram
TH041,Monitoring Evaluation,alarms,alarms,4.733108349956024,2,0,False,pilot_logodds_distinctive_ngram
TH041,Monitoring Evaluation,voluntary mandatory frequency,voluntary mandatory frequency,4.7328663578021395,0,1,False,pilot_logodds_distinctive_ngram
TH041,Monitoring Evaluation,surveillance reports,surveillance reports,4.7328663578021395,1,0,False,pilot_logodds_distinctive_ngram
TH041,Monitoring Evaluation,intended serve,intended serve,4.7328663578021395,0,0,False,pilot_logodds_distinctive_ngram
TH041,Monitoring Evaluation,voluntary presentations,voluntary presentations,4.7328663578021395,1,0,False,pilot_logodds_distinctive_ngram
TH041,Monitoring Evaluation,serve early warning,serve early warning,4.7328663578021395,0,0,False,pilot_logodds_distinctive_ngram
TH041,Monitoring Evaluation,capable inducing compliance,capable inducing compliance,4.7328663578021395,0,1,False,pilot_logodds_distinctive_ngram
TH041,Monitoring Evaluation,capable inducing,capable inducing,4.7328663578021395,0,0,False,pilot_logodds_distinctive_ngram
TH041,Monitoring Evaluation,serve early,serve early,4.7328663578021395,0,0,False,pilot_logodds_distinctive_ngram
TH041,Monitoring Evaluation,surveillance reports prepared,surveillance reports prepared,4.7328663578021395,1,0,False,pilot_logodds_distinctive_ngram
TH041,Monitoring Evaluation,binding commitments,binding commitments,4.7328663578021395,2,0,False,pilot_logodds_distinctive_ngram
TH041,Monitoring Evaluation,given prominence intergovernmental,given prominence intergovernmental,4.7328663578021395,0,1,False,pilot_logodds_distinctive_ngram
TH041,Monitoring Evaluation,global accountability,global accountability,4.7328663578021395,1,1,False,pilot_logodds_distinctive_ngram
TH041,Monitoring Evaluation,level independence,level independence,4.7328663578021395,0,0,False,pilot_logodds_distinctive_ngram
TH041,Monitoring Evaluation,regional acidification,regional acidification,4.7328663578021395,1,0,False,pilot_logodds_distinctive_ngram
TH041,Monitoring Evaluation,regional acidification information,regional acidification information,4.7328663578021395,1,1,False,pilot_logodds_distinctive_ngram
TH042,Treaty Secretariats,sandford,sandford,6.852037838382774,1,0,False,pilot_logodds_distinctive_ngram
TH042,Treaty Secretariats,public nonstate,public nonstate,6.583532640908315,1,1,False,pilot_logodds_distinctive_ngram
TH042,Treaty Secretariats,sociological institutionalism,sociological institutionalism,6.583532640908315,2,1,False,pilot_logodds_distinctive_ngram
TH042,Treaty Secretariats,arendt,arendt,6.416357972620259,1,0,False,pilot_logodds_distinctive_ngram
TH042,Treaty Secretariats,authority intergovernmental,authority intergovernmental,6.416357972620259,0,2,False,pilot_logodds_distinctive_ngram
TH042,Treaty Secretariats,secretariat desertiªcation,secretariat desertiªcation,6.215566708071875,0,0,False,pilot_logodds_distinctive_ngram
TH042,Treaty Secretariats,bear bureaucratic,bear bureaucratic,6.215566708071875,1,0,False,pilot_logodds_distinctive_ngram
TH042,Treaty Secretariats,secretariat desertiªcation secretariat,secretariat desertiªcation secretariat,6.215566708071875,0,0,False,pilot_logodds_distinctive_ngram
TH042,Treaty Secretariats,public nonstate actors,public nonstate actors,6.215566708071875,1,1,False,pilot_logodds_distinctive_ngram
TH042,Treaty Secretariats,internal environmental policy,internal environmental policy,5.964131725239889,1,0,False,pilot_logodds_distinctive_ngram
TH042,Treaty Secretariats,bureaucratic personalities,bureaucratic personalities,5.964131725239889,1,0,False,pilot_logodds_distinctive_ngram
TH042,Treaty Secretariats,bureaucratic organizations,bureaucratic organizations,5.964131725239889,1,0,False,pilot_logodds_distinctive_ngram
TH042,Treaty Secretariats,regime dynamics,regime dynamics,5.964131725239889,1,1,False,pilot_logodds_distinctive_ngram
TH042,Treaty Secretariats,institutionalist research,institutionalist research,5.964131725239889,1,1,False,pilot_logodds_distinctive_ngram
TH042,Treaty Secretariats,ªeld,ªeld,5.964131725239889,1,0,False,pilot_logodds_distinctive_ngram
TH042,Treaty Secretariats,respective regime,respective regime,5.964131725239889,1,1,False,pilot_logodds_distinctive_ngram
TH042,Treaty Secretariats,difference ways,difference ways,5.964131725239889,0,0,False,pilot_logodds_distinctive_ngram
TH042,Treaty Secretariats,intergovernmental organizations actors,intergovernmental organizations actors,5.964131725239889,0,1,False,pilot_logodds_distinctive_ngram
TH042,Treaty Secretariats,hannah,hannah,5.964131725239889,1,0,False,pilot_logodds_distinctive_ngram
TH042,Treaty Secretariats,integration larger,integration larger,5.964131725239889,1,1,False,pilot_logodds_distinctive_ngram
TH042,Treaty Secretariats,bear bureaucratic authority,bear bureaucratic authority,5.964131725239889,1,1,False,pilot_logodds_distinctive_ngram
TH042,Treaty Secretariats,ozone secretariat desertiªcation,ozone secretariat desertiªcation,5.964131725239889,0,0,False,pilot_logodds_distinctive_ngram
TH042,Treaty Secretariats,bureaucratic authority,bureaucratic authority,5.924866381420689,1,1,False,pilot_logodds_distinctive_ngram
TH042,Treaty Secretariats,bureaucratic personality,bureaucratic personality,5.62813962601215,1,0,False,pilot_logodds_distinctive_ngram
TH042,Treaty Secretariats,treatment intergovernmental organizations,treatment intergovernmental organizations,5.627538948599243,0,1,False,pilot_logodds_distinctive_ngram
TH042,Treaty Secretariats,treatment intergovernmental,treatment intergovernmental,5.627538948599243,0,1,False,pilot_logodds_distinctive_ngram
TH042,Treaty Secretariats,hannah arendt,hannah arendt,5.627538948599243,1,0,False,pilot_logodds_distinctive_ngram
TH042,Treaty Secretariats,little understanding role,little understanding role,5.627538948599243,0,0,False,pilot_logodds_distinctive_ngram
TH042,Treaty Secretariats,little understanding,little understanding,5.627538948599243,0,0,False,pilot_logodds_distinctive_ngram
TH042,Treaty Secretariats,vested intergovernmental,vested intergovernmental,5.627538948599243,0,1,False,pilot_logodds_distinctive_ngram
TH042,Treaty Secretariats,experiencing drought desertiªcation,experiencing drought desertiªcation,5.627538948599243,0,0,False,pilot_logodds_distinctive_ngram
TH042,Treaty Secretariats,play international,play international,5.627538948599243,0,0,False,pilot_logodds_distinctive_ngram
TH042,Treaty Secretariats,michael martha finnemore,michael martha finnemore,5.627538948599243,0,0,True,pilot_logodds_distinctive_ngram
TH042,Treaty Secretariats,arena global,arena global,5.627538948599243,0,0,False,pilot_logodds_distinctive_ngram
TH042,Treaty Secretariats,play international environmental,play international environmental,5.627538948599243,0,0,False,pilot_logodds_distinctive_ngram
TH042,Treaty Secretariats,mislead conclusions state,mislead conclusions state,5.627538948599243,0,0,False,pilot_logodds_distinctive_ngram
TH042,Treaty Secretariats,volkswagen foundation,volkswagen foundation,5.627538948599243,2,0,False,pilot_logodds_distinctive_ngram
TH042,Treaty Secretariats,mislead conclusions,mislead conclusions,5.627538948599243,2,0,False,pilot_logodds_distinctive_ngram
TH042,Treaty Secretariats,mislead,mislead,5.627538948599243,2,0,False,pilot_logodds_distinctive_ngram
TH042,Treaty Secretariats,volkswagen,volkswagen,5.627538948599243,2,0,False,pilot_logodds_distinctive_ngram
TH042,Treaty Secretariats,limited understanding,limited understanding,5.627538948599243,2,0,False,pilot_logodds_distinctive_ngram
TH042,Treaty Secretariats,empirical manifestation,empirical manifestation,5.627538948599243,1,0,False,pilot_logodds_distinctive_ngram
TH042,Treaty Secretariats,empirical knowledge numerous,empirical knowledge numerous,5.627538948599243,0,0,False,pilot_logodds_distinctive_ngram
TH042,Treaty Secretariats,empirical knowledge,empirical knowledge,5.627538948599243,2,0,False,pilot_logodds_distinctive_ngram
TH042,Treaty Secretariats,ideal typical,ideal typical,5.627538948599243,1,0,False,pilot_logodds_distinctive_ngram
TH042,Treaty Secretariats,likely mislead conclusions,likely mislead conclusions,5.627538948599243,0,0,False,pilot_logodds_distinctive_ngram
TH043,Institutional Law,breach treaty,breach treaty,6.515481273167557,0,0,False,pilot_logodds_distinctive_ngram
TH043,Institutional Law,alas internal,alas internal,6.264004875336572,0,0,False,pilot_logodds_distinctive_ngram
TH043,Institutional Law,parties meas,parties meas,6.264004875336572,0,0,False,pilot_logodds_distinctive_ngram
TH043,Institutional Law,alas internal level,alas internal level,6.264004875336572,0,0,False,pilot_logodds_distinctive_ngram
TH043,Institutional Law,schermers,schermers,5.9289869937341715,1,0,False,pilot_logodds_distinctive_ngram
TH043,Institutional Law,establishment subsidiary bodies,establishment subsidiary bodies,5.927370695395167,0,0,False,pilot_logodds_distinctive_ngram
TH043,Institutional Law,differ alas,differ alas,5.927370695395167,0,0,False,pilot_logodds_distinctive_ngram
TH043,Institutional Law,stated climate change,stated climate change,5.927370695395167,0,0,False,pilot_logodds_distinctive_ngram
TH043,Institutional Law,establishment subsidiary,establishment subsidiary,5.927370695395167,0,0,False,pilot_logodds_distinctive_ngram
TH043,Institutional Law,koskenniemi supra note,koskenniemi supra note,5.927370695395167,1,0,False,pilot_logodds_distinctive_ngram
TH043,Institutional Law,koskenniemi supra,koskenniemi supra,5.927370695395167,1,0,False,pilot_logodds_distinctive_ngram
TH043,Institutional Law,parties meas establishing,parties meas establishing,5.927370695395167,0,0,False,pilot_logodds_distinctive_ngram
TH043,Institutional Law,treaties meas,treaties meas,5.927370695395167,1,0,False,pilot_logodds_distinctive_ngram
TH043,Institutional Law,traditional international,traditional international,5.927370695395167,1,0,False,pilot_logodds_distinctive_ngram
TH043,Institutional Law,meas obviously,meas obviously,5.927370695395167,1,0,False,pilot_logodds_distinctive_ngram
TH043,Institutional Law,applying international,applying international,5.927370695395167,1,0,False,pilot_logodds_distinctive_ngram
TH043,Institutional Law,bodies adoption,bodies adoption,5.927370695395167,0,0,False,pilot_logodds_distinctive_ngram
TH043,Institutional Law,stated climate,stated climate,5.927370695395167,0,0,False,pilot_logodds_distinctive_ngram
TH043,Institutional Law,bodies adoption rules,bodies adoption rules,5.927370695395167,0,1,False,pilot_logodds_distinctive_ngram
TH043,Institutional Law,feature international,feature international,5.927370695395167,0,0,False,pilot_logodds_distinctive_ngram
TH043,Institutional Law,adopting decisions,adopting decisions,5.927370695395167,1,0,False,pilot_logodds_distinctive_ngram
TH043,Institutional Law,cooperation mea,cooperation mea,5.927370695395167,0,0,False,pilot_logodds_distinctive_ngram
TH043,Institutional Law,founded international agreement,founded international agreement,5.927370695395167,0,0,False,pilot_logodds_distinctive_ngram
TH043,Institutional Law,definition international organization,definition international organization,5.927370695395167,0,0,False,pilot_logodds_distinctive_ngram
TH043,Institutional Law,expulsion,expulsion,5.927370695395167,1,0,False,pilot_logodds_distinctive_ngram
TH043,Institutional Law,cops subsidiary,cops subsidiary,5.927370695395167,1,0,False,pilot_logodds_distinctive_ngram
TH043,Institutional Law,cooperation founded,cooperation founded,5.927370695395167,1,0,False,pilot_logodds_distinctive_ngram
TH043,Institutional Law,implementation provisions,implementation provisions,5.927370695395167,0,1,False,pilot_logodds_distinctive_ngram
TH043,Institutional Law,decisions cop subsidiary,decisions cop subsidiary,5.927370695395167,0,0,False,pilot_logodds_distinctive_ngram
TH043,Institutional Law,cooperation founded international,cooperation founded international,5.927370695395167,0,0,False,pilot_logodds_distinctive_ngram
TH043,Institutional Law,treaty interpretation,treaty interpretation,5.927370695395167,1,0,False,pilot_logodds_distinctive_ngram
TH043,Institutional Law,applied alas,applied alas,5.927370695395167,0,0,False,pilot_logodds_distinctive_ngram
TH043,Institutional Law,cops subsidiary bodies,cops subsidiary bodies,5.927370695395167,1,0,False,pilot_logodds_distinctive_ngram
TH043,Institutional Law,special characteristics,special characteristics,5.927370695395167,1,0,False,pilot_logodds_distinctive_ngram
TH043,Institutional Law,special characteristics arrangements,special characteristics arrangements,5.927370695395167,0,0,False,pilot_logodds_distinctive_ngram
TH043,Institutional Law,characteristics arrangements,characteristics arrangements,5.927370695395167,0,0,False,pilot_logodds_distinctive_ngram
TH043,Institutional Law,account taken,account taken,5.927370695395167,0,1,False,pilot_logodds_distinctive_ngram
TH043,Institutional Law,meas establishing,meas establishing,5.927370695395167,0,0,False,pilot_logodds_distinctive_ngram
TH043,Institutional Law,powers host organization,powers host organization,5.927370695395167,0,0,False,pilot_logodds_distinctive_ngram
TH044,Multi Stakeholder,conference local,conference local,5.95822421995624,0,0,False,pilot_logodds_distinctive_ngram
TH044,Multi Stakeholder,international conference local,international conference local,5.95822421995624,0,0,False,pilot_logodds_distinctive_ngram
TH044,Multi Stakeholder,development nssd,development nssd,5.95822421995624,1,0,False,pilot_logodds_distinctive_ngram
TH044,Multi Stakeholder,conference local development,conference local development,5.95822421995624,0,0,False,pilot_logodds_distinctive_ngram
TH044,Multi Stakeholder,sustainable development nssd,sustainable development nssd,5.95822421995624,1,0,False,pilot_logodds_distinctive_ngram
TH044,Multi Stakeholder,nssd,nssd,5.882010800413436,1,0,False,pilot_logodds_distinctive_ngram
TH044,Multi Stakeholder,processes msps,processes msps,5.7068161060841085,1,0,False,pilot_logodds_distinctive_ngram
TH044,Multi Stakeholder,production programme,production programme,5.7068161060841085,1,0,False,pilot_logodds_distinctive_ngram
TH044,Multi Stakeholder,development washington dc,development washington dc,5.7068161060841085,1,0,False,pilot_logodds_distinctive_ngram
TH044,Multi Stakeholder,governing network,governing network,5.7068161060841085,0,2,False,pilot_logodds_distinctive_ngram
TH044,Multi Stakeholder,alegre,alegre,5.7068161060841085,1,0,False,pilot_logodds_distinctive_ngram
TH044,Multi Stakeholder,alegre brazil,alegre brazil,5.7068161060841085,1,0,False,pilot_logodds_distinctive_ngram
TH044,Multi Stakeholder,local development washington,local development washington,5.7068161060841085,1,0,False,pilot_logodds_distinctive_ngram
TH044,Multi Stakeholder,unctad xi,unctad xi,5.7068161060841085,1,0,False,pilot_logodds_distinctive_ngram
TH044,Multi Stakeholder,eggers,eggers,5.7068161060841085,1,0,False,pilot_logodds_distinctive_ngram
TH044,Multi Stakeholder,cross sector,cross sector,5.7068161060841085,1,0,False,pilot_logodds_distinctive_ngram
TH044,Multi Stakeholder,high expectations,high expectations,5.7068161060841085,2,0,False,pilot_logodds_distinctive_ngram
TH044,Multi Stakeholder,goldsmith eggers,goldsmith eggers,5.7068161060841085,0,0,False,pilot_logodds_distinctive_ngram
TH044,Multi Stakeholder,livestock production programme,livestock production programme,5.7068161060841085,1,0,False,pilot_logodds_distinctive_ngram
TH044,Multi Stakeholder,porto,porto,5.7068161060841085,1,0,False,pilot_logodds_distinctive_ngram
TH044,Multi Stakeholder,porto alegre,porto alegre,5.7068161060841085,1,0,False,pilot_logodds_distinctive_ngram
TH044,Multi Stakeholder,livestock production,livestock production,5.7068161060841085,1,0,False,pilot_logodds_distinctive_ngram
TH044,Multi Stakeholder,porto alegre brazil,porto alegre brazil,5.7068161060841085,1,0,False,pilot_logodds_distinctive_ngram
TH044,Multi Stakeholder,general annan,general annan,5.370250192647839,1,0,False,pilot_logodds_distinctive_ngram
TH044,Multi Stakeholder,cross sector relationships,cross sector relationships,5.370250192647839,1,0,False,pilot_logodds_distinctive_ngram
TH044,Multi Stakeholder,authorities ngos,authorities ngos,5.370250192647839,2,1,False,pilot_logodds_distinctive_ngram
TH044,Multi Stakeholder,civil society relations,civil society relations,5.370250192647839,1,0,False,pilot_logodds_distinctive_ngram
TH044,Multi Stakeholder,current policy debates,current policy debates,5.370250192647839,1,0,False,pilot_logodds_distinctive_ngram
TH044,Multi Stakeholder,sharing lessons,sharing lessons,5.370250192647839,1,0,False,pilot_logodds_distinctive_ngram
TH044,Multi Stakeholder,sharing lessons learned,sharing lessons learned,5.370250192647839,1,0,False,pilot_logodds_distinctive_ngram
TH044,Multi Stakeholder,zeledón,zeledón,5.370250192647839,1,0,False,pilot_logodds_distinctive_ngram
TH044,Multi Stakeholder,schemes like,schemes like,5.370250192647839,1,0,False,pilot_logodds_distinctive_ngram
TH044,Multi Stakeholder,declaration johannesburg plan,declaration johannesburg plan,5.370250192647839,0,0,False,pilot_logodds_distinctive_ngram
TH044,Multi Stakeholder,icld,icld,5.370250192647839,1,0,False,pilot_logodds_distinctive_ngram
TH044,Multi Stakeholder,global sustainable,global sustainable,5.370250192647839,2,0,False,pilot_logodds_distinctive_ngram
TH045,Learning Network,kadar,kadar,6.375341034942075,1,0,False,pilot_logodds_distinctive_ngram
TH045,Learning Network,join global compact,join global compact,6.375341034942075,0,0,False,pilot_logodds_distinctive_ngram
TH045,Learning Network,join global,join global,6.375341034942075,0,0,False,pilot_logodds_distinctive_ngram
TH045,Learning Network,voluntary cr programs,voluntary cr programs,6.375341034942075,1,0,False,pilot_logodds_distinctive_ngram
TH045,Learning Network,voluntary cr,voluntary cr,6.375341034942075,1,0,False,pilot_logodds_distinctive_ngram
TH045,Learning Network,compact provides,compact provides,6.375341034942075,1,0,False,pilot_logodds_distinctive_ngram
TH045,Learning Network,inevitably arise,inevitably arise,6.375341034942075,1,0,False,pilot_logodds_distinctive_ngram
TH045,Learning Network,individual institution,individual institution,6.375341034942075,0,1,False,pilot_logodds_distinctive_ngram
TH045,Learning Network,kadar asmal,kadar asmal,6.375341034942075,1,0,False,pilot_logodds_distinctive_ngram
TH045,Learning Network,committed search,committed search,6.375341034942075,1,0,False,pilot_logodds_distinctive_ngram
TH045,Learning Network,solutions real,solutions real,6.375341034942075,0,0,False,pilot_logodds_distinctive_ngram
TH045,Learning Network,solutions real problems,solutions real problems,6.375341034942075,0,0,False,pilot_logodds_distinctive_ngram
TH045,Learning Network,weak institutional design,weak institutional design,6.375341034942075,1,1,False,pilot_logodds_distinctive_ngram
TH045,Learning Network,keeps participants engaged,keeps participants engaged,6.375341034942075,1,1,False,pilot_logodds_distinctive_ngram
TH045,Learning Network,keeps participants,keeps participants,6.375341034942075,1,1,False,pilot_logodds_distinctive_ngram
TH045,Learning Network,united nations expect,united nations expect,6.375341034942075,0,0,False,pilot_logodds_distinctive_ngram
TH045,Learning Network,country level adoption,country level adoption,6.375341034942075,1,0,False,pilot_logodds_distinctive_ngram
TH045,Learning Network,conflicts inevitably,conflicts inevitably,6.375341034942075,0,0,False,pilot_logodds_distinctive_ngram
TH045,Learning Network,conflicts inevitably arise,conflicts inevitably arise,6.375341034942075,0,0,False,pilot_logodds_distinctive_ngram
TH045,Learning Network,tensions conflicts inevitably,tensions conflicts inevitably,6.375341034942075,0,0,False,pilot_logodds_distinctive_ngram
TH045,Learning Network,tensions conflicts,tensions conflicts,6.375341034942075,0,0,False,pilot_logodds_distinctive_ngram
TH045,Learning Network,inevitably arise committed,inevitably arise committed,6.375341034942075,0,0,False,pilot_logodds_distinctive_ngram
TH045,Learning Network,global dialogue,global dialogue,6.375341034942075,1,0,False,pilot_logodds_distinctive_ngram
TH045,Learning Network,participants engaged,participants engaged,6.375341034942075,1,1,False,pilot_logodds_distinctive_ngram
TH045,Learning Network,share power,share power,6.375341034942075,1,0,False,pilot_logodds_distinctive_ngram
TH045,Learning Network,arise committed search,arise committed search,6.375341034942075,0,0,False,pilot_logodds_distinctive_ngram
TH045,Learning Network,arise committed,arise committed,6.375341034942075,0,0,False,pilot_logodds_distinctive_ngram
TH045,Learning Network,widely adopted,widely adopted,6.375341034942075,1,0,False,pilot_logodds_distinctive_ngram
TH045,Learning Network,instrumental beneﬁts,instrumental beneﬁts,6.375341034942075,1,0,False,pilot_logodds_distinctive_ngram
TH045,Learning Network,shirking,shirking,6.375341034942075,1,0,False,pilot_logodds_distinctive_ngram
TH045,Learning Network,level adoption,level adoption,6.375341034942075,1,0,False,pilot_logodds_distinctive_ngram
TH045,Learning Network,nations expect,nations expect,6.375341034942075,0,0,False,pilot_logodds_distinctive_ngram
TH045,Learning Network,inactive,inactive,5.613451105467225,1,0,False,pilot_logodds_distinctive_ngram
TH045,Learning Network,non communicating,non communicating,5.613451105467225,1,0,False,pilot_logodds_distinctive_ngram
TH045,Learning Network,world society networks,world society networks,5.276726598410768,1,1,False,pilot_logodds_distinctive_ngram
TH045,Learning Network,individual institutional,individual institutional,5.276726598410768,0,1,False,pilot_logodds_distinctive_ngram
TH045,Learning Network,certiﬁed,certiﬁed,5.276726598410768,1,0,False,pilot_logodds_distinctive_ngram
TH045,Learning Network,global normative,global normative,5.276726598410768,1,1,False,pilot_logodds_distinctive_ngram
TH045,Learning Network,world society scholars,world society scholars,5.276726598410768,1,0,False,pilot_logodds_distinctive_ngram
TH045,Learning Network,society scholars,society scholars,5.276726598410768,1,0,False,pilot_logodds_distinctive_ngram
TH045,Learning Network,weak institutional,weak institutional,5.276726598410768,2,1,False,pilot_logodds_distinctive_ngram
TH045,Learning Network,program design global,program design global,5.276726598410768,1,0,False,pilot_logodds_distinctive_ngram
TH045,Learning Network,greater involvement,greater involvement,5.276726598410768,2,0,False,pilot_logodds_distinctive_ngram
TH045,Learning Network,real problems,real problems,5.276726598410768,2,0,False,pilot_logodds_distinctive_ngram
TH045,Learning Network,involvement world society,involvement world society,5.276726598410768,0,0,False,pilot_logodds_distinctive_ngram
TH045,Learning Network,involvement world,involvement world,5.276726598410768,0,0,False,pilot_logodds_distinctive_ngram
TH045,Learning Network,corporate practices,corporate practices,5.276726598410768,2,0,False,pilot_logodds_distinctive_ngram
TH046,Multistakeholder,accountability frameworks,accountability frameworks,7.379562789850968,1,1,False,pilot_logodds_distinctive_ngram
TH046,Multistakeholder,existing mechanisms,existing mechanisms,6.759729720593315,1,0,False,pilot_logodds_distinctive_ngram
TH046,Multistakeholder,development agenda national,development agenda national,6.759729720593315,1,0,False,pilot_logodds_distinctive_ngram
TH046,Multistakeholder,agenda national follow,agenda national follow,6.759729720593315,1,0,False,pilot_logodds_distinctive_ngram
TH046,Multistakeholder,frameworks place,frameworks place,6.422993003674342,0,0,False,pilot_logodds_distinctive_ngram
TH046,Multistakeholder,case development cooperation,case development cooperation,6.422993003674342,0,0,False,pilot_logodds_distinctive_ngram
TH046,Multistakeholder,case development,case development,6.422993003674342,0,0,False,pilot_logodds_distinctive_ngram
TH046,Multistakeholder,social accountability exercised,social accountability exercised,6.422993003674342,1,1,False,pilot_logodds_distinctive_ngram
TH046,Multistakeholder,active social accountability,active social accountability,6.422993003674342,1,1,False,pilot_logodds_distinctive_ngram
TH046,Multistakeholder,concrete elements,concrete elements,6.422993003674342,1,0,False,pilot_logodds_distinctive_ngram
TH046,Multistakeholder,accountability essentially,accountability essentially,6.422993003674342,0,1,False,pilot_logodds_distinctive_ngram
TH046,Multistakeholder,broader terms,broader terms,6.422993003674342,1,0,False,pilot_logodds_distinctive_ngram
TH046,Multistakeholder,accountability exercised multiple,accountability exercised multiple,6.422993003674342,0,1,False,pilot_logodds_distinctive_ngram
TH046,Multistakeholder,accountability frameworks place,accountability frameworks place,6.422993003674342,0,1,False,pilot_logodds_distinctive_ngram
TH046,Multistakeholder,partners global,partners global,6.422993003674342,0,1,False,pilot_logodds_distinctive_ngram
TH046,Multistakeholder,follow processes,follow processes,5.912694263452912,0,0,False,pilot_logodds_distinctive_ngram
TH046,Multistakeholder,national follow processes,national follow processes,5.912694263452912,0,0,False,pilot_logodds_distinctive_ngram
TH046,Multistakeholder,national follow,national follow,5.912694263452912,1,0,False,pilot_logodds_distinctive_ngram
TH046,Multistakeholder,accountability exercised,accountability exercised,5.661115284905913,1,1,False,pilot_logodds_distinctive_ngram
TH046,Multistakeholder,accountability framework,accountability framework,5.433646199723946,1,1,False,pilot_logodds_distinctive_ngram
TH046,Multistakeholder,global partnership,global partnership,5.327013641776775,3,1,False,pilot_logodds_distinctive_ngram
TH046,Multistakeholder,country teams,country teams,5.3243785679869395,1,0,False,pilot_logodds_distinctive_ngram
TH046,Multistakeholder,accountability global,accountability global,5.3243785679869395,1,1,False,pilot_logodds_distinctive_ngram
TH046,Multistakeholder,multiple civil,multiple civil,5.3243785679869395,1,0,False,pilot_logodds_distinctive_ngram
TH046,Multistakeholder,difﬁculties,difﬁculties,5.3243785679869395,1,0,False,pilot_logodds_distinctive_ngram
TH046,Multistakeholder,igos engage,igos engage,5.3243785679869395,1,0,False,pilot_logodds_distinctive_ngram
TH046,Multistakeholder,cooperation forum dcf,cooperation forum dcf,5.3243785679869395,1,0,False,pilot_logodds_distinctive_ngram
TH046,Multistakeholder,integrated management natural,integrated management natural,5.3243785679869395,0,1,False,pilot_logodds_distinctive_ngram
TH046,Multistakeholder,domestic counterparts,domestic counterparts,5.3243785679869395,2,0,False,pilot_logodds_distinctive_ngram
TH046,Multistakeholder,forum dcf,forum dcf,5.3243785679869395,1,0,False,pilot_logodds_distinctive_ngram
TH046,Multistakeholder,multiple civil society,multiple civil society,5.3243785679869395,1,0,False,pilot_logodds_distinctive_ngram
TH046,Multistakeholder,effective development cooperation,effective development cooperation,5.3243785679869395,1,0,False,pilot_logodds_distinctive_ngram
TH046,Multistakeholder,modalities horizontal accountability,modalities horizontal accountability,5.3243785679869395,0,1,False,pilot_logodds_distinctive_ngram
TH046,Multistakeholder,modalities horizontal,modalities horizontal,5.3243785679869395,0,0,False,pilot_logodds_distinctive_ngram
TH046,Multistakeholder,ﬂows,ﬂows,5.3243785679869395,1,0,False,pilot_logodds_distinctive_ngram
TH046,Multistakeholder,context national,context national,5.3243785679869395,0,0,False,pilot_logodds_distinctive_ngram
TH046,Multistakeholder,exercised multiple civil,exercised multiple civil,5.3243785679869395,0,0,False,pilot_logodds_distinctive_ngram
TH046,Multistakeholder,exercised multiple,exercised multiple,5.3243785679869395,0,0,False,pilot_logodds_distinctive_ngram
TH046,Multistakeholder,ﬁnancial ﬂows,ﬁnancial ﬂows,5.3243785679869395,1,0,False,pilot_logodds_distinctive_ngram
TH046,Multistakeholder,agenda national,agenda national,5.15028751411602,2,0,False,pilot_logodds_distinctive_ngram
TH046,Multistakeholder,global partnership development,global partnership development,5.125022385944101,0,1,False,pilot_logodds_distinctive_ngram
TH046,Multistakeholder,accountability exercises,accountability exercises,5.065392109013293,1,1,False,pilot_logodds_distinctive_ngram
TH046,Multistakeholder,social accountability,social accountability,4.957966154238592,1,1,False,pilot_logodds_distinctive_ngram
TH046,Multistakeholder,partnership development,partnership development,4.957966154238592,1,1,False,pilot_logodds_distinctive_ngram
TH046,Multistakeholder,parliaments,parliaments,4.814075533699264,3,0,False,pilot_logodds_distinctive_ngram
TH046,Multistakeholder,public space,public space,4.814075533699264,3,1,False,pilot_logodds_distinctive_ngram
TH046,Multistakeholder,international accountability,international accountability,4.814075533699264,1,1,False,pilot_logodds_distinctive_ngram
TH046,Multistakeholder,global development,global development,4.813813130466293,2,0,False,pilot_logodds_distinctive_ngram
TH046,Multistakeholder,monitoring accountability,monitoring accountability,4.813813130466293,0,2,False,pilot_logodds_distinctive_ngram
TH046,Multistakeholder,sons accountability international,sons accountability international,4.813550797197046,0,1,False,pilot_logodds_distinctive_ngram
TH047,Learning Agents,agent provide,agent provide,6.323114677283987,0,0,False,pilot_logodds_distinctive_ngram
TH047,Learning Agents,medpol clrtap,medpol clrtap,6.323114677283987,1,0,False,pilot_logodds_distinctive_ngram
TH047,Learning Agents,control individual,control individual,6.323114677283987,0,0,False,pilot_logodds_distinctive_ngram
TH047,Learning Agents,effort capture science,effort capture science,5.98647076684261,0,0,False,pilot_logodds_distinctive_ngram
TH047,Learning Agents,agenda recent lesson,agenda recent lesson,5.98647076684261,0,0,False,pilot_logodds_distinctive_ngram
TH047,Learning Agents,agenda recent,agenda recent,5.98647076684261,0,0,False,pilot_logodds_distinctive_ngram
TH047,Learning Agents,community recruited,community recruited,5.98647076684261,0,0,False,pilot_logodds_distinctive_ngram
TH047,Learning Agents,potential control climate,potential control climate,5.98647076684261,0,0,False,pilot_logodds_distinctive_ngram
TH047,Learning Agents,limits ipcc ability,limits ipcc ability,5.98647076684261,0,0,False,pilot_logodds_distinctive_ngram
TH047,Learning Agents,limits ipcc,limits ipcc,5.98647076684261,0,0,False,pilot_logodds_distinctive_ngram
TH047,Learning Agents,realities scientific,realities scientific,5.98647076684261,0,0,False,pilot_logodds_distinctive_ngram
TH047,Learning Agents,realities scientific justifications,realities scientific justifications,5.98647076684261,0,0,False,pilot_logodds_distinctive_ngram
TH047,Learning Agents,reflected strong degree,reflected strong degree,5.98647076684261,1,0,False,pilot_logodds_distinctive_ngram
TH047,Learning Agents,make national,make national,5.98647076684261,1,0,False,pilot_logodds_distinctive_ngram
TH047,Learning Agents,community recruited organized,community recruited organized,5.98647076684261,0,0,False,pilot_logodds_distinctive_ngram
TH047,Learning Agents,net discounted,net discounted,5.98647076684261,1,0,False,pilot_logodds_distinctive_ngram
TH047,Learning Agents,net discounted value,net discounted value,5.98647076684261,1,0,False,pilot_logodds_distinctive_ngram
TH047,Learning Agents,concentrations greenhouse gases,concentrations greenhouse gases,5.98647076684261,0,0,False,pilot_logodds_distinctive_ngram
TH047,Learning Agents,concentrations greenhouse,concentrations greenhouse,5.98647076684261,0,0,False,pilot_logodds_distinctive_ngram
TH047,Learning Agents,efforts mitigation,efforts mitigation,5.98647076684261,0,0,False,pilot_logodds_distinctive_ngram
TH047,Learning Agents,efforts mitigation adaptation,efforts mitigation adaptation,5.98647076684261,0,1,False,pilot_logodds_distinctive_ngram
TH047,Learning Agents,sufficient discretion develop,sufficient discretion develop,5.98647076684261,0,0,False,pilot_logodds_distinctive_ngram
TH047,Learning Agents,panels rise policies,panels rise policies,5.98647076684261,0,0,False,pilot_logodds_distinctive_ngram
TH047,Learning Agents,panels rise,panels rise,5.98647076684261,0,0,False,pilot_logodds_distinctive_ngram
TH047,Learning Agents,sufficient discretion,sufficient discretion,5.98647076684261,1,0,False,pilot_logodds_distinctive_ngram
TH047,Learning Agents,scientific justifications,scientific justifications,5.98647076684261,1,0,False,pilot_logodds_distinctive_ngram
TH047,Learning Agents,make national decisions,make national decisions,5.98647076684261,1,0,False,pilot_logodds_distinctive_ngram
TH047,Learning Agents,review degree,review degree,5.98647076684261,0,0,False,pilot_logodds_distinctive_ngram
TH047,Learning Agents,effort capture,effort capture,5.98647076684261,0,0,False,pilot_logodds_distinctive_ngram
TH047,Learning Agents,interests preferences principals,interests preferences principals,5.98647076684261,0,0,False,pilot_logodds_distinctive_ngram
TH047,Learning Agents,agent framework,agent framework,5.98647076684261,1,0,False,pilot_logodds_distinctive_ngram
TH047,Learning Agents,recruited organized,recruited organized,5.98647076684261,0,0,False,pilot_logodds_distinctive_ngram
TH047,Learning Agents,greenhouse gas targets,greenhouse gas targets,5.98647076684261,1,0,False,pilot_logodds_distinctive_ngram
TH047,Learning Agents,cautious outcomes,cautious outcomes,5.98647076684261,1,0,False,pilot_logodds_distinctive_ngram
TH047,Learning Agents,decisions based collective,decisions based collective,5.98647076684261,0,0,False,pilot_logodds_distinctive_ngram
TH047,Learning Agents,warming international agenda,warming international agenda,5.98647076684261,0,0,False,pilot_logodds_distinctive_ngram
TH047,Learning Agents,denser,denser,5.98647076684261,1,0,False,pilot_logodds_distinctive_ngram
TH047,Learning Agents,ensuring cautious,ensuring cautious,5.98647076684261,1,0,False,pilot_logodds_distinctive_ngram
TH047,Learning Agents,rein independent political,rein independent political,5.98647076684261,0,0,False,pilot_logodds_distinctive_ngram
TH047,Learning Agents,uncontrolled scientific panels,uncontrolled scientific panels,5.98647076684261,1,0,False,pilot_logodds_distinctive_ngram
TH047,Learning Agents,rein independent,rein independent,5.98647076684261,0,0,False,pilot_logodds_distinctive_ngram
TH047,Learning Agents,rein,rein,5.98647076684261,1,0,False,pilot_logodds_distinctive_ngram
TH047,Learning Agents,basis despite,basis despite,5.98647076684261,1,0,False,pilot_logodds_distinctive_ngram
TH047,Learning Agents,ensuring cautious outcomes,ensuring cautious outcomes,5.98647076684261,1,0,False,pilot_logodds_distinctive_ngram
TH047,Learning Agents,basis despite ongoing,basis despite ongoing,5.98647076684261,0,0,False,pilot_logodds_distinctive_ngram
TH047,Learning Agents,uncontrolled scientific,uncontrolled scientific,5.98647076684261,1,0,False,pilot_logodds_distinctive_ngram
TH047,Learning Agents,uncontrolled,uncontrolled,5.98647076684261,1,0,False,pilot_logodds_distinctive_ngram
TH047,Learning Agents,rise policies,rise policies,5.98647076684261,0,0,False,pilot_logodds_distinctive_ngram
TH047,Learning Agents,rise policies did,rise policies did,5.98647076684261,0,0,False,pilot_logodds_distinctive_ngram
TH047,Learning Agents,greenhouse gases governments,greenhouse gases governments,5.98647076684261,0,1,False,pilot_logodds_distinctive_ngram
TH047,Learning Agents,exercise maximum control,exercise maximum control,5.98647076684261,1,0,False,pilot_logodds_distinctive_ngram
TH048,Legal Authority,disposition,disposition,7.038454673830825,1,0,False,pilot_logodds_distinctive_ngram
TH048,Legal Authority,memory regime,memory regime,6.701633640554523,0,1,False,pilot_logodds_distinctive_ngram
TH048,Legal Authority,institutional memory regime,institutional memory regime,6.701633640554523,0,2,False,pilot_logodds_distinctive_ngram
TH048,Legal Authority,means exert,means exert,6.701633640554523,0,0,False,pilot_logodds_distinctive_ngram
TH048,Legal Authority,ofªcers ozone,ofªcers ozone,5.939840242348429,0,0,False,pilot_logodds_distinctive_ngram
TH048,Legal Authority,ofªcers ozone secretariat,ofªcers ozone secretariat,5.939840242348429,0,0,False,pilot_logodds_distinctive_ngram
TH048,Legal Authority,memory,memory,5.939840242348429,2,0,False,pilot_logodds_distinctive_ngram
TH048,Legal Authority,weberian,weberian,5.939840242348429,3,0,False,pilot_logodds_distinctive_ngram
TH048,Legal Authority,deªnition,deªnition,5.939840242348429,1,0,False,pilot_logodds_distinctive_ngram
TH048,Legal Authority,institutional memory,institutional memory,5.939840242348429,2,1,False,pilot_logodds_distinctive_ngram
TH048,Legal Authority,ﬁeld international environmental,ﬁeld international environmental,5.603019209072127,0,0,False,pilot_logodds_distinctive_ngram
TH048,Legal Authority,letters,letters,5.603019209072127,2,0,False,pilot_logodds_distinctive_ngram
TH048,Legal Authority,programme ofªcers,programme ofªcers,5.603019209072127,1,0,False,pilot_logodds_distinctive_ngram
TH048,Legal Authority,environmental operation,environmental operation,5.603019209072127,0,0,False,pilot_logodds_distinctive_ngram
TH048,Legal Authority,control knowledge,control knowledge,5.603019209072127,0,0,False,pilot_logodds_distinctive_ngram
TH048,Legal Authority,organisations play,organisations play,5.603019209072127,1,0,False,pilot_logodds_distinctive_ngram
TH048,Legal Authority,international organisations play,international organisations play,5.603019209072127,1,0,False,pilot_logodds_distinctive_ngram
TH048,Legal Authority,nssd,nssd,5.529597692415287,1,0,False,pilot_logodds_distinctive_ngram
TH048,Legal Authority,arendt,arendt,5.429012475763561,1,0,False,pilot_logodds_distinctive_ngram
TH048,Legal Authority,environmental scientists,environmental scientists,5.429012475763561,1,0,False,pilot_logodds_distinctive_ngram
TH048,Legal Authority,ncsds,ncsds,5.429012475763561,1,0,False,pilot_logodds_distinctive_ngram
TH048,Legal Authority,effectiveness international organisations,effectiveness international organisations,5.429012475763561,0,0,False,pilot_logodds_distinctive_ngram
TH048,Legal Authority,domestic level,domestic level,5.092884871847461,3,0,False,pilot_logodds_distinctive_ngram
TH048,Legal Authority,role international organisations,role international organisations,5.092538096318877,1,0,False,pilot_logodds_distinctive_ngram
TH048,Legal Authority,intergovernmental secretariats,intergovernmental secretariats,5.092538096318877,1,1,False,pilot_logodds_distinctive_ngram
TH048,Legal Authority,involve stakeholders,involve stakeholders,5.09219144248726,1,1,False,pilot_logodds_distinctive_ngram
TH048,Legal Authority,max weber,max weber,5.09219144248726,2,0,False,pilot_logodds_distinctive_ngram
TH048,Legal Authority,organizational culture,organizational culture,5.09219144248726,2,0,False,pilot_logodds_distinctive_ngram
TH048,Legal Authority,inter state negotiations,inter state negotiations,5.09219144248726,1,0,False,pilot_logodds_distinctive_ngram
TH048,Legal Authority,research effort,research effort,5.09219144248726,2,0,False,pilot_logodds_distinctive_ngram
TH048,Legal Authority,state negotiations,state negotiations,5.09219144248726,1,0,False,pilot_logodds_distinctive_ngram
TH048,Legal Authority,exert,exert,5.09219144248726,2,0,False,pilot_logodds_distinctive_ngram
TH048,Legal Authority,recent debate,recent debate,5.091844910267737,2,0,False,pilot_logodds_distinctive_ngram
TH048,Legal Authority,organisation specialised agencies,organisation specialised agencies,5.091844910267737,0,0,False,pilot_logodds_distinctive_ngram
TH048,Legal Authority,organisation specialised,organisation specialised,5.091844910267737,0,0,False,pilot_logodds_distinctive_ngram
TH048,Legal Authority,private targets,private targets,5.091844910267737,1,0,False,pilot_logodds_distinctive_ngram
TH048,Legal Authority,onsson,onsson,5.091844910267737,1,0,False,pilot_logodds_distinctive_ngram
TH048,Legal Authority,regimes established,regimes established,5.091844910267737,0,1,False,pilot_logodds_distinctive_ngram
TH048,Legal Authority,institutions mere,institutions mere,5.091844910267737,0,1,False,pilot_logodds_distinctive_ngram
TH048,Legal Authority,heaviest,heaviest,5.091844910267737,1,0,False,pilot_logodds_distinctive_ngram
TH048,Legal Authority,countries environmental ngos,countries environmental ngos,5.091844910267737,1,0,False,pilot_logodds_distinctive_ngram
TH048,Legal Authority,controlled multilateral,controlled multilateral,5.091844910267737,0,0,False,pilot_logodds_distinctive_ngram
TH048,Legal Authority,actively psg,actively psg,5.091844910267737,0,0,False,pilot_logodds_distinctive_ngram
TH048,Legal Authority,weiss gordenker,weiss gordenker,5.091844910267737,0,0,False,pilot_logodds_distinctive_ngram
TH048,Legal Authority,speculate,speculate,5.091844910267737,2,0,False,pilot_logodds_distinctive_ngram
TH048,Legal Authority,broader understanding,broader understanding,5.091844910267737,2,0,False,pilot_logodds_distinctive_ngram
TH048,Legal Authority,bauer forthcoming,bauer forthcoming,5.091844910267737,2,0,False,pilot_logodds_distinctive_ngram
TH048,Legal Authority,academic grounding,academic grounding,5.091844910267737,2,0,False,pilot_logodds_distinctive_ngram
TH048,Legal Authority,states did,states did,5.091844910267737,2,0,False,pilot_logodds_distinctive_ngram
TH048,Legal Authority,deal complex,deal complex,5.091844910267737,0,0,False,pilot_logodds_distinctive_ngram
TH048,Legal Authority,professionalism,professionalism,5.091844910267737,2,0,False,pilot_logodds_distinctive_ngram
TH048,Legal Authority,senegal,senegal,5.091844910267737,2,0,False,pilot_logodds_distinctive_ngram
TH048,Legal Authority,consider potential,consider potential,5.091844910267737,0,0,False,pilot_logodds_distinctive_ngram
TH048,Legal Authority,speciªcally,speciªcally,5.091844910267737,1,0,False,pilot_logodds_distinctive_ngram
TH049,Norms Rules,actors expectations,actors expectations,6.937323117553479,2,0,False,pilot_logodds_distinctive_ngram
TH049,Norms Rules,area international relations,area international relations,6.600535423516401,0,0,False,pilot_logodds_distinctive_ngram
TH049,Norms Rules,expectations converge,expectations converge,6.600535423516401,2,0,False,pilot_logodds_distinctive_ngram
TH049,Norms Rules,soft law developed,soft law developed,6.600535423516401,0,1,False,pilot_logodds_distinctive_ngram
TH049,Norms Rules,environmental behavior,environmental behavior,6.600535423516401,1,0,False,pilot_logodds_distinctive_ngram
TH049,Norms Rules,expectations converge given,expectations converge given,6.600535423516401,0,0,False,pilot_logodds_distinctive_ngram
TH049,Norms Rules,sets implicit,sets implicit,6.600535423516401,0,0,False,pilot_logodds_distinctive_ngram
TH049,Norms Rules,sets implicit explicit,sets implicit explicit,6.600535423516401,0,0,False,pilot_logodds_distinctive_ngram
TH049,Norms Rules,implicit explicit,implicit explicit,6.600535423516401,0,0,False,pilot_logodds_distinctive_ngram
TH049,Norms Rules,actors expectations converge,actors expectations converge,6.600535423516401,2,0,False,pilot_logodds_distinctive_ngram
TH049,Norms Rules,given area international,given area international,6.600535423516401,0,0,False,pilot_logodds_distinctive_ngram
TH049,Norms Rules,implicit explicit principles,implicit explicit principles,6.600535423516401,0,0,False,pilot_logodds_distinctive_ngram
TH049,Norms Rules,converge given,converge given,6.600535423516401,0,0,False,pilot_logodds_distinctive_ngram
TH049,Norms Rules,converge given area,converge given area,6.600535423516401,0,0,False,pilot_logodds_distinctive_ngram
TH049,Norms Rules,entails set,entails set,6.600535423516401,1,0,False,pilot_logodds_distinctive_ngram
TH049,Norms Rules,explicit principles,explicit principles,6.600535423516401,2,0,False,pilot_logodds_distinctive_ngram
TH049,Norms Rules,sufficiently broad,sufficiently broad,5.838708684678908,1,0,False,pilot_logodds_distinctive_ngram
TH049,Norms Rules,inﬂuence behavior,inﬂuence behavior,5.50192099064183,1,0,False,pilot_logodds_distinctive_ngram
TH049,Norms Rules,department political science,department political science,5.50192099064183,0,0,False,pilot_logodds_distinctive_ngram
TH049,Norms Rules,epigov,epigov,5.50192099064183,1,0,False,pilot_logodds_distinctive_ngram
TH049,Norms Rules,support norm,support norm,5.50192099064183,0,1,False,pilot_logodds_distinctive_ngram
TH049,Norms Rules,widely shared norm,widely shared norm,5.50192099064183,1,1,False,pilot_logodds_distinctive_ngram
TH049,Norms Rules,given area,given area,5.50192099064183,2,0,False,pilot_logodds_distinctive_ngram
TH049,Norms Rules,shared norm,shared norm,5.50192099064183,1,1,False,pilot_logodds_distinctive_ngram
TH049,Norms Rules,features international,features international,5.50192099064183,0,0,False,pilot_logodds_distinctive_ngram
TH049,Norms Rules,department political,department political,5.50192099064183,0,0,False,pilot_logodds_distinctive_ngram
TH049,Norms Rules,law developed,law developed,5.327880916701858,2,1,False,pilot_logodds_distinctive_ngram
TH049,Norms Rules,embeddedness igo,embeddedness igo,4.99109322266478,0,0,False,pilot_logodds_distinctive_ngram
TH049,Norms Rules,informal institutions,informal institutions,4.99109322266478,2,2,False,pilot_logodds_distinctive_ngram
TH049,Norms Rules,institutional organizational,institutional organizational,4.99109322266478,0,1,False,pilot_logodds_distinctive_ngram
TH049,Norms Rules,ascertained,ascertained,4.99109322266478,1,0,False,pilot_logodds_distinctive_ngram
TH049,Norms Rules,dahl,dahl,4.99109322266478,1,0,False,pilot_logodds_distinctive_ngram
TH049,Norms Rules,descriptive studies,descriptive studies,4.990780008941973,2,0,False,pilot_logodds_distinctive_ngram
TH049,Norms Rules,compact program design,compact program design,4.990780008941973,1,0,False,pilot_logodds_distinctive_ngram
TH049,Norms Rules,evolve time,evolve time,4.990780008941973,0,0,False,pilot_logodds_distinctive_ngram
TH049,Norms Rules,marine governance issues,marine governance issues,4.990780008941973,1,1,False,pilot_logodds_distinctive_ngram
TH049,Norms Rules,nature governance,nature governance,4.990780008941973,0,1,False,pilot_logodds_distinctive_ngram
TH049,Norms Rules,cross checking,cross checking,4.990780008941973,1,0,False,pilot_logodds_distinctive_ngram
TH049,Norms Rules,embodying,embodying,4.990780008941973,2,0,False,pilot_logodds_distinctive_ngram
TH049,Norms Rules,allocative,allocative,4.990780008941973,1,0,False,pilot_logodds_distinctive_ngram
TH049,Norms Rules,excluding,excluding,4.990780008941973,2,0,False,pilot_logodds_distinctive_ngram
TH049,Norms Rules,diffusion united,diffusion united,4.990780008941973,1,0,False,pilot_logodds_distinctive_ngram
TH050,Institutional Arrangements Environmental,test ban,test ban,6.250386883934775,1,0,False,pilot_logodds_distinctive_ngram
TH050,Institutional Arrangements Environmental,relations writers,relations writers,5.998947705154705,1,0,False,pilot_logodds_distinctive_ngram
TH050,Institutional Arrangements Environmental,recent arms,recent arms,5.998947705154705,1,0,False,pilot_logodds_distinctive_ngram
TH050,Institutional Arrangements Environmental,treaty supra,treaty supra,5.998947705154705,1,0,False,pilot_logodds_distinctive_ngram
TH050,Institutional Arrangements Environmental,arts vii,arts vii,5.998947705154705,1,0,False,pilot_logodds_distinctive_ngram
TH050,Institutional Arrangements Environmental,recent arms control,recent arms control,5.998947705154705,1,0,False,pilot_logodds_distinctive_ngram
TH050,Institutional Arrangements Environmental,treaty supra note,treaty supra note,5.998947705154705,1,0,False,pilot_logodds_distinctive_ngram
TH050,Institutional Arrangements Environmental,ban treaty,ban treaty,5.998947705154705,1,0,False,pilot_logodds_distinctive_ngram
TH050,Institutional Arrangements Environmental,test ban treaty,test ban treaty,5.998947705154705,1,0,False,pilot_logodds_distinctive_ngram
TH050,Institutional Arrangements Environmental,prohibitions restrictions,prohibitions restrictions,5.6623507335950745,0,0,False,pilot_logodds_distinctive_ngram
TH050,Institutional Arrangements Environmental,special characteristics,special characteristics,5.6623507335950745,1,0,False,pilot_logodds_distinctive_ngram
TH050,Institutional Arrangements Environmental,int org,int org,5.6623507335950745,1,0,False,pilot_logodds_distinctive_ngram
TH050,Institutional Arrangements Environmental,igos traditional,igos traditional,5.6623507335950745,0,0,False,pilot_logodds_distinctive_ngram
TH050,Institutional Arrangements Environmental,lack proper,lack proper,5.6623507335950745,0,0,False,pilot_logodds_distinctive_ngram
TH050,Institutional Arrangements Environmental,embryonic,embryonic,5.6623507335950745,1,0,False,pilot_logodds_distinctive_ngram
TH050,Institutional Arrangements Environmental,conference meeting parties,conference meeting parties,5.6623507335950745,0,0,False,pilot_logodds_distinctive_ngram
TH050,Institutional Arrangements Environmental,ad hoc nature,ad hoc nature,5.6623507335950745,1,0,False,pilot_logodds_distinctive_ngram
TH050,Institutional Arrangements Environmental,prohibitions,prohibitions,5.6623507335950745,1,0,False,pilot_logodds_distinctive_ngram
TH050,Institutional Arrangements Environmental,resemble autonomous,resemble autonomous,5.6623507335950745,0,0,False,pilot_logodds_distinctive_ngram
TH050,Institutional Arrangements Environmental,parties review,parties review,5.6623507335950745,0,0,False,pilot_logodds_distinctive_ngram
TH050,Institutional Arrangements Environmental,lack proper institutions,lack proper institutions,5.6623507335950745,0,1,False,pilot_logodds_distinctive_ngram
TH050,Institutional Arrangements Environmental,areas international law,areas international law,5.6623507335950745,0,1,False,pilot_logodds_distinctive_ngram
TH050,Institutional Arrangements Environmental,sess supp,sess supp,5.6623507335950745,1,0,False,pilot_logodds_distinctive_ngram
TH050,Institutional Arrangements Environmental,international relations writers,international relations writers,5.6623507335950745,1,0,False,pilot_logodds_distinctive_ngram
TH050,Institutional Arrangements Environmental,prohibitions restrictions use,prohibitions restrictions use,5.6623507335950745,0,0,False,pilot_logodds_distinctive_ngram
TH050,Institutional Arrangements Environmental,common pattern,common pattern,5.6623507335950745,1,0,False,pilot_logodds_distinctive_ngram
TH050,Institutional Arrangements Environmental,regime established,regime established,5.6623507335950745,1,1,False,pilot_logodds_distinctive_ngram
TH050,Institutional Arrangements Environmental,hoc nature,hoc nature,5.6623507335950745,1,0,False,pilot_logodds_distinctive_ngram
TH050,Institutional Arrangements Environmental,listed introduction,listed introduction,5.6623507335950745,0,0,False,pilot_logodds_distinctive_ngram
TH050,Institutional Arrangements Environmental,differ alas,differ alas,5.6623507335950745,0,0,False,pilot_logodds_distinctive_ngram
TH050,Institutional Arrangements Environmental,weapons convention supra,weapons convention supra,5.6623507335950745,1,0,False,pilot_logodds_distinctive_ngram
TH050,Institutional Arrangements Environmental,parties second,parties second,5.6623507335950745,0,0,False,pilot_logodds_distinctive_ngram
TH050,Institutional Arrangements Environmental,treaty interpretation,treaty interpretation,5.6623507335950745,1,0,False,pilot_logodds_distinctive_ngram
TH050,Institutional Arrangements Environmental,chosen autonomous,chosen autonomous,5.6623507335950745,0,0,False,pilot_logodds_distinctive_ngram
TH051,Institutionalism Organizational Analysis,dimaggio,dimaggio,7.9403436218662735,1,0,False,pilot_logodds_distinctive_ngram
TH051,Institutionalism Organizational Analysis,powell,powell,7.9403436218662735,1,0,False,pilot_logodds_distinctive_ngram
TH051,Institutionalism Organizational Analysis,bertjaan verbeek,bertjaan verbeek,6.841729199678219,1,0,False,pilot_logodds_distinctive_ngram
TH051,Institutionalism Organizational Analysis,institutionalist approach,institutionalist approach,6.841729199678219,2,1,False,pilot_logodds_distinctive_ngram
TH051,Institutionalism Organizational Analysis,globe yearbook,globe yearbook,6.841729199678219,2,0,False,pilot_logodds_distinctive_ngram
TH051,Institutionalism Organizational Analysis,intergovernmental organizations actors,intergovernmental organizations actors,6.841729199678219,0,1,False,pilot_logodds_distinctive_ngram
TH051,Institutionalism Organizational Analysis,green globe yearbook,green globe yearbook,6.841729199678219,2,0,False,pilot_logodds_distinctive_ngram
TH051,Institutionalism Organizational Analysis,georg,georg,6.841729199678219,2,0,False,pilot_logodds_distinctive_ngram
TH051,Institutionalism Organizational Analysis,international operation environment,international operation environment,6.841729199678219,0,0,False,pilot_logodds_distinctive_ngram
TH051,Institutionalism Organizational Analysis,yearbook international operation,yearbook international operation,6.841729199678219,0,0,False,pilot_logodds_distinctive_ngram
TH051,Institutionalism Organizational Analysis,green globe,green globe,6.841729199678219,2,0,False,pilot_logodds_distinctive_ngram
TH051,Institutionalism Organizational Analysis,decision making international,decision making international,6.841729199678219,0,0,False,pilot_logodds_distinctive_ngram
TH051,Institutionalism Organizational Analysis,operation environment,operation environment,6.841729199678219,0,0,False,pilot_logodds_distinctive_ngram
TH051,Institutionalism Organizational Analysis,operation environment development,operation environment development,6.841729199678219,0,0,False,pilot_logodds_distinctive_ngram
TH051,Institutionalism Organizational Analysis,international operation,international operation,6.841729199678219,0,0,False,pilot_logodds_distinctive_ngram
TH051,Institutionalism Organizational Analysis,international journal,international journal,6.841729199678219,2,0,False,pilot_logodds_distinctive_ngram
TH051,Institutionalism Organizational Analysis,international environmental treaty,international environmental treaty,6.33090144238773,2,0,False,pilot_logodds_distinctive_ngram
TH051,Institutionalism Organizational Analysis,making international organizations,making international organizations,6.33090144238773,0,0,False,pilot_logodds_distinctive_ngram
TH051,Institutionalism Organizational Analysis,journal policy,journal policy,6.33090144238773,0,0,False,pilot_logodds_distinctive_ngram
TH051,Institutionalism Organizational Analysis,bertjaan,bertjaan,6.33090144238773,1,0,False,pilot_logodds_distinctive_ngram
TH051,Institutionalism Organizational Analysis,reinalda,reinalda,6.33090144238773,1,0,False,pilot_logodds_distinctive_ngram
TH051,Institutionalism Organizational Analysis,making edited,making edited,6.32970597097867,2,0,False,pilot_logodds_distinctive_ngram
TH051,Institutionalism Organizational Analysis,governance project available,governance project available,6.32970597097867,1,1,False,pilot_logodds_distinctive_ngram
TH051,Institutionalism Organizational Analysis,effort integrate,effort integrate,6.32970597097867,0,1,False,pilot_logodds_distinctive_ngram
TH051,Institutionalism Organizational Analysis,php idcat,php idcat,6.32970597097867,1,0,False,pilot_logodds_distinctive_ngram
TH051,Institutionalism Organizational Analysis,maintaining state,maintaining state,6.32970597097867,1,0,False,pilot_logodds_distinctive_ngram
TH051,Institutionalism Organizational Analysis,governance century,governance century,6.32970597097867,0,1,False,pilot_logodds_distinctive_ngram
TH051,Institutionalism Organizational Analysis,pay closer attention,pay closer attention,6.32970597097867,2,0,False,pilot_logodds_distinctive_ngram
TH051,Institutionalism Organizational Analysis,bob reinalda,bob reinalda,6.32970597097867,1,0,False,pilot_logodds_distinctive_ngram
TH051,Institutionalism Organizational Analysis,institutional characteristics,institutional characteristics,6.32970597097867,2,1,False,pilot_logodds_distinctive_ngram
TH051,Institutionalism Organizational Analysis,pease,pease,6.32970597097867,1,0,False,pilot_logodds_distinctive_ngram
TH051,Institutionalism Organizational Analysis,empirical manifestation,empirical manifestation,6.32970597097867,1,0,False,pilot_logodds_distinctive_ngram
TH051,Institutionalism Organizational Analysis,arnold,arnold,6.32970597097867,2,0,False,pilot_logodds_distinctive_ngram
TH051,Institutionalism Organizational Analysis,glogov org front_content,glogov org front_content,6.32970597097867,1,0,False,pilot_logodds_distinctive_ngram
TH051,Institutionalism Organizational Analysis,strong case,strong case,6.32970597097867,2,0,False,pilot_logodds_distinctive_ngram
TH051,Institutionalism Organizational Analysis,transnational rules governance,transnational rules governance,6.32970597097867,2,2,False,pilot_logodds_distinctive_ngram
TH051,Institutionalism Organizational Analysis,global environmental movement,global environmental movement,6.32970597097867,2,0,False,pilot_logodds_distinctive_ngram
TH051,Institutionalism Organizational Analysis,global governance working,global governance working,6.32970597097867,1,1,False,pilot_logodds_distinctive_ngram
TH051,Institutionalism Organizational Analysis,bob reinalda bertjaan,bob reinalda bertjaan,6.32970597097867,0,0,False,pilot_logodds_distinctive_ngram
TH051,Institutionalism Organizational Analysis,edited bob,edited bob,6.32970597097867,0,0,False,pilot_logodds_distinctive_ngram
TH051,Institutionalism Organizational Analysis,governance working paper,governance working paper,6.32970597097867,1,1,False,pilot_logodds_distinctive_ngram
TH051,Institutionalism Organizational Analysis,rules governance,rules governance,6.32970597097867,2,2,False,pilot_logodds_distinctive_ngram
TH051,Institutionalism Organizational Analysis,taylor groom,taylor groom,6.32970597097867,0,0,False,pilot_logodds_distinctive_ngram
TH051,Institutionalism Organizational Analysis,middleton,middleton,6.32970597097867,1,0,False,pilot_logodds_distinctive_ngram
TH051,Institutionalism Organizational Analysis,mouritzen,mouritzen,6.32970597097867,1,0,False,pilot_logodds_distinctive_ngram
TH051,Institutionalism Organizational Analysis,rise fall,rise fall,6.32970597097867,0,0,False,pilot_logodds_distinctive_ngram
TH052,Secretariats International Environmental,esty maria,esty maria,5.62523569660601,1,0,False,pilot_logodds_distinctive_ngram
TH052,Secretariats International Environmental,organization biermann bauer,organization biermann bauer,5.62523569660601,0,0,True,pilot_logodds_distinctive_ngram
TH052,Secretariats International Environmental,esty maria ivanova,esty maria ivanova,5.62523569660601,1,0,True,pilot_logodds_distinctive_ngram
TH052,Secretariats International Environmental,daniel esty maria,daniel esty maria,5.62523569660601,1,0,False,pilot_logodds_distinctive_ngram
TH052,Secretariats International Environmental,organization kenen,organization kenen,5.288676954794433,0,0,False,pilot_logodds_distinctive_ngram
TH052,Secretariats International Environmental,reviews reciel,reviews reciel,5.288676954794433,1,0,False,pilot_logodds_distinctive_ngram
TH052,Secretariats International Environmental,barnett michael martha,barnett michael martha,5.288676954794433,0,0,True,pilot_logodds_distinctive_ngram
TH052,Secretariats International Environmental,barnett michael,barnett michael,5.288676954794433,2,0,True,pilot_logodds_distinctive_ngram
TH052,Secretariats International Environmental,michael martha finnemore,michael martha finnemore,5.288676954794433,0,0,True,pilot_logodds_distinctive_ngram
TH052,Secretariats International Environmental,status quo governance,status quo governance,5.288676954794433,1,1,False,pilot_logodds_distinctive_ngram
TH052,Secretariats International Environmental,grasp nations,grasp nations,5.288676954794433,0,0,False,pilot_logodds_distinctive_ngram
TH052,Secretariats International Environmental,organization kenen ed,organization kenen ed,5.288676954794433,0,0,False,pilot_logodds_distinctive_ngram
TH052,Secretariats International Environmental,governance came,governance came,5.288676954794433,2,1,False,pilot_logodds_distinctive_ngram
TH052,Secretariats International Environmental,gap literature,gap literature,5.288676954794433,0,0,False,pilot_logodds_distinctive_ngram
TH052,Secretariats International Environmental,baden nomos,baden nomos,5.288676954794433,1,0,False,pilot_logodds_distinctive_ngram
TH052,Secretariats International Environmental,baden baden nomos,baden baden nomos,5.288676954794433,1,0,False,pilot_logodds_distinctive_ngram
TH052,Secretariats International Environmental,states remain,states remain,5.288676954794433,2,0,False,pilot_logodds_distinctive_ngram
TH052,Secretariats International Environmental,conclusions state global,conclusions state global,5.288676954794433,0,0,False,pilot_logodds_distinctive_ngram
TH052,Secretariats International Environmental,actors intergovernmental,actors intergovernmental,5.288676954794433,1,1,False,pilot_logodds_distinctive_ngram
TH052,Secretariats International Environmental,governance nations,governance nations,5.288676954794433,0,1,False,pilot_logodds_distinctive_ngram
TH052,Secretariats International Environmental,ed managing world,ed managing world,5.288676954794433,0,0,False,pilot_logodds_distinctive_ngram
TH052,Secretariats International Environmental,ed managing,ed managing,5.288676954794433,2,0,False,pilot_logodds_distinctive_ngram
TH052,Secretariats International Environmental,governments held,governments held,5.288676954794433,0,1,False,pilot_logodds_distinctive_ngram
TH052,Secretariats International Environmental,governance assessment,governance assessment,5.288676954794433,0,1,False,pilot_logodds_distinctive_ngram
TH052,Secretariats International Environmental,united nations record,united nations record,5.288676954794433,2,0,False,pilot_logodds_distinctive_ngram
TH052,Secretariats International Environmental,kenen ed managing,kenen ed managing,5.288676954794433,2,0,False,pilot_logodds_distinctive_ngram
TH052,Secretariats International Environmental,governments held accountable,governments held accountable,5.288676954794433,0,2,False,pilot_logodds_distinctive_ngram
TH052,Secretariats International Environmental,main arguments,main arguments,5.288676954794433,1,0,False,pilot_logodds_distinctive_ngram
TH052,Secretariats International Environmental,environment programme governing,environment programme governing,5.288676954794433,2,1,False,pilot_logodds_distinctive_ngram
TH052,Secretariats International Environmental,michael martha,michael martha,5.288676954794433,0,0,False,pilot_logodds_distinctive_ngram
TH052,Secretariats International Environmental,governance nations wssd,governance nations wssd,5.288676954794433,0,1,False,pilot_logodds_distinctive_ngram
TH052,Secretariats International Environmental,rechkemmer,rechkemmer,5.288676954794433,1,0,False,pilot_logodds_distinctive_ngram
TH052,Secretariats International Environmental,matters vol,matters vol,5.288676954794433,1,0,False,pilot_logodds_distinctive_ngram
TH052,Secretariats International Environmental,environment matters,environment matters,5.288676954794433,1,0,False,pilot_logodds_distinctive_ngram
TH052,Secretariats International Environmental,programme governing council,programme governing council,5.288676954794433,2,1,False,pilot_logodds_distinctive_ngram
TH052,Secretariats International Environmental,book reviews reciel,book reviews reciel,5.288676954794433,1,0,False,pilot_logodds_distinctive_ngram
TH053,Accountability International Governance,best forms,best forms,6.562157637721787,1,0,False,pilot_logodds_distinctive_ngram
TH053,Accountability International Governance,multiple civil society,multiple civil society,6.310673602927584,1,0,False,pilot_logodds_distinctive_ngram
TH053,Accountability International Governance,exercised multiple civil,exercised multiple civil,6.310673602927584,0,0,False,pilot_logodds_distinctive_ngram
TH053,Accountability International Governance,exercised multiple,exercised multiple,6.310673602927584,0,0,False,pilot_logodds_distinctive_ngram
TH053,Accountability International Governance,follow process,follow process,6.310673602927584,0,0,False,pilot_logodds_distinctive_ngram
TH053,Accountability International Governance,development agenda national,development agenda national,6.310673602927584,1,0,False,pilot_logodds_distinctive_ngram
TH053,Accountability International Governance,csos,csos,6.310673602927584,1,0,False,pilot_logodds_distinctive_ngram
TH053,Accountability International Governance,country teams,country teams,6.310673602927584,1,0,False,pilot_logodds_distinctive_ngram
TH053,Accountability International Governance,modalities horizontal,modalities horizontal,6.310673602927584,0,0,False,pilot_logodds_distinctive_ngram
TH053,Accountability International Governance,multiple civil,multiple civil,6.310673602927584,1,0,False,pilot_logodds_distinctive_ngram
TH053,Accountability International Governance,sector ofﬁcials,sector ofﬁcials,6.310673602927584,1,0,False,pilot_logodds_distinctive_ngram
TH053,Accountability International Governance,agenda national follow,agenda national follow,6.310673602927584,1,0,False,pilot_logodds_distinctive_ngram
TH053,Accountability International Governance,public sector ofﬁcials,public sector ofﬁcials,6.310673602927584,1,1,False,pilot_logodds_distinctive_ngram
TH053,Accountability International Governance,public debates,public debates,6.310673602927584,1,1,False,pilot_logodds_distinctive_ngram
TH053,Accountability International Governance,ﬂows,ﬂows,6.310673602927584,1,0,False,pilot_logodds_distinctive_ngram
TH053,Accountability International Governance,existing mechanisms,existing mechanisms,6.310673602927584,1,0,False,pilot_logodds_distinctive_ngram
TH053,Accountability International Governance,ﬁrst dimension,ﬁrst dimension,6.310673602927584,1,0,False,pilot_logodds_distinctive_ngram
TH053,Accountability International Governance,ﬁnancial ﬂows,ﬁnancial ﬂows,6.310673602927584,1,0,False,pilot_logodds_distinctive_ngram
TH053,Accountability International Governance,clear deﬁnition,clear deﬁnition,5.974031788554566,1,0,False,pilot_logodds_distinctive_ngram
TH053,Accountability International Governance,society organizations active,society organizations active,5.974031788554566,0,0,False,pilot_logodds_distinctive_ngram
TH053,Accountability International Governance,mechanisms developed,mechanisms developed,5.974031788554566,0,0,False,pilot_logodds_distinctive_ngram
TH053,Accountability International Governance,best forms horizontal,best forms horizontal,5.974031788554566,0,0,False,pilot_logodds_distinctive_ngram
TH053,Accountability International Governance,general assembly september,general assembly september,5.974031788554566,0,0,False,pilot_logodds_distinctive_ngram
TH053,Accountability International Governance,level ﬁrst,level ﬁrst,5.974031788554566,0,0,False,pilot_logodds_distinctive_ngram
TH053,Accountability International Governance,secretariat given,secretariat given,5.974031788554566,1,0,False,pilot_logodds_distinctive_ngram
TH053,Accountability International Governance,enforcement generally,enforcement generally,5.974031788554566,0,1,False,pilot_logodds_distinctive_ngram
TH053,Accountability International Governance,enforcement generally absent,enforcement generally absent,5.974031788554566,0,1,False,pilot_logodds_distinctive_ngram
TH053,Accountability International Governance,secretariat given prominence,secretariat given prominence,5.974031788554566,0,0,False,pilot_logodds_distinctive_ngram
TH054,Institutionalization Private Governance,climate regime,climate regime,6.925348463784607,1,1,False,pilot_logodds_distinctive_ngram
TH054,Institutionalization Private Governance,operator,operator,5.826734034925421,1,0,False,pilot_logodds_distinctive_ngram
TH054,Institutionalization Private Governance,bertjaan verbeek,bertjaan verbeek,5.826734034925421,1,0,False,pilot_logodds_distinctive_ngram
TH054,Institutionalization Private Governance,schäferhoff,schäferhoff,5.826734034925421,1,0,False,pilot_logodds_distinctive_ngram
TH054,Institutionalization Private Governance,globe yearbook,globe yearbook,5.826734034925421,2,0,False,pilot_logodds_distinctive_ngram
TH054,Institutionalization Private Governance,georg,georg,5.826734034925421,2,0,False,pilot_logodds_distinctive_ngram
TH054,Institutionalization Private Governance,decision making international,decision making international,5.826734034925421,0,0,False,pilot_logodds_distinctive_ngram
TH054,Institutionalization Private Governance,büthe global,büthe global,5.826734034925421,1,0,False,pilot_logodds_distinctive_ngram
TH054,Institutionalization Private Governance,reeep,reeep,5.826734034925421,1,0,False,pilot_logodds_distinctive_ngram
TH054,Institutionalization Private Governance,international operation environment,international operation environment,5.826734034925421,0,0,False,pilot_logodds_distinctive_ngram
TH054,Institutionalization Private Governance,orts,orts,5.826734034925421,1,0,False,pilot_logodds_distinctive_ngram
TH054,Institutionalization Private Governance,decentralize,decentralize,5.826734034925421,2,0,False,pilot_logodds_distinctive_ngram
TH054,Institutionalization Private Governance,yearbook international operation,yearbook international operation,5.826734034925421,0,0,False,pilot_logodds_distinctive_ngram
TH054,Institutionalization Private Governance,international operation,international operation,5.826734034925421,0,0,False,pilot_logodds_distinctive_ngram
TH054,Institutionalization Private Governance,operation environment development,operation environment development,5.826734034925421,0,0,False,pilot_logodds_distinctive_ngram
TH054,Institutionalization Private Governance,operation environment,operation environment,5.826734034925421,0,0,False,pilot_logodds_distinctive_ngram
TH054,Institutionalization Private Governance,international journal,international journal,5.826734034925421,2,0,False,pilot_logodds_distinctive_ngram
TH054,Institutionalization Private Governance,green globe,green globe,5.826734034925421,2,0,False,pilot_logodds_distinctive_ngram
TH054,Institutionalization Private Governance,green globe yearbook,green globe yearbook,5.826734034925421,2,0,False,pilot_logodds_distinctive_ngram
TH054,Institutionalization Private Governance,falkner,falkner,5.316773640210768,1,0,False,pilot_logodds_distinctive_ngram
TH054,Institutionalization Private Governance,triangle,triangle,5.316339860617924,2,0,False,pilot_logodds_distinctive_ngram
TH054,Institutionalization Private Governance,business politics,business politics,5.316339860617924,0,0,False,pilot_logodds_distinctive_ngram
TH054,Institutionalization Private Governance,making international organizations,making international organizations,5.315906270963774,0,0,False,pilot_logodds_distinctive_ngram
TH054,Institutionalization Private Governance,abbott duncan,abbott duncan,5.315906270963774,1,0,True,pilot_logodds_distinctive_ngram
TH054,Institutionalization Private Governance,engagement gap,engagement gap,5.315906270963774,1,0,False,pilot_logodds_distinctive_ngram
TH054,Institutionalization Private Governance,international environmental treaty,international environmental treaty,5.315906270963774,2,0,False,pilot_logodds_distinctive_ngram
TH054,Institutionalization Private Governance,reinalda,reinalda,5.315906270963774,1,0,False,pilot_logodds_distinctive_ngram
TH054,Institutionalization Private Governance,journal policy,journal policy,5.315906270963774,0,0,False,pilot_logodds_distinctive_ngram
TH054,Institutionalization Private Governance,abbott duncan snidal,abbott duncan snidal,5.315906270963774,1,0,True,pilot_logodds_distinctive_ngram
TH054,Institutionalization Private Governance,bertjaan,bertjaan,5.315906270963774,1,0,False,pilot_logodds_distinctive_ngram
TH054,Institutionalization Private Governance,kenneth abbott duncan,kenneth abbott duncan,5.315906270963774,1,0,True,pilot_logodds_distinctive_ngram
TH054,Institutionalization Private Governance,contracts,contracts,5.315906270963774,3,0,False,pilot_logodds_distinctive_ngram
TH054,Institutionalization Private Governance,transnational public,transnational public,5.315906270963774,2,1,False,pilot_logodds_distinctive_ngram
TH055,International Horizontal Accountability,symmetry,symmetry,6.734006579531011,1,0,False,pilot_logodds_distinctive_ngram
TH055,International Horizontal Accountability,best forms,best forms,6.734006579531011,1,0,False,pilot_logodds_distinctive_ngram
TH055,International Horizontal Accountability,agenda national follow,agenda national follow,6.4824911462243024,1,0,False,pilot_logodds_distinctive_ngram
TH055,International Horizontal Accountability,forum dcf,forum dcf,6.4824911462243024,1,0,False,pilot_logodds_distinctive_ngram
TH055,International Horizontal Accountability,sector ofﬁcials,sector ofﬁcials,6.4824911462243024,1,0,False,pilot_logodds_distinctive_ngram
TH055,International Horizontal Accountability,fulﬁll commitments,fulﬁll commitments,6.4824911462243024,1,0,False,pilot_logodds_distinctive_ngram
TH055,International Horizontal Accountability,partner countries,partner countries,6.4824911462243024,1,1,False,pilot_logodds_distinctive_ngram
TH055,International Horizontal Accountability,difﬁculties,difﬁculties,6.4824911462243024,1,0,False,pilot_logodds_distinctive_ngram
TH055,International Horizontal Accountability,multiple civil,multiple civil,6.4824911462243024,1,0,False,pilot_logodds_distinctive_ngram
TH055,International Horizontal Accountability,multiple civil society,multiple civil society,6.4824911462243024,1,0,False,pilot_logodds_distinctive_ngram
TH055,International Horizontal Accountability,existing mechanisms,existing mechanisms,6.4824911462243024,1,0,False,pilot_logodds_distinctive_ngram
TH055,International Horizontal Accountability,public sector ofﬁcials,public sector ofﬁcials,6.4824911462243024,1,1,False,pilot_logodds_distinctive_ngram
TH055,International Horizontal Accountability,development agenda national,development agenda national,6.4824911462243024,1,0,False,pilot_logodds_distinctive_ngram
TH055,International Horizontal Accountability,exercised multiple,exercised multiple,6.4824911462243024,0,0,False,pilot_logodds_distinctive_ngram
TH055,International Horizontal Accountability,exercised multiple civil,exercised multiple civil,6.4824911462243024,0,0,False,pilot_logodds_distinctive_ngram
TH055,International Horizontal Accountability,cooperation forum dcf,cooperation forum dcf,6.4824911462243024,1,0,False,pilot_logodds_distinctive_ngram
TH055,International Horizontal Accountability,ﬁrst dimension,ﬁrst dimension,6.4824911462243024,1,0,False,pilot_logodds_distinctive_ngram
TH055,International Horizontal Accountability,answerability,answerability,6.383612171772432,1,0,False,pilot_logodds_distinctive_ngram
TH055,International Horizontal Accountability,enforcement generally,enforcement generally,6.145817944972188,0,1,False,pilot_logodds_distinctive_ngram
TH055,International Horizontal Accountability,governments correct,governments correct,6.145817944972188,0,1,False,pilot_logodds_distinctive_ngram
TH055,International Horizontal Accountability,countries effectiveness quality,countries effectiveness quality,6.145817944972188,0,0,False,pilot_logodds_distinctive_ngram
TH055,International Horizontal Accountability,responsibility donors recipient,responsibility donors recipient,6.145817944972188,0,0,False,pilot_logodds_distinctive_ngram
TH055,International Horizontal Accountability,lack vertical,lack vertical,6.145817944972188,1,0,False,pilot_logodds_distinctive_ngram
TH055,International Horizontal Accountability,shared responsibility donors,shared responsibility donors,6.145817944972188,0,0,False,pilot_logodds_distinctive_ngram
TH055,International Horizontal Accountability,deﬁned paris declaration,deﬁned paris declaration,6.145817944972188,0,0,False,pilot_logodds_distinctive_ngram
TH055,International Horizontal Accountability,responsibility donors,responsibility donors,6.145817944972188,0,0,False,pilot_logodds_distinctive_ngram
TH055,International Horizontal Accountability,concrete elements,concrete elements,6.145817944972188,1,0,False,pilot_logodds_distinctive_ngram
TH055,International Horizontal Accountability,recipient countries effectiveness,recipient countries effectiveness,6.145817944972188,0,0,False,pilot_logodds_distinctive_ngram
TH055,International Horizontal Accountability,link action,link action,6.145817944972188,0,0,False,pilot_logodds_distinctive_ngram
TH055,International Horizontal Accountability,encouraging changes,encouraging changes,6.145817944972188,1,0,False,pilot_logodds_distinctive_ngram
TH055,International Horizontal Accountability,partners global,partners global,6.145817944972188,0,1,False,pilot_logodds_distinctive_ngram
TH055,International Horizontal Accountability,encouraging changes policies,encouraging changes policies,6.145817944972188,0,0,False,pilot_logodds_distinctive_ngram
TH055,International Horizontal Accountability,dcf global,dcf global,6.145817944972188,1,0,False,pilot_logodds_distinctive_ngram
TH055,International Horizontal Accountability,presentations ecosoc,presentations ecosoc,6.145817944972188,0,0,False,pilot_logodds_distinctive_ngram
TH055,International Horizontal Accountability,enforcement generally absent,enforcement generally absent,6.145817944972188,0,1,False,pilot_logodds_distinctive_ngram
TH055,International Horizontal Accountability,deﬁned paris,deﬁned paris,6.145817944972188,0,0,False,pilot_logodds_distinctive_ngram
TH055,International Horizontal Accountability,induce national,induce national,6.145817944972188,1,0,False,pilot_logodds_distinctive_ngram
TH055,International Horizontal Accountability,quality development cooperation,quality development cooperation,6.145817944972188,0,0,False,pilot_logodds_distinctive_ngram
TH056,Autonomous Institutional Arrangements,unts,unts,7.954489947908429,1,0,False,pilot_logodds_distinctive_ngram
TH056,Autonomous Institutional Arrangements,arms control treaties,arms control treaties,7.090487807748229,1,0,False,pilot_logodds_distinctive_ngram
TH056,Autonomous Institutional Arrangements,consultative parties,consultative parties,6.710588181937541,1,0,False,pilot_logodds_distinctive_ngram
TH056,Autonomous Institutional Arrangements,tias,tias,6.543397466586909,1,0,False,pilot_logodds_distinctive_ngram
TH056,Autonomous Institutional Arrangements,developing normative,developing normative,6.543397466586909,0,1,False,pilot_logodds_distinctive_ngram
TH056,Autonomous Institutional Arrangements,developing normative content,developing normative content,6.543397466586909,0,1,False,pilot_logodds_distinctive_ngram
TH056,Autonomous Institutional Arrangements,amendments adopted,amendments adopted,6.543397466586909,1,0,False,pilot_logodds_distinctive_ngram
TH056,Autonomous Institutional Arrangements,test ban,test ban,6.342590159102688,1,0,False,pilot_logodds_distinctive_ngram
TH056,Autonomous Institutional Arrangements,parties human rights,parties human rights,6.342590159102688,0,0,False,pilot_logodds_distinctive_ngram
TH056,Autonomous Institutional Arrangements,parties human,parties human,6.342590159102688,0,0,False,pilot_logodds_distinctive_ngram
TH056,Autonomous Institutional Arrangements,meetings parties human,meetings parties human,6.342590159102688,0,0,False,pilot_logodds_distinctive_ngram
TH056,Autonomous Institutional Arrangements,normative content,normative content,6.092093519569919,1,1,False,pilot_logodds_distinctive_ngram
TH056,Autonomous Institutional Arrangements,ban treaty,ban treaty,6.091139137460007,1,0,False,pilot_logodds_distinctive_ngram
TH056,Autonomous Institutional Arrangements,test ban treaty,test ban treaty,6.091139137460007,1,0,False,pilot_logodds_distinctive_ngram
TH056,Autonomous Institutional Arrangements,role developing normative,role developing normative,6.091139137460007,0,1,False,pilot_logodds_distinctive_ngram
TH056,Autonomous Institutional Arrangements,recent arms,recent arms,6.091139137460007,1,0,False,pilot_logodds_distinctive_ngram
TH056,Autonomous Institutional Arrangements,geir ulfstein,geir ulfstein,6.091139137460007,2,0,False,pilot_logodds_distinctive_ngram
TH056,Autonomous Institutional Arrangements,little noticed,little noticed,6.091139137460007,2,0,False,pilot_logodds_distinctive_ngram
TH056,Autonomous Institutional Arrangements,recent arms control,recent arms control,6.091139137460007,1,0,False,pilot_logodds_distinctive_ngram
TH056,Autonomous Institutional Arrangements,arts vii,arts vii,6.091139137460007,1,0,False,pilot_logodds_distinctive_ngram
TH056,Autonomous Institutional Arrangements,decision making powers,decision making powers,6.091139137460007,1,0,False,pilot_logodds_distinctive_ngram
TH056,Autonomous Institutional Arrangements,meas considered,meas considered,6.091139137460007,1,0,False,pilot_logodds_distinctive_ngram
TH056,Autonomous Institutional Arrangements,parties meet,parties meet,6.091139137460007,1,0,False,pilot_logodds_distinctive_ngram
TH056,Autonomous Institutional Arrangements,relations writers,relations writers,6.091139137460007,1,0,False,pilot_logodds_distinctive_ngram
TH056,Autonomous Institutional Arrangements,little noticed phenomenon,little noticed phenomenon,6.091139137460007,2,0,False,pilot_logodds_distinctive_ngram
TH056,Autonomous Institutional Arrangements,far aware,far aware,6.091139137460007,0,0,False,pilot_logodds_distinctive_ngram
TH056,Autonomous Institutional Arrangements,treaty supra note,treaty supra note,6.091139137460007,1,0,False,pilot_logodds_distinctive_ngram
TH056,Autonomous Institutional Arrangements,noticed,noticed,6.091139137460007,2,0,False,pilot_logodds_distinctive_ngram
TH056,Autonomous Institutional Arrangements,phenomenon international,phenomenon international,6.091139137460007,0,0,False,pilot_logodds_distinctive_ngram
TH056,Autonomous Institutional Arrangements,noticed phenomenon,noticed phenomenon,6.091139137460007,2,0,False,pilot_logodds_distinctive_ngram
TH056,Autonomous Institutional Arrangements,london convention supra,london convention supra,6.091139137460007,1,0,False,pilot_logodds_distinctive_ngram
TH056,Autonomous Institutional Arrangements,noticed phenomenon international,noticed phenomenon international,6.091139137460007,0,0,False,pilot_logodds_distinctive_ngram
TH056,Autonomous Institutional Arrangements,treaty supra,treaty supra,6.091139137460007,1,0,False,pilot_logodds_distinctive_ngram
TH056,Autonomous Institutional Arrangements,phenomenon international law,phenomenon international law,6.091139137460007,0,1,False,pilot_logodds_distinctive_ngram
TH056,Autonomous Institutional Arrangements,ad hoc nature,ad hoc nature,5.754530326132217,1,0,False,pilot_logodds_distinctive_ngram
TH056,Autonomous Institutional Arrangements,conference meeting,conference meeting,5.754530326132217,0,0,False,pilot_logodds_distinctive_ngram
TH056,Autonomous Institutional Arrangements,conference meeting parties,conference meeting parties,5.754530326132217,0,0,False,pilot_logodds_distinctive_ngram
TH056,Autonomous Institutional Arrangements,environmental agreements little,environmental agreements little,5.754530326132217,1,0,False,pilot_logodds_distinctive_ngram
TH056,Autonomous Institutional Arrangements,content regime,content regime,5.754530326132217,0,1,False,pilot_logodds_distinctive_ngram
TH056,Autonomous Institutional Arrangements,outside environmental field,outside environmental field,5.754530326132217,0,0,False,pilot_logodds_distinctive_ngram
TH056,Autonomous Institutional Arrangements,observance parties,observance parties,5.754530326132217,0,0,False,pilot_logodds_distinctive_ngram
TH056,Autonomous Institutional Arrangements,outside environmental,outside environmental,5.754530326132217,0,0,False,pilot_logodds_distinctive_ngram
TH056,Autonomous Institutional Arrangements,secretariat functions,secretariat functions,5.754530326132217,1,0,False,pilot_logodds_distinctive_ngram
TH057,Multilateral Environmental Agreements,supportiveness,supportiveness,5.405553748158601,1,0,False,pilot_logodds_distinctive_ngram
TH057,Multilateral Environmental Agreements,mutual supportiveness,mutual supportiveness,5.405553748158601,1,0,False,pilot_logodds_distinctive_ngram
TH057,Multilateral Environmental Agreements,patrick,patrick,5.204837818155346,2,0,False,pilot_logodds_distinctive_ngram
TH057,Multilateral Environmental Agreements,clustering,clustering,4.954736501366193,5,0,False,pilot_logodds_distinctive_ngram
TH057,Multilateral Environmental Agreements,winnipeg canada,winnipeg canada,4.953478157379408,2,0,False,pilot_logodds_distinctive_ngram
TH057,Multilateral Environmental Agreements,iisd ca linkages,iisd ca linkages,4.953478157379408,2,0,False,pilot_logodds_distinctive_ngram
TH057,Multilateral Environmental Agreements,ca linkages,ca linkages,4.953478157379408,2,0,False,pilot_logodds_distinctive_ngram
TH057,Multilateral Environmental Agreements,promote mutual,promote mutual,4.953478157379408,1,0,False,pilot_logodds_distinctive_ngram
TH057,Multilateral Environmental Agreements,promote mutual supportiveness,promote mutual supportiveness,4.953478157379408,1,0,False,pilot_logodds_distinctive_ngram
TH057,Multilateral Environmental Agreements,clustering existing,clustering existing,4.953478157379408,2,0,False,pilot_logodds_distinctive_ngram
TH057,Multilateral Environmental Agreements,states ratified,states ratified,4.61696069030905,0,0,False,pilot_logodds_distinctive_ngram
TH057,Multilateral Environmental Agreements,creation organization,creation organization,4.61696069030905,0,0,False,pilot_logodds_distinctive_ngram
TH057,Multilateral Environmental Agreements,creation new agency,creation new agency,4.61696069030905,0,0,False,pilot_logodds_distinctive_ngram
TH057,Multilateral Environmental Agreements,environment yale,environment yale,4.61696069030905,2,0,False,pilot_logodds_distinctive_ngram
TH057,Multilateral Environmental Agreements,stream,stream,4.61696069030905,2,0,False,pilot_logodds_distinctive_ngram
TH057,Multilateral Environmental Agreements,wto principle,wto principle,4.61696069030905,1,0,False,pilot_logodds_distinctive_ngram
TH057,Multilateral Environmental Agreements,reform process,reform process,4.61696069030905,1,0,False,pilot_logodds_distinctive_ngram
TH057,Multilateral Environmental Agreements,states remain,states remain,4.61696069030905,2,0,False,pilot_logodds_distinctive_ngram
TH057,Multilateral Environmental Agreements,wto need,wto need,4.61696069030905,1,0,False,pilot_logodds_distinctive_ngram
TH057,Multilateral Environmental Agreements,holds promise,holds promise,4.61696069030905,0,0,False,pilot_logodds_distinctive_ngram
TH057,Multilateral Environmental Agreements,state practice,state practice,4.61696069030905,2,0,False,pilot_logodds_distinctive_ngram
TH057,Multilateral Environmental Agreements,brown weiss harold,brown weiss harold,4.61696069030905,1,0,False,pilot_logodds_distinctive_ngram
TH057,Multilateral Environmental Agreements,red sky morning,red sky morning,4.61696069030905,0,0,False,pilot_logodds_distinctive_ngram
TH057,Multilateral Environmental Agreements,tinkering,tinkering,4.61696069030905,2,0,False,pilot_logodds_distinctive_ngram
TH057,Multilateral Environmental Agreements,red sky,red sky,4.61696069030905,2,0,False,pilot_logodds_distinctive_ngram
TH057,Multilateral Environmental Agreements,reform short,reform short,4.61696069030905,0,0,False,pilot_logodds_distinctive_ngram
TH057,Multilateral Environmental Agreements,centered premises,centered premises,4.61696069030905,0,0,False,pilot_logodds_distinctive_ngram
TH057,Multilateral Environmental Agreements,sustainable development political,sustainable development political,4.61696069030905,0,0,False,pilot_logodds_distinctive_ngram
TH057,Multilateral Environmental Agreements,clustering international,clustering international,4.61696069030905,2,0,False,pilot_logodds_distinctive_ngram
TH057,Multilateral Environmental Agreements,clustering institutions bureaucracies,clustering institutions bureaucracies,4.61696069030905,0,1,False,pilot_logodds_distinctive_ngram
TH057,Multilateral Environmental Agreements,clustering institutions,clustering institutions,4.61696069030905,0,1,False,pilot_logodds_distinctive_ngram
TH058,Multilateral Environmental Governance,constructivism evolution,constructivism evolution,5.758593983976838,0,0,False,pilot_logodds_distinctive_ngram
TH058,Multilateral Environmental Governance,social constructivism evolution,social constructivism evolution,5.758593983976838,0,0,False,pilot_logodds_distinctive_ngram
TH058,Multilateral Environmental Governance,haas eds,haas eds,5.591485854023706,2,0,False,pilot_logodds_distinctive_ngram
TH058,Multilateral Environmental Governance,kanie haas tokyo,kanie haas tokyo,5.591485854023706,0,0,False,pilot_logodds_distinctive_ngram
TH058,Multilateral Environmental Governance,kanie haas eds,kanie haas eds,5.591485854023706,1,0,False,pilot_logodds_distinctive_ngram
TH058,Multilateral Environmental Governance,haas tokyo,haas tokyo,5.591485854023706,1,0,False,pilot_logodds_distinctive_ngram
TH058,Multilateral Environmental Governance,coast,coast,5.390761116192325,1,0,False,pilot_logodds_distinctive_ngram
TH058,Multilateral Environmental Governance,washington institute,washington institute,5.139392648462607,2,0,False,pilot_logodds_distinctive_ngram
TH058,Multilateral Environmental Governance,ca sage publications,ca sage publications,5.139392648462607,1,1,False,pilot_logodds_distinctive_ngram
TH058,Multilateral Environmental Governance,washington institute international,washington institute international,5.139392648462607,0,0,False,pilot_logodds_distinctive_ngram
TH058,Multilateral Environmental Governance,esty maria ivanova,esty maria ivanova,5.139392648462607,1,0,True,pilot_logodds_distinctive_ngram
TH058,Multilateral Environmental Governance,esty maria,esty maria,5.139392648462607,1,0,False,pilot_logodds_distinctive_ngram
TH058,Multilateral Environmental Governance,daniel esty maria,daniel esty maria,5.139392648462607,1,0,False,pilot_logodds_distinctive_ngram
TH058,Multilateral Environmental Governance,haas tokyo unu,haas tokyo unu,5.139392648462607,1,0,False,pilot_logodds_distinctive_ngram
TH058,Multilateral Environmental Governance,washington carnegie endowment,washington carnegie endowment,5.139392648462607,1,0,False,pilot_logodds_distinctive_ngram
TH058,Multilateral Environmental Governance,actors reputation expertise,actors reputation expertise,4.8028663753126875,0,0,False,pilot_logodds_distinctive_ngram
TH058,Multilateral Environmental Governance,decisionmaking human,decisionmaking human,4.8028663753126875,1,0,False,pilot_logodds_distinctive_ngram
TH058,Multilateral Environmental Governance,decisionmaking human choice,decisionmaking human choice,4.8028663753126875,1,0,False,pilot_logodds_distinctive_ngram
TH058,Multilateral Environmental Governance,bares et al,bares et al,4.8028663753126875,1,0,False,pilot_logodds_distinctive_ngram
TH058,Multilateral Environmental Governance,mantra,mantra,4.8028663753126875,1,0,False,pilot_logodds_distinctive_ngram
TH058,Multilateral Environmental Governance,decisions international institutions,decisions international institutions,4.8028663753126875,0,1,False,pilot_logodds_distinctive_ngram
TH058,Multilateral Environmental Governance,bares et,bares et,4.8028663753126875,1,0,False,pilot_logodds_distinctive_ngram
TH058,Multilateral Environmental Governance,bares,bares,4.8028663753126875,1,0,False,pilot_logodds_distinctive_ngram
TH058,Multilateral Environmental Governance,change rayner,change rayner,4.8028663753126875,1,0,False,pilot_logodds_distinctive_ngram
TH058,Multilateral Environmental Governance,stringent emission controls,stringent emission controls,4.8028663753126875,1,0,False,pilot_logodds_distinctive_ngram
TH058,Multilateral Environmental Governance,politics journal european,politics journal european,4.8028663753126875,0,0,False,pilot_logodds_distinctive_ngram
TH059,Institutional Perspectives Political,agenda setting framing,agenda setting framing,6.546433262286628,1,0,False,pilot_logodds_distinctive_ngram
TH059,Institutional Perspectives Political,problems concern,problems concern,6.546433262286628,1,0,False,pilot_logodds_distinctive_ngram
TH059,Institutional Perspectives Political,setting framing,setting framing,6.546433262286628,1,0,False,pilot_logodds_distinctive_ngram
TH059,Institutional Perspectives Political,international operation environment,international operation environment,5.447818828607172,0,0,False,pilot_logodds_distinctive_ngram
TH059,Institutional Perspectives Political,green globe yearbook,green globe yearbook,5.447818828607172,2,0,False,pilot_logodds_distinctive_ngram
TH059,Institutional Perspectives Political,green globe,green globe,5.447818828607172,2,0,False,pilot_logodds_distinctive_ngram
TH059,Institutional Perspectives Political,administrative functions performed,administrative functions performed,5.447818828607172,0,0,False,pilot_logodds_distinctive_ngram
TH059,Institutional Perspectives Political,international journal,international journal,5.447818828607172,2,0,False,pilot_logodds_distinctive_ngram
TH059,Institutional Perspectives Political,bertjaan verbeek,bertjaan verbeek,5.447818828607172,1,0,False,pilot_logodds_distinctive_ngram
TH059,Institutional Perspectives Political,operation environment,operation environment,5.447818828607172,0,0,False,pilot_logodds_distinctive_ngram
TH059,Institutional Perspectives Political,georg,georg,5.447818828607172,2,0,False,pilot_logodds_distinctive_ngram
TH059,Institutional Perspectives Political,decision making international,decision making international,5.447818828607172,0,0,False,pilot_logodds_distinctive_ngram
TH059,Institutional Perspectives Political,operation environment development,operation environment development,5.447818828607172,0,0,False,pilot_logodds_distinctive_ngram
TH059,Institutional Perspectives Political,yearbook international operation,yearbook international operation,5.447818828607172,0,0,False,pilot_logodds_distinctive_ngram
TH059,Institutional Perspectives Political,coherent governance,coherent governance,5.447818828607172,1,2,False,pilot_logodds_distinctive_ngram
TH059,Institutional Perspectives Political,governance entails,governance entails,5.447818828607172,1,1,False,pilot_logodds_distinctive_ngram
TH059,Institutional Perspectives Political,globe yearbook,globe yearbook,5.447818828607172,2,0,False,pilot_logodds_distinctive_ngram
TH059,Institutional Perspectives Political,kelly,kelly,5.447818828607172,2,0,False,pilot_logodds_distinctive_ngram
TH059,Institutional Perspectives Political,formal informal institutions,formal informal institutions,5.447818828607172,0,2,False,pilot_logodds_distinctive_ngram
TH059,Institutional Perspectives Political,international operation,international operation,5.447818828607172,0,0,False,pilot_logodds_distinctive_ngram
TH059,Institutional Perspectives Political,rules strategies,rules strategies,4.9372878684690935,0,1,False,pilot_logodds_distinctive_ngram
TH059,Institutional Perspectives Political,norms rules strategies,norms rules strategies,4.9372878684690935,0,2,False,pilot_logodds_distinctive_ngram
TH059,Institutional Perspectives Political,related water,related water,4.936991059825232,0,0,False,pilot_logodds_distinctive_ngram
TH059,Institutional Perspectives Political,bertjaan,bertjaan,4.936991059825232,1,0,False,pilot_logodds_distinctive_ngram
TH059,Institutional Perspectives Political,activities performed,activities performed,4.936991059825232,1,0,False,pilot_logodds_distinctive_ngram
TH059,Institutional Perspectives Political,international environmental treaty,international environmental treaty,4.936991059825232,2,0,False,pilot_logodds_distinctive_ngram
TH059,Institutional Perspectives Political,reinalda,reinalda,4.936991059825232,1,0,False,pilot_logodds_distinctive_ngram
TH059,Institutional Perspectives Political,underlie,underlie,4.936991059825232,2,0,False,pilot_logodds_distinctive_ngram
TH059,Institutional Perspectives Political,making international organizations,making international organizations,4.936991059825232,0,0,False,pilot_logodds_distinctive_ngram
TH059,Institutional Perspectives Political,directing,directing,4.936991059825232,1,0,False,pilot_logodds_distinctive_ngram
TH059,Institutional Perspectives Political,territorially,territorially,4.936991059825232,3,0,False,pilot_logodds_distinctive_ngram
TH059,Institutional Perspectives Political,informal institutions,informal institutions,4.936991059825232,2,2,False,pilot_logodds_distinctive_ngram
TH059,Institutional Perspectives Political,journal policy,journal policy,4.936991059825232,0,0,False,pilot_logodds_distinctive_ngram
TH059,Institutional Perspectives Political,environmental governance process,environmental governance process,4.936694340523356,0,1,False,pilot_logodds_distinctive_ngram
TH059,Institutional Perspectives Political,evolve time,evolve time,4.936694340523356,0,0,False,pilot_logodds_distinctive_ngram
TH059,Institutional Perspectives Political,incoherent,incoherent,4.936694340523356,1,1,False,pilot_logodds_distinctive_ngram
TH059,Institutional Perspectives Political,grasslands,grasslands,4.936694340523356,1,0,False,pilot_logodds_distinctive_ngram
TH059,Institutional Perspectives Political,policy innovation,policy innovation,4.936694340523356,1,0,False,pilot_logodds_distinctive_ngram
TH059,Institutional Perspectives Political,elements international,elements international,4.936694340523356,0,0,False,pilot_logodds_distinctive_ngram
TH059,Institutional Perspectives Political,central governance,central governance,4.936694340523356,2,1,False,pilot_logodds_distinctive_ngram
TH059,Institutional Perspectives Political,future environmental,future environmental,4.936694340523356,1,0,False,pilot_logodds_distinctive_ngram
TH059,Institutional Perspectives Political,market oriented,market oriented,4.936694340523356,2,0,False,pilot_logodds_distinctive_ngram
TH059,Institutional Perspectives Political,cent gdp,cent gdp,4.936694340523356,0,0,False,pilot_logodds_distinctive_ngram
TH059,Institutional Perspectives Political,efforts minimal,efforts minimal,4.936694340523356,0,0,False,pilot_logodds_distinctive_ngram
TH059,Institutional Perspectives Political,effects instance,effects instance,4.936694340523356,0,0,False,pilot_logodds_distinctive_ngram
TH059,Institutional Perspectives Political,building concern,building concern,4.936694340523356,1,0,False,pilot_logodds_distinctive_ngram
TH059,Institutional Perspectives Political,science strategy,science strategy,4.936694340523356,0,0,False,pilot_logodds_distinctive_ngram
TH059,Institutional Perspectives Political,range governance,range governance,4.936694340523356,0,1,False,pilot_logodds_distinctive_ngram
TH059,Institutional Perspectives Political,international organizations edited,international organizations edited,4.936694340523356,1,0,False,pilot_logodds_distinctive_ngram
TH059,Institutional Perspectives Political,groom,groom,4.936694340523356,2,0,False,pilot_logodds_distinctive_ngram
TH060,International Organisations Learning,organisational effectiveness,organisational effectiveness,7.5494313737984795,1,0,False,pilot_logodds_distinctive_ngram
TH060,International Organisations Learning,contextual variables,contextual variables,7.238732893368199,1,0,False,pilot_logodds_distinctive_ngram
TH060,International Organisations Learning,variation effectiveness,variation effectiveness,7.037790532596037,0,0,False,pilot_logodds_distinctive_ngram
TH060,International Organisations Learning,speciﬁc policy,speciﬁc policy,7.037790532596037,1,0,False,pilot_logodds_distinctive_ngram
TH060,International Organisations Learning,explain variation effectiveness,explain variation effectiveness,6.7862045127871164,0,0,False,pilot_logodds_distinctive_ngram
TH060,International Organisations Learning,speciﬁc inﬂuence,speciﬁc inﬂuence,6.7862045127871164,1,0,False,pilot_logodds_distinctive_ngram
TH060,International Organisations Learning,environmental operation,environmental operation,6.7862045127871164,0,0,False,pilot_logodds_distinctive_ngram
TH060,International Organisations Learning,follow meetings,follow meetings,6.449460758379821,0,0,False,pilot_logodds_distinctive_ngram
TH060,International Organisations Learning,ness,ness,6.449460758379821,1,0,False,pilot_logodds_distinctive_ngram
TH060,International Organisations Learning,research methodology,research methodology,6.449460758379821,1,0,False,pilot_logodds_distinctive_ngram
TH060,International Organisations Learning,onsson,onsson,6.449460758379821,1,0,False,pilot_logodds_distinctive_ngram
TH060,International Organisations Learning,regimes inﬂuence,regimes inﬂuence,6.449460758379821,0,1,False,pilot_logodds_distinctive_ngram
TH060,International Organisations Learning,org biermann bauer,org biermann bauer,6.449460758379821,1,0,True,pilot_logodds_distinctive_ngram
TH060,International Organisations Learning,operating ﬁeld,operating ﬁeld,6.449460758379821,0,0,False,pilot_logodds_distinctive_ngram
TH060,International Organisations Learning,brechin,brechin,6.449460758379821,1,0,False,pilot_logodds_distinctive_ngram
TH060,International Organisations Learning,governance project free,governance project free,6.449460758379821,1,1,False,pilot_logodds_distinctive_ngram
TH060,International Organisations Learning,org biermann,org biermann,6.449460758379821,1,0,True,pilot_logodds_distinctive_ngram
TH060,International Organisations Learning,strategy assessing,strategy assessing,6.449460758379821,0,0,False,pilot_logodds_distinctive_ngram
TH060,International Organisations Learning,autonomous organisation,autonomous organisation,6.449460758379821,1,0,False,pilot_logodds_distinctive_ngram
TH060,International Organisations Learning,ness brechin,ness brechin,6.449460758379821,1,0,False,pilot_logodds_distinctive_ngram
TH060,International Organisations Learning,glogov org biermann,glogov org biermann,6.449460758379821,1,0,True,pilot_logodds_distinctive_ngram
TH060,International Organisations Learning,environmental policy diffusion,environmental policy diffusion,6.449460758379821,1,0,False,pilot_logodds_distinctive_ngram
TH060,International Organisations Learning,tews,tews,6.449460758379821,1,0,False,pilot_logodds_distinctive_ngram
TH060,International Organisations Learning,explaining organisational,explaining organisational,6.449460758379821,1,0,False,pilot_logodds_distinctive_ngram
TH060,International Organisations Learning,explaining organisational effectiveness,explaining organisational effectiveness,6.449460758379821,1,0,False,pilot_logodds_distinctive_ngram
TH061,Orchestration Regulatory Cooperation,emas,emas,8.03204192729553,1,0,False,pilot_logodds_distinctive_ngram
TH061,Orchestration Regulatory Cooperation,unep engagement,unep engagement,8.03204192729553,1,0,False,pilot_logodds_distinctive_ngram
TH061,Orchestration Regulatory Cooperation,new empowered spaces,new empowered spaces,8.03204192729553,1,0,False,pilot_logodds_distinctive_ngram
TH061,Orchestration Regulatory Cooperation,empowered spaces,empowered spaces,8.03204192729553,1,0,False,pilot_logodds_distinctive_ngram
TH061,Orchestration Regulatory Cooperation,new empowered,new empowered,8.03204192729553,1,0,False,pilot_logodds_distinctive_ngram
TH061,Orchestration Regulatory Cooperation,participatory deliberative,participatory deliberative,8.03204192729553,0,1,False,pilot_logodds_distinctive_ngram
TH061,Orchestration Regulatory Cooperation,igos engage,igos engage,6.933427505439713,1,0,False,pilot_logodds_distinctive_ngram
TH061,Orchestration Regulatory Cooperation,empowered,empowered,6.426540722424016,5,0,False,pilot_logodds_distinctive_ngram
TH061,Orchestration Regulatory Cooperation,public space,public space,6.425225332382685,3,1,False,pilot_logodds_distinctive_ngram
TH061,Orchestration Regulatory Cooperation,complementarity,complementarity,6.422599748481463,3,0,False,pilot_logodds_distinctive_ngram
TH061,Orchestration Regulatory Cooperation,provide needed,provide needed,6.421289545527372,0,0,False,pilot_logodds_distinctive_ngram
TH061,Orchestration Regulatory Cooperation,review recursive phase,review recursive phase,6.421289545527372,0,0,False,pilot_logodds_distinctive_ngram
TH061,Orchestration Regulatory Cooperation,governance strengthening,governance strengthening,6.421289545527372,2,1,False,pilot_logodds_distinctive_ngram
TH061,Orchestration Regulatory Cooperation,sits,sits,6.421289545527372,2,0,False,pilot_logodds_distinctive_ngram
TH061,Orchestration Regulatory Cooperation,schemes private,schemes private,6.421289545527372,1,0,False,pilot_logodds_distinctive_ngram
TH061,Orchestration Regulatory Cooperation,schemes like,schemes like,6.421289545527372,1,0,False,pilot_logodds_distinctive_ngram
TH061,Orchestration Regulatory Cooperation,review recursive,review recursive,6.421289545527372,0,0,False,pilot_logodds_distinctive_ngram
TH061,Orchestration Regulatory Cooperation,enlisting,enlisting,6.421289545527372,2,0,False,pilot_logodds_distinctive_ngram
TH061,Orchestration Regulatory Cooperation,schemes help,schemes help,6.421289545527372,0,0,False,pilot_logodds_distinctive_ngram
TH061,Orchestration Regulatory Cooperation,firms industry groups,firms industry groups,6.421289545527372,1,0,False,pilot_logodds_distinctive_ngram
TH061,Orchestration Regulatory Cooperation,company codes conduct,company codes conduct,6.421289545527372,0,0,False,pilot_logodds_distinctive_ngram
TH061,Orchestration Regulatory Cooperation,company codes,company codes,6.421289545527372,1,0,False,pilot_logodds_distinctive_ngram
TH061,Orchestration Regulatory Cooperation,participants engaging,participants engaging,6.421289545527372,1,1,False,pilot_logodds_distinctive_ngram
TH061,Orchestration Regulatory Cooperation,igos inter state,igos inter state,6.421289545527372,0,0,False,pilot_logodds_distinctive_ngram
TH061,Orchestration Regulatory Cooperation,igos inter,igos inter,6.421289545527372,0,0,False,pilot_logodds_distinctive_ngram
TH061,Orchestration Regulatory Cooperation,governance current governance,governance current governance,6.421289545527372,1,1,False,pilot_logodds_distinctive_ngram
TH061,Orchestration Regulatory Cooperation,clearing,clearing,6.421289545527372,2,0,False,pilot_logodds_distinctive_ngram
TH061,Orchestration Regulatory Cooperation,systems issue,systems issue,6.421289545527372,0,0,False,pilot_logodds_distinctive_ngram
TH061,Orchestration Regulatory Cooperation,clearing house,clearing house,6.421289545527372,2,0,False,pilot_logodds_distinctive_ngram
TH061,Orchestration Regulatory Cooperation,groups private,groups private,6.421289545527372,0,0,False,pilot_logodds_distinctive_ngram
TH061,Orchestration Regulatory Cooperation,client,client,6.421289545527372,2,0,False,pilot_logodds_distinctive_ngram
TH061,Orchestration Regulatory Cooperation,inter state bodies,inter state bodies,6.421289545527372,1,0,False,pilot_logodds_distinctive_ngram
TH061,Orchestration Regulatory Cooperation,significant governance,significant governance,6.421289545527372,2,1,False,pilot_logodds_distinctive_ngram
TH061,Orchestration Regulatory Cooperation,provide incentives,provide incentives,6.421289545527372,2,0,False,pilot_logodds_distinctive_ngram
TH061,Orchestration Regulatory Cooperation,focus public,focus public,6.421289545527372,1,1,False,pilot_logodds_distinctive_ngram
TH061,Orchestration Regulatory Cooperation,significantly enhance,significantly enhance,6.421289545527372,1,0,False,pilot_logodds_distinctive_ngram
TH061,Orchestration Regulatory Cooperation,direct financing,direct financing,6.421289545527372,2,0,False,pilot_logodds_distinctive_ngram
TH061,Orchestration Regulatory Cooperation,procedures internal,procedures internal,6.421289545527372,1,0,False,pilot_logodds_distinctive_ngram
TH061,Orchestration Regulatory Cooperation,provide opportunities,provide opportunities,6.421289545527372,2,0,False,pilot_logodds_distinctive_ngram
TH061,Orchestration Regulatory Cooperation,providing new,providing new,6.421289545527372,1,0,False,pilot_logodds_distinctive_ngram
TH061,Orchestration Regulatory Cooperation,cooperates,cooperates,6.421289545527372,2,0,False,pilot_logodds_distinctive_ngram
TH061,Orchestration Regulatory Cooperation,governments igos,governments igos,6.421289545527372,1,1,False,pilot_logodds_distinctive_ngram
TH061,Orchestration Regulatory Cooperation,reducing costs,reducing costs,6.421289545527372,0,0,False,pilot_logodds_distinctive_ngram
TH061,Orchestration Regulatory Cooperation,authoritative decisions,authoritative decisions,6.421289545527372,2,1,False,pilot_logodds_distinctive_ngram
TH061,Orchestration Regulatory Cooperation,light coordination,light coordination,6.421289545527372,2,1,False,pilot_logodds_distinctive_ngram
TH061,Orchestration Regulatory Cooperation,sector specific,sector specific,6.421289545527372,2,0,False,pilot_logodds_distinctive_ngram
TH061,Orchestration Regulatory Cooperation,private public private,private public private,6.421289545527372,0,1,False,pilot_logodds_distinctive_ngram
TH061,Orchestration Regulatory Cooperation,state agencies,state agencies,6.421289545527372,2,0,False,pilot_logodds_distinctive_ngram
TH061,Orchestration Regulatory Cooperation,recursive phase,recursive phase,6.421289545527372,1,0,False,pilot_logodds_distinctive_ngram
TH061,Orchestration Regulatory Cooperation,stevenson,stevenson,6.421289545527372,1,0,False,pilot_logodds_distinctive_ngram
TH061,Orchestration Regulatory Cooperation,leverage unep,leverage unep,6.421289545527372,0,0,False,pilot_logodds_distinctive_ngram
TH062,Partnerships Sustainable Development,hai europe,hai europe,6.964111648897521,1,0,False,pilot_logodds_distinctive_ngram
TH062,Partnerships Sustainable Development,partnership initiatives,partnership initiatives,6.008773517335295,1,1,False,pilot_logodds_distinctive_ngram
TH062,Partnerships Sustainable Development,persons united,persons united,6.007898634078966,0,0,False,pilot_logodds_distinctive_ngram
TH062,Partnerships Sustainable Development,dependent private sector,dependent private sector,6.007898634078966,0,0,False,pilot_logodds_distinctive_ngram
TH062,Partnerships Sustainable Development,international forum partnership,international forum partnership,6.007898634078966,0,1,False,pilot_logodds_distinctive_ngram
TH062,Partnerships Sustainable Development,table multi,table multi,6.007898634078966,1,0,False,pilot_logodds_distinctive_ngram
TH062,Partnerships Sustainable Development,table multi year,table multi year,6.007898634078966,1,0,False,pilot_logodds_distinctive_ngram
TH062,Partnerships Sustainable Development,united nations civil,united nations civil,6.007898634078966,1,0,False,pilot_logodds_distinctive_ngram
TH062,Partnerships Sustainable Development,dependent private,dependent private,6.007898634078966,0,0,False,pilot_logodds_distinctive_ngram
TH062,Partnerships Sustainable Development,persons united nations,persons united nations,6.007898634078966,0,0,False,pilot_logodds_distinctive_ngram
TH062,Partnerships Sustainable Development,nations civil society,nations civil society,6.007898634078966,1,0,False,pilot_logodds_distinctive_ngram
TH062,Partnerships Sustainable Development,civil society relations,civil society relations,6.007898634078966,1,0,False,pilot_logodds_distinctive_ngram
TH062,Partnerships Sustainable Development,burden responsibility,burden responsibility,6.007898634078966,0,0,False,pilot_logodds_distinctive_ngram
TH062,Partnerships Sustainable Development,governance participatory,governance participatory,6.007898634078966,1,2,False,pilot_logodds_distinctive_ngram
TH062,Partnerships Sustainable Development,strengthening institutional framework,strengthening institutional framework,6.007898634078966,0,1,False,pilot_logodds_distinctive_ngram
TH062,Partnerships Sustainable Development,secretary general annan,secretary general annan,6.007898634078966,1,0,False,pilot_logodds_distinctive_ngram
TH062,Partnerships Sustainable Development,general annan,general annan,6.007898634078966,1,0,False,pilot_logodds_distinctive_ngram
TH062,Partnerships Sustainable Development,nations civil,nations civil,6.007898634078966,1,0,False,pilot_logodds_distinctive_ngram
TH062,Partnerships Sustainable Development,eminent persons united,eminent persons united,6.007898634078966,0,0,False,pilot_logodds_distinctive_ngram
TH062,Partnerships Sustainable Development,launched summit,launched summit,6.007898634078966,0,0,False,pilot_logodds_distinctive_ngram
TH062,Partnerships Sustainable Development,ii partnership initiatives,ii partnership initiatives,6.007898634078966,1,1,False,pilot_logodds_distinctive_ngram
TH062,Partnerships Sustainable Development,year work,year work,6.007898634078966,1,0,False,pilot_logodds_distinctive_ngram
TH062,Partnerships Sustainable Development,forum partnership,forum partnership,6.007898634078966,0,1,False,pilot_logodds_distinctive_ngram
TH062,Partnerships Sustainable Development,strengthening institutional,strengthening institutional,5.245931772425646,1,1,False,pilot_logodds_distinctive_ngram
TH062,Partnerships Sustainable Development,levels local,levels local,5.245931772425646,1,0,False,pilot_logodds_distinctive_ngram
TH062,Partnerships Sustainable Development,changing unsustainable,changing unsustainable,5.187439901366999,1,0,False,pilot_logodds_distinctive_ngram
TH062,Partnerships Sustainable Development,changing unsustainable patterns,changing unsustainable patterns,5.187439901366999,1,0,False,pilot_logodds_distinctive_ngram
TH062,Partnerships Sustainable Development,initiatives means implementation,initiatives means implementation,4.986593798081209,0,1,False,pilot_logodds_distinctive_ngram
TH062,Partnerships Sustainable Development,africa regional initiatives,africa regional initiatives,4.986593798081209,0,0,False,pilot_logodds_distinctive_ngram
TH062,Partnerships Sustainable Development,implementation institutions,implementation institutions,4.986593798081209,1,2,False,pilot_logodds_distinctive_ngram
TH062,Partnerships Sustainable Development,poverty eradication changing,poverty eradication changing,4.986593798081209,1,0,False,pilot_logodds_distinctive_ngram
TH062,Partnerships Sustainable Development,management natural resource,management natural resource,4.986593798081209,0,0,False,pilot_logodds_distinctive_ngram
TH063,Horizontal Coordination Cooperation,vertical coherence good,vertical coherence good,7.60987437050254,1,1,False,pilot_logodds_distinctive_ngram
TH063,Horizontal Coordination Cooperation,building integrated,building integrated,7.60987437050254,1,1,False,pilot_logodds_distinctive_ngram
TH063,Horizontal Coordination Cooperation,building integrated management,building integrated management,7.60987437050254,1,1,False,pilot_logodds_distinctive_ngram
TH063,Horizontal Coordination Cooperation,ecosystem approach legal,ecosystem approach legal,7.60987437050254,1,1,False,pilot_logodds_distinctive_ngram
TH063,Horizontal Coordination Cooperation,partnerships institutional,partnerships institutional,7.60987437050254,1,2,False,pilot_logodds_distinctive_ngram
TH063,Horizontal Coordination Cooperation,coherence good,coherence good,7.60987437050254,1,1,False,pilot_logodds_distinctive_ngram
TH063,Horizontal Coordination Cooperation,partnerships institutional strengthening,partnerships institutional strengthening,7.60987437050254,1,2,False,pilot_logodds_distinctive_ngram
TH063,Horizontal Coordination Cooperation,capacity building integrated,capacity building integrated,7.60987437050254,1,2,False,pilot_logodds_distinctive_ngram
TH063,Horizontal Coordination Cooperation,coherence good governance,coherence good governance,7.60987437050254,1,2,False,pilot_logodds_distinctive_ngram
TH063,Horizontal Coordination Cooperation,approach legal,approach legal,7.60987437050254,1,1,False,pilot_logodds_distinctive_ngram
TH063,Horizontal Coordination Cooperation,approach legal regulatory,approach legal regulatory,7.60987437050254,0,1,False,pilot_logodds_distinctive_ngram
TH063,Horizontal Coordination Cooperation,management ecosystem,management ecosystem,6.511259946829531,0,0,False,pilot_logodds_distinctive_ngram
TH063,Horizontal Coordination Cooperation,management ecosystem approach,management ecosystem approach,6.511259946829531,0,0,False,pilot_logodds_distinctive_ngram
TH063,Horizontal Coordination Cooperation,integrated management ecosystem,integrated management ecosystem,6.511259946829531,0,1,False,pilot_logodds_distinctive_ngram
TH063,Horizontal Coordination Cooperation,vertical coherence,vertical coherence,6.511259946829531,1,1,False,pilot_logodds_distinctive_ngram
TH063,Horizontal Coordination Cooperation,integration economic social,integration economic social,6.511259946829531,0,1,False,pilot_logodds_distinctive_ngram
TH063,Horizontal Coordination Cooperation,legal regulatory frameworks,legal regulatory frameworks,6.001292122058973,0,1,False,pilot_logodds_distinctive_ngram
TH063,Horizontal Coordination Cooperation,integration economic,integration economic,6.0004321880540825,0,1,False,pilot_logodds_distinctive_ngram
TH063,Horizontal Coordination Cooperation,key references,key references,6.0004321880540825,1,0,False,pilot_logodds_distinctive_ngram
TH063,Horizontal Coordination Cooperation,strategic implications,strategic implications,6.0004321880540825,2,0,False,pilot_logodds_distinctive_ngram
TH063,Horizontal Coordination Cooperation,strengthening implementation,strengthening implementation,5.999572996567569,0,1,False,pilot_logodds_distinctive_ngram
TH063,Horizontal Coordination Cooperation,law strengthening,law strengthening,5.999572996567569,0,1,False,pilot_logodds_distinctive_ngram
TH063,Horizontal Coordination Cooperation,action support,action support,5.999572996567569,0,0,False,pilot_logodds_distinctive_ngram
TH063,Horizontal Coordination Cooperation,nations based mandates,nations based mandates,5.999572996567569,0,1,False,pilot_logodds_distinctive_ngram
TH063,Horizontal Coordination Cooperation,processes section,processes section,5.999572996567569,0,0,False,pilot_logodds_distinctive_ngram
TH063,Horizontal Coordination Cooperation,good governance johannesburg,good governance johannesburg,5.999572996567569,0,1,False,pilot_logodds_distinctive_ngram
TH063,Horizontal Coordination Cooperation,grasslands,grasslands,5.999572996567569,1,0,False,pilot_logodds_distinctive_ngram
TH063,Horizontal Coordination Cooperation,increasing effectiveness,increasing effectiveness,5.999572996567569,1,0,False,pilot_logodds_distinctive_ngram
TH063,Horizontal Coordination Cooperation,efficiency limiting overlap,efficiency limiting overlap,5.999572996567569,0,0,False,pilot_logodds_distinctive_ngram
TH063,Horizontal Coordination Cooperation,calling governments,calling governments,5.999572996567569,0,1,False,pilot_logodds_distinctive_ngram
TH063,Horizontal Coordination Cooperation,efficiency limiting,efficiency limiting,5.999572996567569,0,0,False,pilot_logodds_distinctive_ngram
TH063,Horizontal Coordination Cooperation,did manage,did manage,5.999572996567569,1,0,False,pilot_logodds_distinctive_ngram
TH063,Horizontal Coordination Cooperation,united nations based,united nations based,5.999572996567569,0,0,False,pilot_logodds_distinctive_ngram
TH063,Horizontal Coordination Cooperation,case lake,case lake,5.999572996567569,0,0,False,pilot_logodds_distinctive_ngram
TH063,Horizontal Coordination Cooperation,case lake peipsi,case lake peipsi,5.999572996567569,0,0,False,pilot_logodds_distinctive_ngram
TH063,Horizontal Coordination Cooperation,debt climate,debt climate,5.999572996567569,0,0,False,pilot_logodds_distinctive_ngram
TH063,Horizontal Coordination Cooperation,institutions national,institutions national,5.999572996567569,0,1,False,pilot_logodds_distinctive_ngram
TH063,Horizontal Coordination Cooperation,international organizations outside,international organizations outside,5.999572996567569,0,0,False,pilot_logodds_distinctive_ngram
TH063,Horizontal Coordination Cooperation,use rights,use rights,5.999572996567569,2,0,False,pilot_logodds_distinctive_ngram
TH063,Horizontal Coordination Cooperation,environmental bodies,environmental bodies,5.999572996567569,1,0,False,pilot_logodds_distinctive_ngram
TH063,Horizontal Coordination Cooperation,technological resources,technological resources,5.999572996567569,2,0,False,pilot_logodds_distinctive_ngram
TH063,Horizontal Coordination Cooperation,reconcile ecological,reconcile ecological,5.999572996567569,0,0,False,pilot_logodds_distinctive_ngram
TH063,Horizontal Coordination Cooperation,reconcile ecological debt,reconcile ecological debt,5.999572996567569,0,0,False,pilot_logodds_distinctive_ngram
TH064,Institutional Framework Sustainable,development ifsd,development ifsd,6.098977062100089,1,0,False,pilot_logodds_distinctive_ngram
TH064,Institutional Framework Sustainable,options paper,options paper,5.33702672134478,1,0,False,pilot_logodds_distinctive_ngram
TH064,Institutional Framework Sustainable,cake,cake,5.0003626197958875,1,0,False,pilot_logodds_distinctive_ngram
TH064,Institutional Framework Sustainable,systems required,systems required,5.0003626197958875,1,0,False,pilot_logodds_distinctive_ngram
TH064,Institutional Framework Sustainable,systems environmental governance,systems environmental governance,5.0003626197958875,0,1,False,pilot_logodds_distinctive_ngram
TH064,Institutional Framework Sustainable,index php,index php,5.0003626197958875,2,0,False,pilot_logodds_distinctive_ngram
TH064,Institutional Framework Sustainable,pt xi,pt xi,5.0003626197958875,1,0,False,pilot_logodds_distinctive_ngram
TH064,Institutional Framework Sustainable,woods institutions world,woods institutions world,5.0003626197958875,0,1,False,pilot_logodds_distinctive_ngram
TH064,Institutional Framework Sustainable,stripple public private,stripple public private,5.0003626197958875,0,1,False,pilot_logodds_distinctive_ngram
TH064,Institutional Framework Sustainable,workable,workable,5.0003626197958875,3,0,False,pilot_logodds_distinctive_ngram
TH064,Institutional Framework Sustainable,stripple public,stripple public,5.0003626197958875,0,1,False,pilot_logodds_distinctive_ngram
TH064,Institutional Framework Sustainable,stripple,stripple,5.0003626197958875,1,0,False,pilot_logodds_distinctive_ngram
TH064,Institutional Framework Sustainable,transnational climate,transnational climate,5.0003626197958875,1,0,False,pilot_logodds_distinctive_ngram
TH064,Institutional Framework Sustainable,institutions world trade,institutions world trade,5.0003626197958875,0,1,False,pilot_logodds_distinctive_ngram
TH064,Institutional Framework Sustainable,chairs options paper,chairs options paper,5.0003626197958875,1,0,False,pilot_logodds_distinctive_ngram
TH064,Institutional Framework Sustainable,upheaval,upheaval,5.0003626197958875,1,0,False,pilot_logodds_distinctive_ngram
TH064,Institutional Framework Sustainable,chairs options,chairs options,5.0003626197958875,1,0,False,pilot_logodds_distinctive_ngram
TH064,Institutional Framework Sustainable,crossroads,crossroads,5.0003626197958875,3,0,False,pilot_logodds_distinctive_ngram
TH064,Institutional Framework Sustainable,ifsd,ifsd,4.490104086693966,1,0,False,pilot_logodds_distinctive_ngram
TH064,Institutional Framework Sustainable,treaty based,treaty based,4.489534842389168,2,0,False,pilot_logodds_distinctive_ngram
TH064,Institutional Framework Sustainable,environmental rights,environmental rights,4.489534842389168,3,0,False,pilot_logodds_distinctive_ngram
TH064,Institutional Framework Sustainable,informal consultative process,informal consultative process,4.489534842389168,1,1,False,pilot_logodds_distinctive_ngram
TH064,Institutional Framework Sustainable,current arrangements,current arrangements,4.489534842389168,3,0,False,pilot_logodds_distinctive_ngram
TH064,Institutional Framework Sustainable,development fund,development fund,4.489534842389168,2,0,False,pilot_logodds_distinctive_ngram
TH064,Institutional Framework Sustainable,inter state negotiations,inter state negotiations,4.489534842389168,1,0,False,pilot_logodds_distinctive_ngram
TH064,Institutional Framework Sustainable,state negotiations,state negotiations,4.489534842389168,1,0,False,pilot_logodds_distinctive_ngram
TH064,Institutional Framework Sustainable,avoided,avoided,4.489534842389168,3,0,False,pilot_logodds_distinctive_ngram
TH064,Institutional Framework Sustainable,international regional national,international regional national,4.489534842389168,2,0,False,pilot_logodds_distinctive_ngram
TH064,Institutional Framework Sustainable,issues lack,issues lack,4.489534842389168,1,0,False,pilot_logodds_distinctive_ngram
TH064,Institutional Framework Sustainable,identical,identical,4.489534842389168,4,0,False,pilot_logodds_distinctive_ngram
TH064,Institutional Framework Sustainable,attain,attain,4.489534842389168,2,0,False,pilot_logodds_distinctive_ngram
TH064,Institutional Framework Sustainable,did little,did little,4.489534842389168,2,0,False,pilot_logodds_distinctive_ngram
TH064,Institutional Framework Sustainable,rhetoric,rhetoric,4.489534842389168,2,0,False,pilot_logodds_distinctive_ngram
TH064,Institutional Framework Sustainable,menu,menu,4.489534842389168,3,0,False,pilot_logodds_distinctive_ngram
TH065,International Environmental Regimes,effectiveness intergovernmental organisations,effectiveness intergovernmental organisations,5.448057108862352,0,1,False,pilot_logodds_distinctive_ngram
TH065,International Environmental Regimes,climate change climatic,climate change climatic,5.448057108862352,1,0,False,pilot_logodds_distinctive_ngram
TH065,International Environmental Regimes,absence epistemic,absence epistemic,5.448057108862352,0,0,False,pilot_logodds_distinctive_ngram
TH065,International Environmental Regimes,ecological management ideas,ecological management ideas,5.448057108862352,1,0,False,pilot_logodds_distinctive_ngram
TH065,International Environmental Regimes,change climatic,change climatic,5.448057108862352,1,0,False,pilot_logodds_distinctive_ngram
TH065,International Environmental Regimes,risse simmons,risse simmons,5.448057108862352,2,0,False,pilot_logodds_distinctive_ngram
TH065,International Environmental Regimes,management ideas,management ideas,5.448057108862352,1,0,False,pilot_logodds_distinctive_ngram
TH065,International Environmental Regimes,speciﬁc policy,speciﬁc policy,5.448057108862352,1,0,False,pilot_logodds_distinctive_ngram
TH065,International Environmental Regimes,change climatic change,change climatic change,5.448057108862352,1,0,False,pilot_logodds_distinctive_ngram
TH065,International Environmental Regimes,management entire,management entire,5.196685580141757,0,0,False,pilot_logodds_distinctive_ngram
TH065,International Environmental Regimes,management entire ecosystems,management entire ecosystems,5.196685580141757,0,0,False,pilot_logodds_distinctive_ngram
TH065,International Environmental Regimes,coherent plans,coherent plans,5.196685580141757,1,1,False,pilot_logodds_distinctive_ngram
TH065,International Environmental Regimes,coherent plans management,coherent plans management,5.196685580141757,0,1,False,pilot_logodds_distinctive_ngram
TH065,International Environmental Regimes,carlsnaes risse simmons,carlsnaes risse simmons,5.196685580141757,2,0,False,pilot_logodds_distinctive_ngram
TH065,International Environmental Regimes,community technical understanding,community technical understanding,5.196685580141757,1,0,False,pilot_logodds_distinctive_ngram
TH065,International Environmental Regimes,domain ecological,domain ecological,5.196685580141757,0,0,False,pilot_logodds_distinctive_ngram
TH065,International Environmental Regimes,european air,european air,5.196685580141757,1,0,False,pilot_logodds_distinctive_ngram
TH065,International Environmental Regimes,european air pollution,european air pollution,5.196685580141757,1,0,False,pilot_logodds_distinctive_ngram
TH065,International Environmental Regimes,contending uses,contending uses,5.196685580141757,1,0,False,pilot_logodds_distinctive_ngram
TH065,International Environmental Regimes,contending uses common,contending uses common,5.196685580141757,0,0,False,pilot_logodds_distinctive_ngram
TH065,International Environmental Regimes,epistemic community technical,epistemic community technical,5.196685580141757,1,0,False,pilot_logodds_distinctive_ngram
TH065,International Environmental Regimes,resources spaces,resources spaces,5.196685580141757,1,0,False,pilot_logodds_distinctive_ngram
TH065,International Environmental Regimes,activities physical resources,activities physical resources,5.196685580141757,0,0,False,pilot_logodds_distinctive_ngram
TH065,International Environmental Regimes,traditional policies managing,traditional policies managing,5.196685580141757,0,0,False,pilot_logodds_distinctive_ngram
TH065,International Environmental Regimes,organisations effectiveness,organisations effectiveness,5.196685580141757,0,0,False,pilot_logodds_distinctive_ngram
TH065,International Environmental Regimes,discrete activities,discrete activities,5.196685580141757,1,0,False,pilot_logodds_distinctive_ngram
TH065,International Environmental Regimes,sensitive interactions,sensitive interactions,5.196685580141757,0,0,False,pilot_logodds_distinctive_ngram
TH065,International Environmental Regimes,discrete activities physical,discrete activities physical,5.196685580141757,0,0,False,pilot_logodds_distinctive_ngram
TH065,International Environmental Regimes,ecosystems sensitive interactions,ecosystems sensitive interactions,5.196685580141757,0,0,False,pilot_logodds_distinctive_ngram
TH065,International Environmental Regimes,term time,term time,5.196685580141757,1,0,False,pilot_logodds_distinctive_ngram
TH066,Multilateral Environmental Treaties,unspecified,unspecified,6.496454121679841,1,0,False,pilot_logodds_distinctive_ngram
TH066,Multilateral Environmental Treaties,verification provisions,verification provisions,6.244980736158099,1,0,False,pilot_logodds_distinctive_ngram
TH066,Multilateral Environmental Treaties,reasonably recent,reasonably recent,5.908349567559437,1,0,False,pilot_logodds_distinctive_ngram
TH066,Multilateral Environmental Treaties,ideas social learning,ideas social learning,5.908349567559437,1,0,False,pilot_logodds_distinctive_ngram
TH066,Multilateral Environmental Treaties,does voluntary mandatory,does voluntary mandatory,5.908349567559437,0,1,False,pilot_logodds_distinctive_ngram
TH066,Multilateral Environmental Treaties,voluntary annually,voluntary annually,5.908349567559437,1,0,False,pilot_logodds_distinctive_ngram
TH066,Multilateral Environmental Treaties,spreading ideas social,spreading ideas social,5.908349567559437,0,0,False,pilot_logodds_distinctive_ngram
TH066,Multilateral Environmental Treaties,does voluntary,does voluntary,5.908349567559437,0,0,False,pilot_logodds_distinctive_ngram
TH066,Multilateral Environmental Treaties,median year,median year,5.908349567559437,1,0,False,pilot_logodds_distinctive_ngram
TH066,Multilateral Environmental Treaties,median,median,5.908349567559437,1,0,False,pilot_logodds_distinctive_ngram
TH066,Multilateral Environmental Treaties,learning evolution,learning evolution,5.908349567559437,0,0,False,pilot_logodds_distinctive_ngram
TH066,Multilateral Environmental Treaties,triannually unspecified,triannually unspecified,5.908349567559437,1,0,False,pilot_logodds_distinctive_ngram
TH066,Multilateral Environmental Treaties,mandatory frequency,mandatory frequency,5.908349567559437,1,1,False,pilot_logodds_distinctive_ngram
TH066,Multilateral Environmental Treaties,triannually,triannually,5.908349567559437,1,0,False,pilot_logodds_distinctive_ngram
TH066,Multilateral Environmental Treaties,looking empirical,looking empirical,5.908349567559437,0,0,False,pilot_logodds_distinctive_ngram
TH066,Multilateral Environmental Treaties,voluntary mandatory frequency,voluntary mandatory frequency,5.908349567559437,0,1,False,pilot_logodds_distinctive_ngram
TH066,Multilateral Environmental Treaties,monitoring reasonably recent,monitoring reasonably recent,5.908349567559437,0,1,False,pilot_logodds_distinctive_ngram
TH066,Multilateral Environmental Treaties,social learning evolution,social learning evolution,5.908349567559437,0,0,False,pilot_logodds_distinctive_ngram
TH066,Multilateral Environmental Treaties,monitoring reasonably,monitoring reasonably,5.908349567559437,0,1,False,pilot_logodds_distinctive_ngram
TH066,Multilateral Environmental Treaties,monitoring provisions,monitoring provisions,4.887011891927141,1,1,False,pilot_logodds_distinctive_ngram
TH066,Multilateral Environmental Treaties,domestic authority,domestic authority,4.8097351202343575,1,1,False,pilot_logodds_distinctive_ngram
TH066,Multilateral Environmental Treaties,biannually,biannually,4.8097351202343575,2,0,False,pilot_logodds_distinctive_ngram
TH066,Multilateral Environmental Treaties,features international,features international,4.8097351202343575,0,0,False,pilot_logodds_distinctive_ngram
TH066,Multilateral Environmental Treaties,ideas social,ideas social,4.8097351202343575,1,0,False,pilot_logodds_distinctive_ngram
TH066,Multilateral Environmental Treaties,view compliance,view compliance,4.8097351202343575,0,1,False,pilot_logodds_distinctive_ngram
TH066,Multilateral Environmental Treaties,limiting case,limiting case,4.8097351202343575,1,0,False,pilot_logodds_distinctive_ngram
TH066,Multilateral Environmental Treaties,voluntary mandatory,voluntary mandatory,4.8097351202343575,0,1,False,pilot_logodds_distinctive_ngram
TH066,Multilateral Environmental Treaties,natural resources defense,natural resources defense,4.8097351202343575,1,0,False,pilot_logodds_distinctive_ngram
TH066,Multilateral Environmental Treaties,new understanding,new understanding,4.8097351202343575,1,0,False,pilot_logodds_distinctive_ngram
TH067,New Institutionalism Organizational,institutionalist approach,institutionalist approach,7.0234730569217,2,1,False,pilot_logodds_distinctive_ngram
TH067,New Institutionalism Organizational,march olsen,march olsen,6.688374429870306,1,0,False,pilot_logodds_distinctive_ngram
TH067,New Institutionalism Organizational,nj prentice hall,nj prentice hall,6.686657177685422,2,0,False,pilot_logodds_distinctive_ngram
TH067,New Institutionalism Organizational,nj prentice,nj prentice,6.686657177685422,2,0,False,pilot_logodds_distinctive_ngram
TH067,New Institutionalism Organizational,cliffs nj prentice,cliffs nj prentice,6.686657177685422,2,0,False,pilot_logodds_distinctive_ngram
TH067,New Institutionalism Organizational,dimaggio,dimaggio,6.686657177685422,1,0,False,pilot_logodds_distinctive_ngram
TH067,New Institutionalism Organizational,powell,powell,6.686657177685422,1,0,False,pilot_logodds_distinctive_ngram
TH067,New Institutionalism Organizational,olsen,olsen,6.303054040124556,3,0,False,pilot_logodds_distinctive_ngram
TH067,New Institutionalism Organizational,decision making international,decision making international,5.588042746005566,0,0,False,pilot_logodds_distinctive_ngram
TH067,New Institutionalism Organizational,operation environment development,operation environment development,5.588042746005566,0,0,False,pilot_logodds_distinctive_ngram
TH067,New Institutionalism Organizational,operation environment,operation environment,5.588042746005566,0,0,False,pilot_logodds_distinctive_ngram
TH067,New Institutionalism Organizational,prentice,prentice,5.588042746005566,3,0,False,pilot_logodds_distinctive_ngram
TH067,New Institutionalism Organizational,prentice hall,prentice hall,5.588042746005566,3,0,False,pilot_logodds_distinctive_ngram
TH067,New Institutionalism Organizational,georg,georg,5.588042746005566,2,0,False,pilot_logodds_distinctive_ngram
TH067,New Institutionalism Organizational,englewood cliffs nj,englewood cliffs nj,5.588042746005566,2,0,False,pilot_logodds_distinctive_ngram
TH067,New Institutionalism Organizational,green globe,green globe,5.588042746005566,2,0,False,pilot_logodds_distinctive_ngram
TH067,New Institutionalism Organizational,englewood cliffs,englewood cliffs,5.588042746005566,2,0,False,pilot_logodds_distinctive_ngram
TH067,New Institutionalism Organizational,englewood,englewood,5.588042746005566,2,0,False,pilot_logodds_distinctive_ngram
TH067,New Institutionalism Organizational,green globe yearbook,green globe yearbook,5.588042746005566,2,0,False,pilot_logodds_distinctive_ngram
TH067,New Institutionalism Organizational,influence decision makers,influence decision makers,5.588042746005566,0,0,False,pilot_logodds_distinctive_ngram
TH067,New Institutionalism Organizational,rediscovering,rediscovering,5.588042746005566,3,0,False,pilot_logodds_distinctive_ngram
TH067,New Institutionalism Organizational,international operation,international operation,5.588042746005566,0,0,False,pilot_logodds_distinctive_ngram
TH067,New Institutionalism Organizational,intergovernmental organizations actors,intergovernmental organizations actors,5.588042746005566,0,1,False,pilot_logodds_distinctive_ngram
TH067,New Institutionalism Organizational,international operation environment,international operation environment,5.588042746005566,0,0,False,pilot_logodds_distinctive_ngram
TH067,New Institutionalism Organizational,organization theory,organization theory,5.588042746005566,1,0,False,pilot_logodds_distinctive_ngram
TH067,New Institutionalism Organizational,bertjaan verbeek,bertjaan verbeek,5.588042746005566,1,0,False,pilot_logodds_distinctive_ngram
TH067,New Institutionalism Organizational,view compliance,view compliance,5.588042746005566,0,1,False,pilot_logodds_distinctive_ngram
TH067,New Institutionalism Organizational,rediscovering institutions,rediscovering institutions,5.588042746005566,3,1,False,pilot_logodds_distinctive_ngram
TH067,New Institutionalism Organizational,international journal,international journal,5.588042746005566,2,0,False,pilot_logodds_distinctive_ngram
TH067,New Institutionalism Organizational,yearbook international operation,yearbook international operation,5.588042746005566,0,0,False,pilot_logodds_distinctive_ngram
TH067,New Institutionalism Organizational,globe yearbook,globe yearbook,5.588042746005566,2,0,False,pilot_logodds_distinctive_ngram
TH067,New Institutionalism Organizational,cliffs nj,cliffs nj,5.588042746005566,2,0,False,pilot_logodds_distinctive_ngram
TH067,New Institutionalism Organizational,cliffs,cliffs,5.588042746005566,2,0,False,pilot_logodds_distinctive_ngram
TH067,New Institutionalism Organizational,journal policy,journal policy,5.077214979223237,0,0,False,pilot_logodds_distinctive_ngram
TH067,New Institutionalism Organizational,york dutton,york dutton,5.077214979223237,1,0,False,pilot_logodds_distinctive_ngram
TH068,Accountability International Level,best forms,best forms,6.499681756367793,1,0,False,pilot_logodds_distinctive_ngram
TH068,Accountability International Level,csos,csos,6.248207863886262,1,0,False,pilot_logodds_distinctive_ngram
TH068,Accountability International Level,ﬂows,ﬂows,6.248207863886262,1,0,False,pilot_logodds_distinctive_ngram
TH068,Accountability International Level,country teams,country teams,6.248207863886262,1,0,False,pilot_logodds_distinctive_ngram
TH068,Accountability International Level,development agenda national,development agenda national,6.248207863886262,1,0,False,pilot_logodds_distinctive_ngram
TH068,Accountability International Level,modalities horizontal,modalities horizontal,6.248207863886262,0,0,False,pilot_logodds_distinctive_ngram
TH068,Accountability International Level,public debates,public debates,6.248207863886262,1,1,False,pilot_logodds_distinctive_ngram
TH068,Accountability International Level,multiple civil,multiple civil,6.248207863886262,1,0,False,pilot_logodds_distinctive_ngram
TH068,Accountability International Level,multiple civil society,multiple civil society,6.248207863886262,1,0,False,pilot_logodds_distinctive_ngram
TH068,Accountability International Level,public sector ofﬁcials,public sector ofﬁcials,6.248207863886262,1,1,False,pilot_logodds_distinctive_ngram
TH068,Accountability International Level,agenda national follow,agenda national follow,6.248207863886262,1,0,False,pilot_logodds_distinctive_ngram
TH068,Accountability International Level,sector ofﬁcials,sector ofﬁcials,6.248207863886262,1,0,False,pilot_logodds_distinctive_ngram
TH068,Accountability International Level,follow process,follow process,6.248207863886262,0,0,False,pilot_logodds_distinctive_ngram
TH068,Accountability International Level,exercised multiple,exercised multiple,6.248207863886262,0,0,False,pilot_logodds_distinctive_ngram
TH068,Accountability International Level,ﬁrst dimension,ﬁrst dimension,6.248207863886262,1,0,False,pilot_logodds_distinctive_ngram
TH068,Accountability International Level,exercised multiple civil,exercised multiple civil,6.248207863886262,0,0,False,pilot_logodds_distinctive_ngram
TH068,Accountability International Level,ﬁnancial ﬂows,ﬁnancial ﬂows,6.248207863886262,1,0,False,pilot_logodds_distinctive_ngram
TH068,Accountability International Level,existing mechanisms,existing mechanisms,6.248207863886262,1,0,False,pilot_logodds_distinctive_ngram
TH068,Accountability International Level,society organizations active,society organizations active,5.911576188489201,0,0,False,pilot_logodds_distinctive_ngram
TH068,Accountability International Level,mechanisms developed,mechanisms developed,5.911576188489201,0,0,False,pilot_logodds_distinctive_ngram
TH068,Accountability International Level,adaptation national,adaptation national,5.911576188489201,0,1,False,pilot_logodds_distinctive_ngram
TH068,Accountability International Level,enforcement generally absent,enforcement generally absent,5.911576188489201,0,1,False,pilot_logodds_distinctive_ngram
TH068,Accountability International Level,making governments accountable,making governments accountable,5.911576188489201,1,2,False,pilot_logodds_distinctive_ngram
TH068,Accountability International Level,enforcement generally,enforcement generally,5.911576188489201,0,1,False,pilot_logodds_distinctive_ngram
TH068,Accountability International Level,essential monitoring,essential monitoring,5.911576188489201,0,1,False,pilot_logodds_distinctive_ngram
TH068,Accountability International Level,conferences financing development,conferences financing development,5.911576188489201,0,0,False,pilot_logodds_distinctive_ngram
TH068,Accountability International Level,conferences financing,conferences financing,5.911576188489201,0,0,False,pilot_logodds_distinctive_ngram
TH069,International Environmental Treaty,organization biermann bauer,organization biermann bauer,6.040773412975474,0,0,True,pilot_logodds_distinctive_ngram
TH069,International Environmental Treaty,respective regime,respective regime,6.040773412975474,1,1,False,pilot_logodds_distinctive_ngram
TH069,International Environmental Treaty,bureaucratic organizations,bureaucratic organizations,6.040773412975474,1,0,False,pilot_logodds_distinctive_ngram
TH069,International Environmental Treaty,called rio conventions,called rio conventions,5.704171204947787,1,0,False,pilot_logodds_distinctive_ngram
TH069,International Environmental Treaty,called rio,called rio,5.704171204947787,1,0,False,pilot_logodds_distinctive_ngram
TH069,International Environmental Treaty,speciªc bureaucratic,speciªc bureaucratic,5.704171204947787,1,0,False,pilot_logodds_distinctive_ngram
TH069,International Environmental Treaty,gap literature,gap literature,5.704171204947787,0,0,False,pilot_logodds_distinctive_ngram
TH069,International Environmental Treaty,bauer forthcoming,bauer forthcoming,5.704171204947787,2,0,False,pilot_logodds_distinctive_ngram
TH069,International Environmental Treaty,baden nomos,baden nomos,5.704171204947787,1,0,False,pilot_logodds_distinctive_ngram
TH069,International Environmental Treaty,simmons eds,simmons eds,5.704171204947787,2,0,False,pilot_logodds_distinctive_ngram
TH069,International Environmental Treaty,michael martha finnemore,michael martha finnemore,5.704171204947787,0,0,True,pilot_logodds_distinctive_ngram
TH069,International Environmental Treaty,barnett michael,barnett michael,5.704171204947787,2,0,True,pilot_logodds_distinctive_ngram
TH069,International Environmental Treaty,michael martha,michael martha,5.704171204947787,0,0,False,pilot_logodds_distinctive_ngram
TH069,International Environmental Treaty,simmons eds handbook,simmons eds handbook,5.704171204947787,2,0,False,pilot_logodds_distinctive_ngram
TH069,International Environmental Treaty,regime limited,regime limited,5.704171204947787,0,1,False,pilot_logodds_distinctive_ngram
TH069,International Environmental Treaty,barnett michael martha,barnett michael martha,5.704171204947787,0,0,True,pilot_logodds_distinctive_ngram
TH069,International Environmental Treaty,mouritzen,mouritzen,5.704171204947787,1,0,False,pilot_logodds_distinctive_ngram
TH069,International Environmental Treaty,political thought,political thought,5.704171204947787,1,0,False,pilot_logodds_distinctive_ngram
TH069,International Environmental Treaty,collective governments,collective governments,5.704171204947787,0,1,False,pilot_logodds_distinctive_ngram
TH069,International Environmental Treaty,attached called rio,attached called rio,5.704171204947787,0,0,False,pilot_logodds_distinctive_ngram
TH069,International Environmental Treaty,rechkemmer,rechkemmer,5.704171204947787,1,0,False,pilot_logodds_distinctive_ngram
TH069,International Environmental Treaty,states remain,states remain,5.704171204947787,2,0,False,pilot_logodds_distinctive_ngram
TH069,International Environmental Treaty,attached called,attached called,5.704171204947787,0,0,False,pilot_logodds_distinctive_ngram
TH069,International Environmental Treaty,rechkemmer ed,rechkemmer ed,5.704171204947787,1,0,False,pilot_logodds_distinctive_ngram
TH069,International Environmental Treaty,secretariats actors,secretariats actors,5.704171204947787,1,0,False,pilot_logodds_distinctive_ngram
TH069,International Environmental Treaty,baden baden nomos,baden baden nomos,5.704171204947787,1,0,False,pilot_logodds_distinctive_ngram
TH069,International Environmental Treaty,berlin potsdam,berlin potsdam,5.704171204947787,1,0,False,pilot_logodds_distinctive_ngram
TH069,International Environmental Treaty,parties developing,parties developing,5.704171204947787,0,0,False,pilot_logodds_distinctive_ngram
TH069,International Environmental Treaty,risse simmons eds,risse simmons eds,5.704171204947787,2,0,False,pilot_logodds_distinctive_ngram
TH069,International Environmental Treaty,actors intergovernmental,actors intergovernmental,5.704171204947787,1,1,False,pilot_logodds_distinctive_ngram
TH069,International Environmental Treaty,governance pp,governance pp,5.050760394128794,2,1,False,pilot_logodds_distinctive_ngram
TH069,International Environmental Treaty,sandford,sandford,5.050760394128794,1,0,False,pilot_logodds_distinctive_ngram
TH069,International Environmental Treaty,ner eds,ner eds,4.942158959097524,1,0,False,pilot_logodds_distinctive_ngram
TH069,International Environmental Treaty,environment organization biermann,environment organization biermann,4.942158959097524,0,0,True,pilot_logodds_distinctive_ngram
TH069,International Environmental Treaty,siebenhu ner eds,siebenhu ner eds,4.942158959097524,1,0,False,pilot_logodds_distinctive_ngram
TH069,International Environmental Treaty,public nonstate actors,public nonstate actors,4.942158959097524,1,1,False,pilot_logodds_distinctive_ngram
TH069,International Environmental Treaty,biermann bauer eds,biermann bauer eds,4.857516874940924,2,0,True,pilot_logodds_distinctive_ngram
TH069,International Environmental Treaty,eds world environment,eds world environment,4.714285992288364,2,0,False,pilot_logodds_distinctive_ngram
TH069,International Environmental Treaty,bauer eds world,bauer eds world,4.714285992288364,2,0,False,pilot_logodds_distinctive_ngram
TH069,International Environmental Treaty,public nonstate,public nonstate,4.682775586699145,1,1,False,pilot_logodds_distinctive_ngram
TH069,International Environmental Treaty,internal oversight services,internal oversight services,4.605556751069837,1,1,False,pilot_logodds_distinctive_ngram
TH069,International Environmental Treaty,actors right,actors right,4.605556751069837,0,0,False,pilot_logodds_distinctive_ngram
TH069,International Environmental Treaty,ofﬁce internal,ofﬁce internal,4.605556751069837,0,0,False,pilot_logodds_distinctive_ngram
TH069,International Environmental Treaty,ofﬁce internal oversight,ofﬁce internal oversight,4.605556751069837,0,1,False,pilot_logodds_distinctive_ngram
TH069,International Environmental Treaty,esty maria ivanova,esty maria ivanova,4.605556751069837,1,0,True,pilot_logodds_distinctive_ngram
TH070,International Policy Coordination,bodansky brunnee,bodansky brunnee,6.205794430509526,1,0,False,pilot_logodds_distinctive_ngram
TH070,International Policy Coordination,bodansky brunnee hey,bodansky brunnee hey,6.205794430509526,0,0,False,pilot_logodds_distinctive_ngram
TH070,International Policy Coordination,brunnee hey,brunnee hey,6.205794430509526,0,0,False,pilot_logodds_distinctive_ngram
TH070,International Policy Coordination,law bodansky brunnee,law bodansky brunnee,6.205794430509526,1,1,False,pilot_logodds_distinctive_ngram
TH070,International Policy Coordination,ideas interests,ideas interests,5.770283718141473,1,0,False,pilot_logodds_distinctive_ngram
TH070,International Policy Coordination,ideas interests american,ideas interests american,5.318170187605519,0,0,False,pilot_logodds_distinctive_ngram
TH070,International Policy Coordination,learning learn global,learning learn global,5.318170187605519,0,0,False,pilot_logodds_distinctive_ngram
TH070,International Policy Coordination,transnational transgovernmental,transnational transgovernmental,5.318170187605519,0,1,False,pilot_logodds_distinctive_ngram
TH070,International Policy Coordination,american trade,american trade,5.318170187605519,1,0,False,pilot_logodds_distinctive_ngram
TH070,International Policy Coordination,turn epistemic communities,turn epistemic communities,5.318170187605519,0,0,False,pilot_logodds_distinctive_ngram
TH070,International Policy Coordination,peter haas ed,peter haas ed,5.318170187605519,1,0,False,pilot_logodds_distinctive_ngram
TH070,International Policy Coordination,science chicago,science chicago,5.318170187605519,1,0,False,pilot_logodds_distinctive_ngram
TH070,International Policy Coordination,learn global governance,learn global governance,5.318170187605519,1,1,False,pilot_logodds_distinctive_ngram
TH070,International Policy Coordination,learn global,learn global,5.318170187605519,1,0,False,pilot_logodds_distinctive_ngram
TH070,International Policy Coordination,interests american trade,interests american trade,5.318170187605519,0,0,False,pilot_logodds_distinctive_ngram
TH070,International Policy Coordination,turn epistemic,turn epistemic,5.318170187605519,0,0,False,pilot_logodds_distinctive_ngram
TH070,International Policy Coordination,environmental law bodansky,environmental law bodansky,5.107179939033276,1,1,False,pilot_logodds_distinctive_ngram
TH070,International Policy Coordination,law bodansky,law bodansky,5.107179939033276,1,1,False,pilot_logodds_distinctive_ngram
TH070,International Policy Coordination,haas peter,haas peter,4.98195257825238,2,0,False,pilot_logodds_distinctive_ngram
TH070,International Policy Coordination,assessment cambridge,assessment cambridge,4.981633753770444,1,0,False,pilot_logodds_distinctive_ngram
TH070,International Policy Coordination,makeup,makeup,4.981633753770444,1,0,False,pilot_logodds_distinctive_ngram
TH070,International Policy Coordination,strong actors,strong actors,4.981633753770444,1,0,False,pilot_logodds_distinctive_ngram
TH070,International Policy Coordination,strong actors national,strong actors national,4.981633753770444,0,0,False,pilot_logodds_distinctive_ngram
TH070,International Policy Coordination,cognate,cognate,4.981633753770444,1,0,False,pilot_logodds_distinctive_ngram
TH070,International Policy Coordination,cognate literature,cognate literature,4.981633753770444,1,0,False,pilot_logodds_distinctive_ngram
TH070,International Policy Coordination,development bank united,development bank united,4.981633753770444,1,0,False,pilot_logodds_distinctive_ngram
TH071,Environmental Policy Integration,organizations bureaucracies,organizations bureaucracies,6.827938323719074,0,0,False,pilot_logodds_distinctive_ngram
TH071,Environmental Policy Integration,biermann siebenhu,biermann siebenhu,6.316708855346997,1,0,True,pilot_logodds_distinctive_ngram
TH071,Environmental Policy Integration,biermann siebenhu ner,biermann siebenhu ner,6.316708855346997,1,0,True,pilot_logodds_distinctive_ngram
TH071,Environmental Policy Integration,executive inﬂuence,executive inﬂuence,6.316708855346997,1,0,False,pilot_logodds_distinctive_ngram
TH071,Environmental Policy Integration,siebenhu ner,siebenhu ner,6.316708855346997,1,0,False,pilot_logodds_distinctive_ngram
TH071,Environmental Policy Integration,siebenhu,siebenhu,6.316708855346997,1,0,False,pilot_logodds_distinctive_ngram
TH071,Environmental Policy Integration,institutions organizations bureaucracies,institutions organizations bureaucracies,6.316708855346997,0,1,False,pilot_logodds_distinctive_ngram
TH071,Environmental Policy Integration,oberthu,oberthu,6.173527262352275,1,0,False,pilot_logodds_distinctive_ngram
TH071,Environmental Policy Integration,cognitive normative,cognitive normative,6.173527262352275,1,1,False,pilot_logodds_distinctive_ngram
TH071,Environmental Policy Integration,cognitive normative executive,cognitive normative executive,6.173527262352275,0,1,False,pilot_logodds_distinctive_ngram
TH071,Environmental Policy Integration,organizational institutional,organizational institutional,6.173527262352275,0,1,False,pilot_logodds_distinctive_ngram
TH071,Environmental Policy Integration,normative executive inﬂuence,normative executive inﬂuence,6.173527262352275,0,1,False,pilot_logodds_distinctive_ngram
TH071,Environmental Policy Integration,normative executive,normative executive,6.173527262352275,0,1,False,pilot_logodds_distinctive_ngram
TH071,Environmental Policy Integration,pfer,pfer,6.006392434854991,1,0,False,pilot_logodds_distinctive_ngram
TH071,Environmental Policy Integration,organization biermann,organization biermann,6.006392434854991,0,0,True,pilot_logodds_distinctive_ngram
TH071,Environmental Policy Integration,change inﬂuence international,change inﬂuence international,6.006392434854991,0,0,False,pilot_logodds_distinctive_ngram
TH071,Environmental Policy Integration,change inﬂuence,change inﬂuence,6.006392434854991,0,0,False,pilot_logodds_distinctive_ngram
TH071,Environmental Policy Integration,biermann pattberg,biermann pattberg,6.006392434854991,2,0,True,pilot_logodds_distinctive_ngram
TH071,Environmental Policy Integration,global change inﬂuence,global change inﬂuence,6.006392434854991,0,0,False,pilot_logodds_distinctive_ngram
TH071,Environmental Policy Integration,institutions bureaucracies,institutions bureaucracies,6.006392434854991,0,1,False,pilot_logodds_distinctive_ngram
TH071,Environmental Policy Integration,van der,van der,5.805641003077602,2,0,False,pilot_logodds_distinctive_ngram
TH071,Environmental Policy Integration,upgrading streamlining,upgrading streamlining,5.805641003077602,1,0,False,pilot_logodds_distinctive_ngram
TH071,Environmental Policy Integration,environment organization biermann,environment organization biermann,5.805641003077602,0,0,True,pilot_logodds_distinctive_ngram
TH071,Environmental Policy Integration,existing institutions organizations,existing institutions organizations,5.805641003077602,1,1,False,pilot_logodds_distinctive_ngram
TH071,Environmental Policy Integration,improve cognitive,improve cognitive,5.805641003077602,0,0,False,pilot_logodds_distinctive_ngram
TH071,Environmental Policy Integration,executive inﬂuence better,executive inﬂuence better,5.805641003077602,0,0,False,pilot_logodds_distinctive_ngram
TH071,Environmental Policy Integration,improve cognitive normative,improve cognitive normative,5.805641003077602,0,1,False,pilot_logodds_distinctive_ngram
TH071,Environmental Policy Integration,ner eds,ner eds,5.805641003077602,1,0,False,pilot_logodds_distinctive_ngram
TH071,Environmental Policy Integration,better integrating,better integrating,5.805641003077602,1,1,False,pilot_logodds_distinctive_ngram
TH072,Integration Environmental Policy,oberthu,oberthu,6.826834756943373,1,0,False,pilot_logodds_distinctive_ngram
TH072,Integration Environmental Policy,upgrading streamlining,upgrading streamlining,6.458803580798807,1,0,False,pilot_logodds_distinctive_ngram
TH072,Integration Environmental Policy,homeyer,homeyer,6.207335989705532,1,0,False,pilot_logodds_distinctive_ngram
TH072,Integration Environmental Policy,agency model,agency model,6.207335989705532,0,0,False,pilot_logodds_distinctive_ngram
TH072,Integration Environmental Policy,organizational status,organizational status,6.207335989705532,1,0,False,pilot_logodds_distinctive_ngram
TH072,Integration Environmental Policy,von homeyer,von homeyer,6.207335989705532,1,0,False,pilot_logodds_distinctive_ngram
TH072,Integration Environmental Policy,streamlining institutions,streamlining institutions,6.207335989705532,1,1,False,pilot_logodds_distinctive_ngram
TH072,Integration Environmental Policy,lafferty hovden,lafferty hovden,5.870710613727205,1,0,False,pilot_logodds_distinctive_ngram
TH072,Integration Environmental Policy,longer term upgrading,longer term upgrading,5.870710613727205,1,0,False,pilot_logodds_distinctive_ngram
TH072,Integration Environmental Policy,options relation,options relation,5.870710613727205,0,0,False,pilot_logodds_distinctive_ngram
TH072,Integration Environmental Policy,potential improving,potential improving,5.870710613727205,0,0,False,pilot_logodds_distinctive_ngram
TH072,Integration Environmental Policy,challenges opportunities evolving,challenges opportunities evolving,5.870710613727205,0,0,False,pilot_logodds_distinctive_ngram
TH072,Integration Environmental Policy,change including,change including,5.870710613727205,1,0,False,pilot_logodds_distinctive_ngram
TH072,Integration Environmental Policy,change including clustering,change including clustering,5.870710613727205,1,0,False,pilot_logodds_distinctive_ngram
TH072,Integration Environmental Policy,including clustering upgrading,including clustering upgrading,5.870710613727205,1,0,False,pilot_logodds_distinctive_ngram
TH072,Integration Environmental Policy,options relation potential,options relation potential,5.870710613727205,0,0,False,pilot_logodds_distinctive_ngram
TH072,Integration Environmental Policy,oberthu gehring,oberthu gehring,5.870710613727205,1,0,False,pilot_logodds_distinctive_ngram
TH072,Integration Environmental Policy,group proposals,group proposals,5.870710613727205,0,0,False,pilot_logodds_distinctive_ngram
TH072,Integration Environmental Policy,opportunities evolving,opportunities evolving,5.870710613727205,0,0,False,pilot_logodds_distinctive_ngram
TH072,Integration Environmental Policy,including clustering,including clustering,5.870710613727205,1,0,False,pilot_logodds_distinctive_ngram
TH072,Integration Environmental Policy,lafferty,lafferty,5.870710613727205,1,0,False,pilot_logodds_distinctive_ngram
TH072,Integration Environmental Policy,upgrading streamlining hierarchical,upgrading streamlining hierarchical,5.870710613727205,0,0,False,pilot_logodds_distinctive_ngram
TH072,Integration Environmental Policy,hierarchical steering,hierarchical steering,5.870710613727205,1,0,False,pilot_logodds_distinctive_ngram
TH072,Integration Environmental Policy,hovden,hovden,5.870710613727205,1,0,False,pilot_logodds_distinctive_ngram
TH072,Integration Environmental Policy,opportunities evolving governance,opportunities evolving governance,5.870710613727205,0,1,False,pilot_logodds_distinctive_ngram
TH072,Integration Environmental Policy,organizational institutional change,organizational institutional change,5.870710613727205,0,1,False,pilot_logodds_distinctive_ngram
TH072,Integration Environmental Policy,development assistance challenges,development assistance challenges,5.870710613727205,2,0,False,pilot_logodds_distinctive_ngram
TH072,Integration Environmental Policy,relation potential,relation potential,5.870710613727205,0,0,False,pilot_logodds_distinctive_ngram
TH072,Integration Environmental Policy,stronger bureaucracy,stronger bureaucracy,5.870710613727205,1,0,False,pilot_logodds_distinctive_ngram
TH072,Integration Environmental Policy,meets problems,meets problems,5.870710613727205,1,0,False,pilot_logodds_distinctive_ngram
TH072,Integration Environmental Policy,clustering upgrading streamlining,clustering upgrading streamlining,5.870710613727205,1,0,False,pilot_logodds_distinctive_ngram
TH072,Integration Environmental Policy,clustering upgrading,clustering upgrading,5.870710613727205,1,0,False,pilot_logodds_distinctive_ngram
TH072,Integration Environmental Policy,streamlining institutions bureaucracies,streamlining institutions bureaucracies,5.870710613727205,0,1,False,pilot_logodds_distinctive_ngram
TH072,Integration Environmental Policy,eckerberg,eckerberg,5.870710613727205,1,0,False,pilot_logodds_distinctive_ngram
TH073,Society Participation Engagement,cross sector,cross sector,7.286187893385624,1,0,False,pilot_logodds_distinctive_ngram
TH073,Society Participation Engagement,social dimension governance,social dimension governance,6.949269427395115,0,1,False,pilot_logodds_distinctive_ngram
TH073,Society Participation Engagement,rights sustainable development,rights sustainable development,6.949269427395115,0,0,False,pilot_logodds_distinctive_ngram
TH073,Society Participation Engagement,dimension governance,dimension governance,6.949269427395115,0,1,False,pilot_logodds_distinctive_ngram
TH073,Society Participation Engagement,government bureaucracy,government bureaucracy,6.949269427395115,1,1,False,pilot_logodds_distinctive_ngram
TH073,Society Participation Engagement,human rights sustainable,human rights sustainable,6.949269427395115,0,0,False,pilot_logodds_distinctive_ngram
TH073,Society Participation Engagement,cross sector relationships,cross sector relationships,6.949269427395115,1,0,False,pilot_logodds_distinctive_ngram
TH073,Society Participation Engagement,sector relationships,sector relationships,6.949269427395115,1,0,False,pilot_logodds_distinctive_ngram
TH073,Society Participation Engagement,challenge supporting,challenge supporting,6.949269427395115,0,0,False,pilot_logodds_distinctive_ngram
TH073,Society Participation Engagement,better long,better long,6.949269427395115,1,0,False,pilot_logodds_distinctive_ngram
TH073,Society Participation Engagement,rights sustainable,rights sustainable,6.949269427395115,0,0,False,pilot_logodds_distinctive_ngram
TH073,Society Participation Engagement,maria figueroa,maria figueroa,5.850654998783244,1,0,False,pilot_logodds_distinctive_ngram
TH073,Society Participation Engagement,governing network,governing network,5.850654998783244,0,2,False,pilot_logodds_distinctive_ngram
TH073,Society Participation Engagement,recursive,recursive,5.850654998783244,1,0,False,pilot_logodds_distinctive_ngram
TH073,Society Participation Engagement,better integrate,better integrate,5.850654998783244,1,1,False,pilot_logodds_distinctive_ngram
TH073,Society Participation Engagement,goldsmith eggers,goldsmith eggers,5.850654998783244,0,0,False,pilot_logodds_distinctive_ngram
TH073,Society Participation Engagement,eggers,eggers,5.850654998783244,1,0,False,pilot_logodds_distinctive_ngram
TH073,Society Participation Engagement,goals approaches,goals approaches,5.850654998783244,0,0,False,pilot_logodds_distinctive_ngram
TH073,Society Participation Engagement,figueroa,figueroa,5.850654998783244,1,0,False,pilot_logodds_distinctive_ngram
TH073,Society Participation Engagement,new work,new work,5.850654998783244,2,0,False,pilot_logodds_distinctive_ngram
TH073,Society Participation Engagement,livestock,livestock,5.340271324485287,1,0,False,pilot_logodds_distinctive_ngram
TH073,Society Participation Engagement,experimentation,experimentation,5.340271324485287,3,0,False,pilot_logodds_distinctive_ngram
TH073,Society Participation Engagement,long lasting,long lasting,5.339827235068911,2,0,False,pilot_logodds_distinctive_ngram
TH073,Society Participation Engagement,sustainable development policy,sustainable development policy,5.339827235068911,2,0,False,pilot_logodds_distinctive_ngram
TH073,Society Participation Engagement,commitments global,commitments global,5.339827235068911,2,0,False,pilot_logodds_distinctive_ngram
TH073,Society Participation Engagement,strengthening social,strengthening social,5.3393833446797965,0,0,False,pilot_logodds_distinctive_ngram
TH073,Society Participation Engagement,methodologies,methodologies,5.3393833446797965,1,0,False,pilot_logodds_distinctive_ngram
TH073,Society Participation Engagement,vastly different,vastly different,5.3393833446797965,2,0,False,pilot_logodds_distinctive_ngram
TH073,Society Participation Engagement,implementation meetings,implementation meetings,5.3393833446797965,1,1,False,pilot_logodds_distinctive_ngram
TH073,Society Participation Engagement,democratic processes,democratic processes,5.3393833446797965,2,0,False,pilot_logodds_distinctive_ngram
TH073,Society Participation Engagement,decision making implementation,decision making implementation,5.3393833446797965,0,1,False,pilot_logodds_distinctive_ngram
TH073,Society Participation Engagement,incorporates,incorporates,5.3393833446797965,2,0,False,pilot_logodds_distinctive_ngram
TH073,Society Participation Engagement,manage external,manage external,5.3393833446797965,1,0,False,pilot_logodds_distinctive_ngram
TH073,Society Participation Engagement,social dynamics,social dynamics,5.3393833446797965,2,0,False,pilot_logodds_distinctive_ngram
TH073,Society Participation Engagement,globalization economic,globalization economic,5.3393833446797965,0,0,False,pilot_logodds_distinctive_ngram
TH073,Society Participation Engagement,globalization economic sphere,globalization economic sphere,5.3393833446797965,0,0,False,pilot_logodds_distinctive_ngram
TH073,Society Participation Engagement,sustainable development past,sustainable development past,5.3393833446797965,0,0,False,pilot_logodds_distinctive_ngram
TH073,Society Participation Engagement,level commitment,level commitment,5.3393833446797965,1,0,False,pilot_logodds_distinctive_ngram
TH073,Society Participation Engagement,manage external partners,manage external partners,5.3393833446797965,1,1,False,pilot_logodds_distinctive_ngram
TH073,Society Participation Engagement,level especially,level especially,5.3393833446797965,1,0,False,pilot_logodds_distinctive_ngram
TH073,Society Participation Engagement,evaluation monitoring,evaluation monitoring,5.3393833446797965,0,2,False,pilot_logodds_distinctive_ngram
TH073,Society Participation Engagement,primary challenge,primary challenge,5.3393833446797965,1,0,False,pilot_logodds_distinctive_ngram
TH073,Society Participation Engagement,psg does,psg does,5.3393833446797965,1,0,False,pilot_logodds_distinctive_ngram
TH073,Society Participation Engagement,ratchet,ratchet,5.3393833446797965,1,0,False,pilot_logodds_distinctive_ngram
TH073,Society Participation Engagement,infuse,infuse,5.3393833446797965,2,0,False,pilot_logodds_distinctive_ngram
TH073,Society Participation Engagement,alternative approaches,alternative approaches,5.3393833446797965,2,0,False,pilot_logodds_distinctive_ngram
TH073,Society Participation Engagement,global democracy,global democracy,5.3393833446797965,1,0,False,pilot_logodds_distinctive_ngram
TH073,Society Participation Engagement,ngos different,ngos different,5.3393833446797965,1,0,False,pilot_logodds_distinctive_ngram
TH073,Society Participation Engagement,figueroa küpçü,figueroa küpçü,5.3393833446797965,1,0,False,pilot_logodds_distinctive_ngram
TH073,Society Participation Engagement,following wssd,following wssd,5.3393833446797965,1,0,False,pilot_logodds_distinctive_ngram
TH073,Society Participation Engagement,development asia,development asia,5.3393833446797965,0,0,False,pilot_logodds_distinctive_ngram
TH074,Unccd Desertiªcation Secretariat,secretariats bear,secretariats bear,6.756604258487191,1,0,False,pilot_logodds_distinctive_ngram
TH074,Unccd Desertiªcation Secretariat,developed country parties,developed country parties,6.756604258487191,1,0,False,pilot_logodds_distinctive_ngram
TH074,Unccd Desertiªcation Secretariat,bear bureaucratic,bear bureaucratic,6.756604258487191,1,0,False,pilot_logodds_distinctive_ngram
TH074,Unccd Desertiªcation Secretariat,ªnally,ªnally,6.756604258487191,1,0,False,pilot_logodds_distinctive_ngram
TH074,Unccd Desertiªcation Secretariat,bear bureaucratic authority,bear bureaucratic authority,6.505084280359724,1,1,False,pilot_logodds_distinctive_ngram
TH074,Unccd Desertiªcation Secretariat,concession,concession,6.505084280359724,1,0,False,pilot_logodds_distinctive_ngram
TH074,Unccd Desertiªcation Secretariat,secretariats bear bureaucratic,secretariats bear bureaucratic,6.505084280359724,0,0,False,pilot_logodds_distinctive_ngram
TH074,Unccd Desertiªcation Secretariat,land degradation,land degradation,6.1694323447183566,2,0,False,pilot_logodds_distinctive_ngram
TH074,Unccd Desertiªcation Secretariat,justiªed,justiªed,6.168406536134006,1,0,False,pilot_logodds_distinctive_ngram
TH074,Unccd Desertiªcation Secretariat,governance working paper,governance working paper,6.168406536134006,1,1,False,pilot_logodds_distinctive_ngram
TH074,Unccd Desertiªcation Secretariat,differences authority use,differences authority use,6.168406536134006,0,1,False,pilot_logodds_distinctive_ngram
TH074,Unccd Desertiªcation Secretariat,penelope,penelope,6.168406536134006,1,0,False,pilot_logodds_distinctive_ngram
TH074,Unccd Desertiªcation Secretariat,senior ofªcers,senior ofªcers,6.168406536134006,1,0,False,pilot_logodds_distinctive_ngram
TH074,Unccd Desertiªcation Secretariat,acclaimed,acclaimed,6.168406536134006,1,0,False,pilot_logodds_distinctive_ngram
TH074,Unccd Desertiªcation Secretariat,activities secretariats,activities secretariats,6.168406536134006,0,0,False,pilot_logodds_distinctive_ngram
TH074,Unccd Desertiªcation Secretariat,treaty secretariats bear,treaty secretariats bear,6.168406536134006,1,0,False,pilot_logodds_distinctive_ngram
TH074,Unccd Desertiªcation Secretariat,differences authority,differences authority,6.168406536134006,0,1,False,pilot_logodds_distinctive_ngram
TH074,Unccd Desertiªcation Secretariat,governance project available,governance project available,6.168406536134006,1,1,False,pilot_logodds_distinctive_ngram
TH074,Unccd Desertiªcation Secretariat,analysis ozone,analysis ozone,6.168406536134006,0,0,False,pilot_logodds_distinctive_ngram
TH074,Unccd Desertiªcation Secretariat,dryland degradation,dryland degradation,6.168406536134006,1,0,False,pilot_logodds_distinctive_ngram
TH074,Unccd Desertiªcation Secretariat,signiªcantly,signiªcantly,6.168406536134006,1,0,False,pilot_logodds_distinctive_ngram
TH074,Unccd Desertiªcation Secretariat,authority use,authority use,6.168406536134006,0,1,False,pilot_logodds_distinctive_ngram
TH074,Unccd Desertiªcation Secretariat,authority use thereof,authority use thereof,6.168406536134006,0,1,False,pilot_logodds_distinctive_ngram
TH074,Unccd Desertiªcation Secretariat,glogov org front_content,glogov org front_content,6.168406536134006,1,0,False,pilot_logodds_distinctive_ngram
TH074,Unccd Desertiªcation Secretariat,formal status,formal status,6.168406536134006,1,0,False,pilot_logodds_distinctive_ngram
TH074,Unccd Desertiªcation Secretariat,politics ªrst,politics ªrst,6.168406536134006,0,0,False,pilot_logodds_distinctive_ngram
TH074,Unccd Desertiªcation Secretariat,parties adversely,parties adversely,6.168406536134006,0,0,False,pilot_logodds_distinctive_ngram
TH074,Unccd Desertiªcation Secretariat,loss authority,loss authority,6.168406536134006,0,1,False,pilot_logodds_distinctive_ngram
TH074,Unccd Desertiªcation Secretariat,org front_content php,org front_content php,6.168406536134006,1,0,False,pilot_logodds_distinctive_ngram
TH074,Unccd Desertiªcation Secretariat,global governance working,global governance working,6.168406536134006,1,1,False,pilot_logodds_distinctive_ngram
TH074,Unccd Desertiªcation Secretariat,governance working,governance working,6.168406536134006,1,1,False,pilot_logodds_distinctive_ngram
TH074,Unccd Desertiªcation Secretariat,use thereof,use thereof,6.168406536134006,1,0,False,pilot_logodds_distinctive_ngram
TH074,Unccd Desertiªcation Secretariat,peculiar,peculiar,6.168406536134006,1,0,False,pilot_logodds_distinctive_ngram
TH075,Institutionalism Organizational,powell,powell,7.587662008732335,1,0,False,pilot_logodds_distinctive_ngram
TH075,Institutionalism Organizational,dimaggio,dimaggio,7.587662008732335,1,0,False,pilot_logodds_distinctive_ngram
TH075,Institutionalism Organizational,intergovernmental organizations actors,intergovernmental organizations actors,6.489047584940805,0,1,False,pilot_logodds_distinctive_ngram
TH075,Institutionalism Organizational,bertjaan verbeek,bertjaan verbeek,6.489047584940805,1,0,False,pilot_logodds_distinctive_ngram
TH075,Institutionalism Organizational,globe yearbook,globe yearbook,6.489047584940805,2,0,False,pilot_logodds_distinctive_ngram
TH075,Institutionalism Organizational,decision making international,decision making international,6.489047584940805,0,0,False,pilot_logodds_distinctive_ngram
TH075,Institutionalism Organizational,georg,georg,6.489047584940805,2,0,False,pilot_logodds_distinctive_ngram
TH075,Institutionalism Organizational,international journal,international journal,6.489047584940805,2,0,False,pilot_logodds_distinctive_ngram
TH075,Institutionalism Organizational,green globe yearbook,green globe yearbook,6.489047584940805,2,0,False,pilot_logodds_distinctive_ngram
TH075,Institutionalism Organizational,green globe,green globe,6.489047584940805,2,0,False,pilot_logodds_distinctive_ngram
TH075,Institutionalism Organizational,operation environment,operation environment,6.489047584940805,0,0,False,pilot_logodds_distinctive_ngram
TH075,Institutionalism Organizational,operation environment development,operation environment development,6.489047584940805,0,0,False,pilot_logodds_distinctive_ngram
TH075,Institutionalism Organizational,yearbook international operation,yearbook international operation,6.489047584940805,0,0,False,pilot_logodds_distinctive_ngram
TH075,Institutionalism Organizational,international operation,international operation,6.489047584940805,0,0,False,pilot_logodds_distinctive_ngram
TH075,Institutionalism Organizational,international operation environment,international operation environment,6.489047584940805,0,0,False,pilot_logodds_distinctive_ngram
TH075,Institutionalism Organizational,institutionalist approach,institutionalist approach,6.489047584940805,2,1,False,pilot_logodds_distinctive_ngram
TH075,Institutionalism Organizational,bertjaan,bertjaan,5.978219826046835,1,0,False,pilot_logodds_distinctive_ngram
TH075,Institutionalism Organizational,reinalda,reinalda,5.978219826046835,1,0,False,pilot_logodds_distinctive_ngram
TH075,Institutionalism Organizational,journal policy,journal policy,5.978219826046835,0,0,False,pilot_logodds_distinctive_ngram
TH075,Institutionalism Organizational,making international organizations,making international organizations,5.978219826046835,0,0,False,pilot_logodds_distinctive_ngram
TH075,Institutionalism Organizational,international environmental treaty,international environmental treaty,5.978219826046835,2,0,False,pilot_logodds_distinctive_ngram
TH075,Institutionalism Organizational,focus particular,focus particular,5.9773795011418365,0,0,False,pilot_logodds_distinctive_ngram
TH075,Institutionalism Organizational,idcat,idcat,5.9773795011418365,1,0,False,pilot_logodds_distinctive_ngram
TH075,Institutionalism Organizational,institutionalist approaches,institutionalist approaches,5.9773795011418365,2,1,False,pilot_logodds_distinctive_ngram
TH075,Institutionalism Organizational,cliffs nj prentice,cliffs nj prentice,5.9773795011418365,2,0,False,pilot_logodds_distinctive_ngram
TH075,Institutionalism Organizational,politics new york,politics new york,5.9773795011418365,2,0,False,pilot_logodds_distinctive_ngram
TH075,Institutionalism Organizational,kate,kate,5.9773795011418365,2,0,False,pilot_logodds_distinctive_ngram
TH075,Institutionalism Organizational,politics new,politics new,5.9773795011418365,2,0,False,pilot_logodds_distinctive_ngram
TH075,Institutionalism Organizational,php idcat,php idcat,5.9773795011418365,1,0,False,pilot_logodds_distinctive_ngram
TH075,Institutionalism Organizational,lost relevance,lost relevance,5.9773795011418365,2,0,False,pilot_logodds_distinctive_ngram
TH075,Institutionalism Organizational,maintaining state,maintaining state,5.9773795011418365,1,0,False,pilot_logodds_distinctive_ngram
TH075,Institutionalism Organizational,nj prentice hall,nj prentice hall,5.9773795011418365,2,0,False,pilot_logodds_distinctive_ngram
TH075,Institutionalism Organizational,nj prentice,nj prentice,5.9773795011418365,2,0,False,pilot_logodds_distinctive_ngram
TH075,Institutionalism Organizational,wish help,wish help,5.9773795011418365,0,0,False,pilot_logodds_distinctive_ngram
TH075,Institutionalism Organizational,amsterdam berlin,amsterdam berlin,5.9773795011418365,1,0,False,pilot_logodds_distinctive_ngram
TH075,Institutionalism Organizational,draws heavily,draws heavily,5.9773795011418365,2,0,False,pilot_logodds_distinctive_ngram
TH075,Institutionalism Organizational,organizations edited bob,organizations edited bob,5.9773795011418365,0,0,False,pilot_logodds_distinctive_ngram
TH075,Institutionalism Organizational,process epistemic,process epistemic,5.9773795011418365,0,0,False,pilot_logodds_distinctive_ngram
TH075,Institutionalism Organizational,actors probably,actors probably,5.9773795011418365,1,0,False,pilot_logodds_distinctive_ngram
TH075,Institutionalism Organizational,simpler times,simpler times,5.9773795011418365,1,0,False,pilot_logodds_distinctive_ngram
TH075,Institutionalism Organizational,focus shared,focus shared,5.9773795011418365,0,0,False,pilot_logodds_distinctive_ngram
TH075,Institutionalism Organizational,experience dealing,experience dealing,5.9773795011418365,0,0,False,pilot_logodds_distinctive_ngram
TH075,Institutionalism Organizational,empirical manifestation,empirical manifestation,5.9773795011418365,1,0,False,pilot_logodds_distinctive_ngram
TH075,Institutionalism Organizational,construct new,construct new,5.9773795011418365,1,0,False,pilot_logodds_distinctive_ngram
TH075,Institutionalism Organizational,governance century,governance century,5.9773795011418365,0,1,False,pilot_logodds_distinctive_ngram
TH075,Institutionalism Organizational,agree transnational rules,agree transnational rules,5.9773795011418365,0,1,False,pilot_logodds_distinctive_ngram
TH076,International Environmental Law,oxford handbook,oxford handbook,5.772692549994193,1,0,False,pilot_logodds_distinctive_ngram
TH076,International Environmental Law,brunnee hey,brunnee hey,5.386912035040696,0,0,False,pilot_logodds_distinctive_ngram
TH076,International Environmental Law,bodansky brunnee,bodansky brunnee,5.386912035040696,1,0,False,pilot_logodds_distinctive_ngram
TH076,International Environmental Law,bodansky brunnee hey,bodansky brunnee hey,5.386912035040696,0,0,False,pilot_logodds_distinctive_ngram
TH076,International Environmental Law,stocks highly migratory,stocks highly migratory,4.7508052481096,0,0,False,pilot_logodds_distinctive_ngram
TH076,International Environmental Law,stocks highly,stocks highly,4.7508052481096,0,0,False,pilot_logodds_distinctive_ngram
TH076,International Environmental Law,dahl,dahl,4.7508052481096,1,0,False,pilot_logodds_distinctive_ngram
TH076,International Environmental Law,decade rio,decade rio,4.7508052481096,0,0,False,pilot_logodds_distinctive_ngram
TH076,International Environmental Law,london royal institute,london royal institute,4.7508052481096,2,0,False,pilot_logodds_distinctive_ngram
TH076,International Environmental Law,london royal,london royal,4.7508052481096,2,0,False,pilot_logodds_distinctive_ngram
TH076,International Environmental Law,speciﬁc policy,speciﬁc policy,4.7508052481096,1,0,False,pilot_logodds_distinctive_ngram
TH076,International Environmental Law,bodansky,bodansky,4.67407796588964,1,0,False,pilot_logodds_distinctive_ngram
TH076,International Environmental Law,kenen ed,kenen ed,4.4994613169521624,3,0,False,pilot_logodds_distinctive_ngram
TH076,International Environmental Law,esty maria,esty maria,4.4994613169521624,1,0,False,pilot_logodds_distinctive_ngram
TH076,International Environmental Law,daniel esty maria,daniel esty maria,4.4994613169521624,1,0,False,pilot_logodds_distinctive_ngram
TH076,International Environmental Law,change effectiveness learning,change effectiveness learning,4.4994613169521624,0,0,False,pilot_logodds_distinctive_ngram
TH076,International Environmental Law,georgetown,georgetown,4.4994613169521624,3,0,False,pilot_logodds_distinctive_ngram
TH076,International Environmental Law,kenen,kenen,4.4994613169521624,3,0,False,pilot_logodds_distinctive_ngram
TH076,International Environmental Law,years stockholm,years stockholm,4.4994613169521624,0,0,False,pilot_logodds_distinctive_ngram
TH076,International Environmental Law,straddling fish stocks,straddling fish stocks,4.4994613169521624,1,0,False,pilot_logodds_distinctive_ngram
TH076,International Environmental Law,new ways make,new ways make,4.4994613169521624,0,0,False,pilot_logodds_distinctive_ngram
TH076,International Environmental Law,speciﬁc inﬂuence,speciﬁc inﬂuence,4.4994613169521624,1,0,False,pilot_logodds_distinctive_ngram
TH076,International Environmental Law,fish stocks highly,fish stocks highly,4.4994613169521624,0,0,False,pilot_logodds_distinctive_ngram
TH076,International Environmental Law,communities epistemic communities,communities epistemic communities,4.4994613169521624,1,0,False,pilot_logodds_distinctive_ngram
TH076,International Environmental Law,review european,review european,4.4994613169521624,0,0,False,pilot_logodds_distinctive_ngram
TH076,International Environmental Law,review european community,review european community,4.4994613169521624,0,0,False,pilot_logodds_distinctive_ngram
TH076,International Environmental Law,esty maria ivanova,esty maria ivanova,4.4994613169521624,1,0,True,pilot_logodds_distinctive_ngram
TH076,International Environmental Law,establish new,establish new,4.4994613169521624,1,0,False,pilot_logodds_distinctive_ngram
TH076,International Environmental Law,change effectiveness,change effectiveness,4.4994613169521624,2,0,False,pilot_logodds_distinctive_ngram
TH076,International Environmental Law,organisations effectiveness,organisations effectiveness,4.4994613169521624,0,0,False,pilot_logodds_distinctive_ngram
TH077,Strengthening Capacity Building,integrated management ecosystem,integrated management ecosystem,7.238023455876238,0,1,False,pilot_logodds_distinctive_ngram
TH077,Strengthening Capacity Building,management ecosystem approach,management ecosystem approach,7.238023455876238,0,0,False,pilot_logodds_distinctive_ngram
TH077,Strengthening Capacity Building,management ecosystem,management ecosystem,7.238023455876238,0,0,False,pilot_logodds_distinctive_ngram
TH077,Strengthening Capacity Building,frameworks horizontal coordination,frameworks horizontal coordination,6.901125868334108,1,1,False,pilot_logodds_distinctive_ngram
TH077,Strengthening Capacity Building,coordination cooperation vertical,coordination cooperation vertical,6.901125868334108,0,1,False,pilot_logodds_distinctive_ngram
TH077,Strengthening Capacity Building,regulatory frameworks horizontal,regulatory frameworks horizontal,6.901125868334108,1,0,False,pilot_logodds_distinctive_ngram
TH077,Strengthening Capacity Building,coherence good,coherence good,6.901125868334108,1,1,False,pilot_logodds_distinctive_ngram
TH077,Strengthening Capacity Building,cooperation vertical coherence,cooperation vertical coherence,6.901125868334108,1,1,False,pilot_logodds_distinctive_ngram
TH077,Strengthening Capacity Building,frameworks horizontal,frameworks horizontal,6.901125868334108,1,0,False,pilot_logodds_distinctive_ngram
TH077,Strengthening Capacity Building,ecosystem approach legal,ecosystem approach legal,6.901125868334108,1,1,False,pilot_logodds_distinctive_ngram
TH077,Strengthening Capacity Building,coherence good governance,coherence good governance,6.901125868334108,1,2,False,pilot_logodds_distinctive_ngram
TH077,Strengthening Capacity Building,vertical coherence good,vertical coherence good,6.901125868334108,1,1,False,pilot_logodds_distinctive_ngram
TH077,Strengthening Capacity Building,approach legal regulatory,approach legal regulatory,6.901125868334108,0,1,False,pilot_logodds_distinctive_ngram
TH077,Strengthening Capacity Building,approach legal,approach legal,6.901125868334108,1,1,False,pilot_logodds_distinctive_ngram
TH077,Strengthening Capacity Building,partnerships institutional,partnerships institutional,6.901125868334108,1,2,False,pilot_logodds_distinctive_ngram
TH077,Strengthening Capacity Building,vertical coherence,vertical coherence,5.802511439218388,1,1,False,pilot_logodds_distinctive_ngram
TH077,Strengthening Capacity Building,integrated management natural,integrated management natural,5.802511439218388,0,1,False,pilot_logodds_distinctive_ngram
TH077,Strengthening Capacity Building,factors best,factors best,5.802511439218388,1,0,False,pilot_logodds_distinctive_ngram
TH077,Strengthening Capacity Building,cooperation vertical,cooperation vertical,5.802511439218388,1,0,False,pilot_logodds_distinctive_ngram
TH077,Strengthening Capacity Building,horizontal coordination cooperation,horizontal coordination cooperation,5.802511439218388,0,1,False,pilot_logodds_distinctive_ngram
TH077,Strengthening Capacity Building,country groups,country groups,5.292106885464349,1,0,False,pilot_logodds_distinctive_ngram
TH077,Strengthening Capacity Building,legal regulatory frameworks,legal regulatory frameworks,5.292106885464349,0,1,False,pilot_logodds_distinctive_ngram
TH077,Strengthening Capacity Building,strategic implications,strategic implications,5.291683675000205,2,0,False,pilot_logodds_distinctive_ngram
TH077,Strengthening Capacity Building,horizontal coordination,horizontal coordination,5.291683675000205,1,1,False,pilot_logodds_distinctive_ngram
TH077,Strengthening Capacity Building,commitments support,commitments support,5.291683675000205,0,0,False,pilot_logodds_distinctive_ngram
TH077,Strengthening Capacity Building,based mandates,based mandates,5.291260645377966,0,1,False,pilot_logodds_distinctive_ngram
TH077,Strengthening Capacity Building,cancellation,cancellation,5.291260645377966,1,0,False,pilot_logodds_distinctive_ngram
TH077,Strengthening Capacity Building,policy program,policy program,5.291260645377966,1,0,False,pilot_logodds_distinctive_ngram
TH077,Strengthening Capacity Building,undo,undo,5.291260645377966,1,0,False,pilot_logodds_distinctive_ngram
TH077,Strengthening Capacity Building,policy networks organized,policy networks organized,5.291260645377966,2,1,False,pilot_logodds_distinctive_ngram
TH077,Strengthening Capacity Building,examples global problems,examples global problems,5.291260645377966,0,0,False,pilot_logodds_distinctive_ngram
TH077,Strengthening Capacity Building,examples global,examples global,5.291260645377966,0,0,False,pilot_logodds_distinctive_ngram
TH077,Strengthening Capacity Building,examples commitments world,examples commitments world,5.291260645377966,0,0,False,pilot_logodds_distinctive_ngram
TH077,Strengthening Capacity Building,based mandates comparative,based mandates comparative,5.291260645377966,0,1,False,pilot_logodds_distinctive_ngram
TH077,Strengthening Capacity Building,examples commitments,examples commitments,5.291260645377966,0,0,False,pilot_logodds_distinctive_ngram
TH077,Strengthening Capacity Building,overlap duplication activities,overlap duplication activities,5.291260645377966,0,0,False,pilot_logodds_distinctive_ngram
TH077,Strengthening Capacity Building,sharing information experiences,sharing information experiences,5.291260645377966,1,1,False,pilot_logodds_distinctive_ngram
TH077,Strengthening Capacity Building,framework agenda,framework agenda,5.291260645377966,0,0,False,pilot_logodds_distinctive_ngram
TH077,Strengthening Capacity Building,development balanced manner,development balanced manner,5.291260645377966,0,0,False,pilot_logodds_distinctive_ngram
TH077,Strengthening Capacity Building,important policy,important policy,5.291260645377966,1,0,False,pilot_logodds_distinctive_ngram
TH077,Strengthening Capacity Building,important international,important international,5.291260645377966,1,0,False,pilot_logodds_distinctive_ngram
TH077,Strengthening Capacity Building,policy directions,policy directions,5.291260645377966,1,0,False,pilot_logodds_distinctive_ngram
TH077,Strengthening Capacity Building,summary table effectiveness,summary table effectiveness,5.291260645377966,0,0,False,pilot_logodds_distinctive_ngram
TH078,Global Partnership Development,accountability frameworks,accountability frameworks,7.205803906087214,1,1,False,pilot_logodds_distinctive_ngram
TH078,Global Partnership Development,level symposium,level symposium,6.837633542797567,1,0,False,pilot_logodds_distinctive_ngram
TH078,Global Partnership Development,high level symposium,high level symposium,6.837633542797567,1,0,False,pilot_logodds_distinctive_ngram
TH078,Global Partnership Development,dcf ethiopia high,dcf ethiopia high,6.58609639736652,1,0,False,pilot_logodds_distinctive_ngram
TH078,Global Partnership Development,ethiopia high,ethiopia high,6.58609639736652,1,0,False,pilot_logodds_distinctive_ngram
TH078,Global Partnership Development,dcf ethiopia,dcf ethiopia,6.58609639736652,1,0,False,pilot_logodds_distinctive_ngram
TH078,Global Partnership Development,existing mechanisms,existing mechanisms,6.58609639736652,1,0,False,pilot_logodds_distinctive_ngram
TH078,Global Partnership Development,agenda national follow,agenda national follow,6.58609639736652,1,0,False,pilot_logodds_distinctive_ngram
TH078,Global Partnership Development,ethiopia high level,ethiopia high level,6.58609639736652,1,0,False,pilot_logodds_distinctive_ngram
TH078,Global Partnership Development,accountability framework,accountability framework,6.375899235513807,1,1,False,pilot_logodds_distinctive_ngram
TH078,Global Partnership Development,broader terms,broader terms,6.24940149318705,1,0,False,pilot_logodds_distinctive_ngram
TH078,Global Partnership Development,concrete elements,concrete elements,6.24940149318705,1,0,False,pilot_logodds_distinctive_ngram
TH078,Global Partnership Development,kharas,kharas,6.24940149318705,1,0,False,pilot_logodds_distinctive_ngram
TH078,Global Partnership Development,active social accountability,active social accountability,6.24940149318705,1,1,False,pilot_logodds_distinctive_ngram
TH078,Global Partnership Development,frameworks place,frameworks place,6.24940149318705,0,0,False,pilot_logodds_distinctive_ngram
TH078,Global Partnership Development,spotlights,spotlights,6.24940149318705,1,0,False,pilot_logodds_distinctive_ngram
TH078,Global Partnership Development,way mirrors,way mirrors,6.24940149318705,1,0,False,pilot_logodds_distinctive_ngram
TH078,Global Partnership Development,accountability frameworks place,accountability frameworks place,6.24940149318705,0,1,False,pilot_logodds_distinctive_ngram
TH078,Global Partnership Development,accountability essentially,accountability essentially,6.24940149318705,0,1,False,pilot_logodds_distinctive_ngram
TH078,Global Partnership Development,accountability exercised multiple,accountability exercised multiple,6.24940149318705,0,1,False,pilot_logodds_distinctive_ngram
TH078,Global Partnership Development,social accountability exercised,social accountability exercised,6.24940149318705,1,1,False,pilot_logodds_distinctive_ngram
TH078,Global Partnership Development,monitoring accountability,monitoring accountability,5.939912566058557,0,2,False,pilot_logodds_distinctive_ngram
TH078,Global Partnership Development,monitoring accountability framework,monitoring accountability framework,5.739019103832286,0,2,False,pilot_logodds_distinctive_ngram
TH078,Global Partnership Development,cooperation forum,cooperation forum,5.739019103832286,1,0,False,pilot_logodds_distinctive_ngram
TH078,Global Partnership Development,national follow,national follow,5.739019103832286,1,0,False,pilot_logodds_distinctive_ngram
TH078,Global Partnership Development,national follow processes,national follow processes,5.739019103832286,0,0,False,pilot_logodds_distinctive_ngram
TH078,Global Partnership Development,follow processes,follow processes,5.739019103832286,0,0,False,pilot_logodds_distinctive_ngram
TH078,Global Partnership Development,schedler,schedler,5.487481958401238,1,0,False,pilot_logodds_distinctive_ngram
TH078,Global Partnership Development,declaration aid effectiveness,declaration aid effectiveness,5.487481958401238,0,0,False,pilot_logodds_distinctive_ngram
TH078,Global Partnership Development,declaration aid,declaration aid,5.487481958401238,0,0,False,pilot_logodds_distinctive_ngram
TH078,Global Partnership Development,paris declaration aid,paris declaration aid,5.487481958401238,0,0,False,pilot_logodds_distinctive_ngram
TH078,Global Partnership Development,aid effectiveness,aid effectiveness,5.487481958401238,1,0,False,pilot_logodds_distinctive_ngram
TH078,Global Partnership Development,accountability exercised,accountability exercised,5.487481958401238,1,1,False,pilot_logodds_distinctive_ngram
TH078,Global Partnership Development,paris declaration,paris declaration,5.487481958401238,1,0,False,pilot_logodds_distinctive_ngram
TH078,Global Partnership Development,york ny united,york ny united,5.150787054221769,2,0,False,pilot_logodds_distinctive_ngram
TH079,Rules Governance International,ragin cc,ragin cc,7.060583277715256,1,0,False,pilot_logodds_distinctive_ngram
TH079,Rules Governance International,fiss pc,fiss pc,6.859684895549025,1,0,False,pilot_logodds_distinctive_ngram
TH079,Rules Governance International,misangyi vf,misangyi vf,6.608142832393473,1,0,False,pilot_logodds_distinctive_ngram
TH079,Rules Governance International,rihoux ragin cc,rihoux ragin cc,6.608142832393473,1,0,False,pilot_logodds_distinctive_ngram
TH079,Rules Governance International,rihoux ragin,rihoux ragin,6.608142832393473,1,0,False,pilot_logodds_distinctive_ngram
TH079,Rules Governance International,nonproﬁt management leadership,nonproﬁt management leadership,6.271443012703458,1,0,False,pilot_logodds_distinctive_ngram
TH079,Rules Governance International,nonproﬁt management,nonproﬁt management,6.271443012703458,1,0,False,pilot_logodds_distinctive_ngram
TH079,Rules Governance International,institutionalization private,institutionalization private,6.271443012703458,0,1,False,pilot_logodds_distinctive_ngram
TH079,Rules Governance International,agree transnational,agree transnational,6.271443012703458,0,0,False,pilot_logodds_distinctive_ngram
TH079,Rules Governance International,journal law economics,journal law economics,6.271443012703458,0,1,False,pilot_logodds_distinctive_ngram
TH079,Rules Governance International,journal law,journal law,6.271443012703458,0,1,False,pilot_logodds_distinctive_ngram
TH079,Rules Governance International,academy management journal,academy management journal,6.129250662418678,0,0,False,pilot_logodds_distinctive_ngram
TH079,Rules Governance International,rihoux,rihoux,5.96196883919839,1,0,False,pilot_logodds_distinctive_ngram
TH079,Rules Governance International,academy management,academy management,5.853632832196318,0,0,False,pilot_logodds_distinctive_ngram
TH079,Rules Governance International,management journal,management journal,5.761751522873768,1,0,False,pilot_logodds_distinctive_ngram
TH079,Rules Governance International,boards directors,boards directors,5.761070457032158,0,0,False,pilot_logodds_distinctive_ngram
TH079,Rules Governance International,comparative analysis qca,comparative analysis qca,5.509528393876606,1,0,False,pilot_logodds_distinctive_ngram
TH079,Rules Governance International,set theoretic,set theoretic,5.509528393876606,1,0,False,pilot_logodds_distinctive_ngram
TH079,Rules Governance International,journal management,journal management,5.509528393876606,0,0,False,pilot_logodds_distinctive_ngram
TH079,Rules Governance International,aguilera rv,aguilera rv,5.451141065579019,1,0,False,pilot_logodds_distinctive_ngram
TH079,Rules Governance International,qualitative comparative analysis,qualitative comparative analysis,5.281948502320092,1,0,False,pilot_logodds_distinctive_ngram
TH079,Rules Governance International,bertjaan verbeek,bertjaan verbeek,5.172828574186592,1,0,False,pilot_logodds_distinctive_ngram
TH079,Rules Governance International,administrative functions performed,administrative functions performed,5.172828574186592,0,0,False,pilot_logodds_distinctive_ngram
TH079,Rules Governance International,fuzzy set analysis,fuzzy set analysis,5.172828574186592,1,0,False,pilot_logodds_distinctive_ngram
TH079,Rules Governance International,globe yearbook,globe yearbook,5.172828574186592,2,0,False,pilot_logodds_distinctive_ngram
TH079,Rules Governance International,public organizations,public organizations,5.172828574186592,2,1,False,pilot_logodds_distinctive_ngram
TH079,Rules Governance International,cornforth,cornforth,5.172828574186592,1,0,False,pilot_logodds_distinctive_ngram
TH079,Rules Governance International,set analysis,set analysis,5.172828574186592,1,0,False,pilot_logodds_distinctive_ngram
TH079,Rules Governance International,management leadership,management leadership,5.172828574186592,1,0,False,pilot_logodds_distinctive_ngram
TH079,Rules Governance International,bundles,bundles,5.172828574186592,2,0,False,pilot_logodds_distinctive_ngram
TH080,Transnational Rules Governance,global framework,global framework,6.467315523195862,3,0,False,pilot_logodds_distinctive_ngram
TH080,Transnational Rules Governance,decision making international,decision making international,6.467315523195862,0,0,False,pilot_logodds_distinctive_ngram
TH080,Transnational Rules Governance,georg,georg,6.467315523195862,2,0,False,pilot_logodds_distinctive_ngram
TH080,Transnational Rules Governance,globe yearbook,globe yearbook,6.467315523195862,2,0,False,pilot_logodds_distinctive_ngram
TH080,Transnational Rules Governance,international operation,international operation,6.467315523195862,0,0,False,pilot_logodds_distinctive_ngram
TH080,Transnational Rules Governance,green globe yearbook,green globe yearbook,6.467315523195862,2,0,False,pilot_logodds_distinctive_ngram
TH080,Transnational Rules Governance,yearbook international operation,yearbook international operation,6.467315523195862,0,0,False,pilot_logodds_distinctive_ngram
TH080,Transnational Rules Governance,green globe,green globe,6.467315523195862,2,0,False,pilot_logodds_distinctive_ngram
TH080,Transnational Rules Governance,bertjaan verbeek,bertjaan verbeek,6.467315523195862,1,0,False,pilot_logodds_distinctive_ngram
TH080,Transnational Rules Governance,international journal,international journal,6.467315523195862,2,0,False,pilot_logodds_distinctive_ngram
TH080,Transnational Rules Governance,international operation environment,international operation environment,6.467315523195862,0,0,False,pilot_logodds_distinctive_ngram
TH080,Transnational Rules Governance,operation environment,operation environment,6.467315523195862,0,0,False,pilot_logodds_distinctive_ngram
TH080,Transnational Rules Governance,operation environment development,operation environment development,6.467315523195862,0,0,False,pilot_logodds_distinctive_ngram
TH080,Transnational Rules Governance,reinalda,reinalda,5.956487764183357,1,0,False,pilot_logodds_distinctive_ngram
TH080,Transnational Rules Governance,international environmental treaty,international environmental treaty,5.956487764183357,2,0,False,pilot_logodds_distinctive_ngram
TH080,Transnational Rules Governance,bertjaan,bertjaan,5.956487764183357,1,0,False,pilot_logodds_distinctive_ngram
TH080,Transnational Rules Governance,journal policy,journal policy,5.956487764183357,0,0,False,pilot_logodds_distinctive_ngram
TH080,Transnational Rules Governance,making international organizations,making international organizations,5.956487764183357,0,0,False,pilot_logodds_distinctive_ngram
TH080,Transnational Rules Governance,protection economic development,protection economic development,5.955665497074854,1,0,False,pilot_logodds_distinctive_ngram
TH080,Transnational Rules Governance,reclaiming paradise,reclaiming paradise,5.955665497074854,2,0,False,pilot_logodds_distinctive_ngram
TH080,Transnational Rules Governance,reclaiming,reclaiming,5.955665497074854,2,0,False,pilot_logodds_distinctive_ngram
TH080,Transnational Rules Governance,knowledge global,knowledge global,5.955665497074854,1,0,False,pilot_logodds_distinctive_ngram
TH080,Transnational Rules Governance,support initiative,support initiative,5.955665497074854,0,0,False,pilot_logodds_distinctive_ngram
TH080,Transnational Rules Governance,shows truly,shows truly,5.955665497074854,0,0,False,pilot_logodds_distinctive_ngram
TH080,Transnational Rules Governance,protection social,protection social,5.955665497074854,1,0,False,pilot_logodds_distinctive_ngram
TH080,Transnational Rules Governance,development democratization,development democratization,5.955665497074854,1,0,False,pilot_logodds_distinctive_ngram
TH080,Transnational Rules Governance,spectrum issues,spectrum issues,5.955665497074854,0,0,False,pilot_logodds_distinctive_ngram
TH080,Transnational Rules Governance,international organizations edited,international organizations edited,5.955665497074854,1,0,False,pilot_logodds_distinctive_ngram
TH080,Transnational Rules Governance,ozone layer science,ozone layer science,5.955665497074854,2,0,False,pilot_logodds_distinctive_ngram
TH080,Transnational Rules Governance,groom,groom,5.955665497074854,2,0,False,pilot_logodds_distinctive_ngram
TH080,Transnational Rules Governance,koenig,koenig,5.955665497074854,1,0,False,pilot_logodds_distinctive_ngram
TH080,Transnational Rules Governance,koenig archibugi,koenig archibugi,5.955665497074854,1,0,False,pilot_logodds_distinctive_ngram
TH080,Transnational Rules Governance,means global,means global,5.955665497074854,1,0,False,pilot_logodds_distinctive_ngram
TH080,Transnational Rules Governance,gpp networks networks,gpp networks networks,5.955665497074854,0,1,False,pilot_logodds_distinctive_ngram
TH080,Transnational Rules Governance,edited bob reinalda,edited bob reinalda,5.955665497074854,0,0,False,pilot_logodds_distinctive_ngram
TH080,Transnational Rules Governance,overcoming stalemate,overcoming stalemate,5.955665497074854,1,0,False,pilot_logodds_distinctive_ngram
TH080,Transnational Rules Governance,nations millennium development,nations millennium development,5.955665497074854,2,0,False,pilot_logodds_distinctive_ngram
TH080,Transnational Rules Governance,edited bob,edited bob,5.955665497074854,0,0,False,pilot_logodds_distinctive_ngram
TH080,Transnational Rules Governance,national international bureaucracies,national international bureaucracies,5.955665497074854,0,0,False,pilot_logodds_distinctive_ngram
TH080,Transnational Rules Governance,context contemporary,context contemporary,5.955665497074854,0,0,False,pilot_logodds_distinctive_ngram
TH080,Transnational Rules Governance,berlin potsdam,berlin potsdam,5.955665497074854,1,0,False,pilot_logodds_distinctive_ngram
TH080,Transnational Rules Governance,harvard law,harvard law,5.955665497074854,2,1,False,pilot_logodds_distinctive_ngram
TH080,Transnational Rules Governance,adequate global,adequate global,5.955665497074854,2,0,False,pilot_logodds_distinctive_ngram
TH080,Transnational Rules Governance,middleton,middleton,5.955665497074854,1,0,False,pilot_logodds_distinctive_ngram
